month,ticker,adj_close,rel_mom_12m_vs_qqq,mom_12m,up_day_volume_ratio_3m,up_day_dollar_volume_ratio_3m,mom_9m,mom_7m,mom_6m,mom_4m_vs_6m,mom_5m_vs_6m,mom_6m_first3m,mom_6m_acceleration,ret_lag_6m,rel_mom_6m_vs_qqq,mom_3m_vs_6m,return_vol_ratio_6m,drawdown_12m,drawdown_12m_abs,ma100_slope_1m,volume_change_3m,dollar_volume_change_3m,volume_ma3_to_12m,mom_5m,core_mom_456_std,ret_lag_5m,price_ma100_ratio,drawdown_change_3m,mom_4m,core_mom_456_avg,core_mom_456_min,core_mom_456_max,ret_lag_4m,volume_change_1m,dollar_volume_change_1m,ma50_slope_1m,mom_6m_last3m,ret_lag_3m,rel_mom_3m_vs_qqq,mom_3m,return_vol_ratio_3m,volatility_6m,volatility_1m_to_6m,volatility_3m_to_6m,avg_abs_daily_return_6m,drawdown_6m,drawdown_6m_abs,recovery_from_6m_low,avg_dollar_volume_6m,dollar_volume_3m_to_6m,large_move_freq_6m,up_big_move_freq_6m,down_big_move_freq_6m,intraday_range_mean_6m,volume_ma1_to_6m,drawdown_change_1m,ma30_slope_1m,price_ma50_ratio,atr_14_to_100d,volume_ratio_3m,ret_lag_2m,ret_lag_6m_std,mom_2m,ma20_slope_1m,volatility_3m,volatility_1m_to_3m,avg_abs_daily_return_3m,ma10_slope_1m,drawdown_3m,drawdown_3m_abs,recovery_from_3m_low,days_since_3m_high_norm,days_since_3m_low_norm,avg_dollar_volume_3m,log_avg_dollar_volume_3m,large_move_freq_3m,up_big_move_freq_3m,down_big_move_freq_3m,intraday_range_mean_3m,price_ma30_ratio,ma5_slope_1m,return_vol_ratio_1m,ret_lag_1m,positive_month_ratio_6m,ret_lag_6m_mean,ret_lag_6m_min,ret_lag_6m_max,rel_mom_1m_vs_qqq,mom_1m,price_ma20_ratio,volatility_1m,avg_abs_daily_return_1m,drawdown_1m,drawdown_1m_abs,recovery_from_1m_low,avg_dollar_volume_1m,price_ma10_ratio,atr_14_to_price,price_ma5_ratio,qqq_mom_1m,qqq_mom_3m,qqq_mom_6m,qqq_mom_12m,source_count,source_weight_sum,theme_count,in_large_cap_core,in_manual_core,trading_day_count_3m,trading_day_count_6m,liquid_vol_score,future_return_1m,future_return_2m,future_return_3m,future_max_return_1_3m,future_max_return_1_3m_pct_rank,monthly_top10_threshold_1_3m,monthly_top5_threshold_1_3m,label_top10_1_3m,label_top5_1_3m,label_boom30_top10_1_3m,label_boom40_top10_1_3m,label_boom50_top5_1_3m,label_mega100_1_3m
2026-09-30,A,172.7899932861328,0.1084289436355308,0.3543241062841538,1.1189035906693072,1.1551839385741995,0.27748579999749556,0.4295385179386555,0.5188834589337858,-0.24151063626389013,-0.02063736093159685,0.1676213928502137,0.13321419326912465,0.0137743465236555,0.22622806200556078,-0.21804787281444749,1.3574808849074445,-0.00028930255043546627,0.00028930255043546627,0.06219312218393758,0.2761824741758514,0.6601035767897709,0.978536673149731,0.498246098002189,0.13387699071089168,0.17291214546950817,0.2553425959094491,0.037901767041480516,0.2773728226698957,0.43150079320195683,0.2773728226698957,0.5188834589337858,-0.018036686342074115,-0.06638464041653103,0.050530048704276354,0.07058348991680896,0.30083558611933836,0.04170739448742222,0.28878268707722965,0.30083558611933836,1.0245742699963876,0.3822399745755273,0.8651590062731281,0.7681564105253393,0.015796775596952466,-0.00028930255043546627,0.00028930255043546627,0.5739964803194926,303227045.8299788,1.092050700894689,0.14285714285714285,0.007936507936507936,0.007936507936507936,0.027726683302369232,0.9495341995587153,0.03392454928230826,0.07202318740659175,0.16163682725924855,1.121052100863302,0.09582820523702407,0.10977815261568535,0.07325076090871481,0.2487533380325304,0.0457080965125094,0.293620086829234,1.1262797451386874,0.014005962125405036,0.0490743798143678,-0.00028930255043546627,0.00028930255043546627,0.3387307932205441,0.015873015873015872,0.8888888888888888,331139307.92885435,19.618049717696024,0.14285714285714285,0.0,0.0,0.027403962145613834,0.1190989300643921,0.07907985296389586,0.37867711049058134,0.12522789810674162,0.8333333333333334,0.07422720847682313,-0.018036686342074115,0.17291214546950817,0.0854436378469825,0.12522789810674162,0.11660034021410826,0.33069835656162894,0.01718702307774282,-0.00028930255043546627,0.00028930255043546627,0.20730854654272002,406426200.28257823,0.07743242682394857,0.027795930388087815,0.028328242227080302,0.03978426025975912,0.012052899042108711,0.29265539692822506,0.245895162648623,1.0,3.0,1.0,1.0,0.0,63.0,126.0,0.4949056603773585,,,,,,,,0,0,0,0,0,0
2026-09-30,AAPL,341.07000732421875,0.09852577379219363,0.3444209364408166,0.9643031132847553,0.9766248189653458,0.2579945399243553,0.29335545981301303,0.3463046760979942,-0.2523991750350849,-0.08712410808340865,0.1412056783594866,0.038515647627379135,0.0691911154734397,0.05364927916976914,-0.16658335011112846,1.2575141235579461,0.0,-0.0,0.04383865237710105,-0.5399384333688684,-0.45725555857832645,1.0463182071180106,0.25918056801458556,0.12820023499952587,0.15108715221843605,0.09471891998874593,0.08197974063658053,0.09390550106290929,0.2331302483918297,0.09390550106290929,0.3463046760979942,-0.07274245453871875,-0.27380845579945057,-0.21829840451904936,0.03447893818694103,0.17972132598686574,0.06756296301144094,0.16766842694475703,0.17972132598686574,0.6368182157313913,0.2753882995112432,0.7904773761375583,1.0247989039187049,0.012840708753075856,0.0,-0.0,0.38538971911544495,15066292440.15778,1.0108930884192062,0.07142857142857142,0.0,0.015873015873015872,0.0222531430013757,0.4172707242026197,0.06750383370495316,0.01866087916817416,0.06007035766644808,0.9065840891372821,-0.5588694920854529,0.026587852979950588,0.07369330620262216,0.10506018554544294,0.0619868550392737,0.2822176274911581,0.7713487720516387,0.012759075624536724,0.08544923899031365,0.0,-0.0,0.21162832020161093,0.0,0.9841269841269841,15230410895.858038,23.44655998292868,0.07936507936507936,0.0,0.015873015873015872,0.022197736086985713,0.05537576771293229,0.08904102367573419,0.3511442100491571,0.07643995819520488,0.8333333333333334,0.0530210978899589,-0.07274245453871875,0.15108715221843605,0.036655697935445763,0.07643995819520488,0.03544064478329312,0.21768822041663158,0.010608962199131655,0.0,-0.0,0.08420758434315667,13920476465.53025,0.014274262009965177,0.01997705605417971,0.00744946992128126,0.03978426025975912,0.012052899042108711,0.29265539692822506,0.245895162648623,2.0,8.0,2.0,1.0,1.0,63.0,126.0,0.5057547169811321,,,,,,,,0,0,0,0,0,0
2026-09-30,ABBV,264.3399963378906,-0.06881729116382251,0.17707787148480048,0.919800895429878,0.9344227821347225,0.1842525280863545,0.15662763701206095,0.2342183352366205,-0.011448159085380327,0.025584435272896888,0.16661747258400572,-0.10867143265124013,-0.020308286242734175,-0.058437061691604564,-0.1762722953038549,0.9015026981053257,-0.006128529064674204,0.006128529064674204,0.05144234430306627,-0.6370701601497206,-0.6160398131569642,0.7175117690719972,0.2598027705095174,0.018960646611609056,0.030285817466402465,0.09535091201893575,0.004370502609716054,0.22277017615124017,0.23893042729912603,0.22277017615124017,0.2598027705095174,0.15579635444256645,-0.41126303592120506,-0.3930788597652538,0.029364133097871115,0.05794603993276559,0.004316355911025971,0.04589314089065688,0.05794603993276559,0.2519342214530204,0.25980880115930166,0.701591146786972,0.8852842516038393,0.012285283188309681,-0.006128529064674204,0.006128529064674204,0.34877656419606407,1413868239.5231216,0.9277679047443624,0.07142857142857142,0.007936507936507936,0.0,0.023025650046643434,0.3903203503111316,0.029777730096651744,0.020585759646034596,0.028367431493662387,0.892997867331521,-0.4600102029248384,0.021837933103582063,0.06128174875597749,0.05339919409466498,0.024812430422479492,0.23000464009440305,0.7925038150355926,0.010733158811859019,0.0169639638843071,-0.006128529064674204,0.006128529064674204,0.08759511630863503,0.4126984126984127,0.8253968253968254,1311741574.166967,20.99462153792001,0.047619047619047616,0.0,0.0,0.02140027163364905,0.01611259669243048,0.0032045538516085603,0.16944718829033706,0.03088675803532115,0.8333333333333334,0.03713582211936065,-0.020308286242734175,0.15579635444256645,-0.00889750222443797,0.03088675803532115,0.016375663398435547,0.18227955475070284,0.008343519393652018,-0.0032804009849487503,0.0032804009849487503,0.06254521117028244,1066484192.5912039,0.001466168281368585,0.019587861947234185,-0.001910543347161786,0.03978426025975912,0.012052899042108711,0.29265539692822506,0.245895162648623,1.0,3.0,1.0,1.0,0.0,63.0,126.0,0.4958490566037736,,,,,,,,0,0,0,0,0,0
2026-09-30,ABNB,157.47000122070312,0.051008177784617414,0.2969033404332404,1.175713064696718,1.2242635011096323,0.1602564088150198,0.16549478579928611,0.24699083578483316,-0.0657590894449509,-0.12509000552016225,0.13319613150785314,-0.032776882700885634,0.11149827341749274,-0.0456645611433919,-0.14657158697786565,0.5962571743291659,-0.17338582036376315,0.17338582036376315,0.04915303908774904,0.6944616336633664,0.8646181980480685,1.3035913937443757,0.12190083026467091,0.0625725244922336,-0.050228006704909345,0.025985515425855477,-0.14573078118412341,0.18123174633988226,0.1833744707964621,0.12190083026467091,0.24699083578483316,0.07343791706708913,-0.2792466735980417,-0.3805423729278007,0.07051183315509668,0.10041924880696751,0.058839956742241295,0.0883663497648588,0.10041924880696751,0.20314426404140679,0.4142354111926895,0.969478089464922,1.1933427035083615,0.01736386969858652,-0.17338582036376315,0.17338582036376315,0.28159841865946045,643765893.2414525,1.2026806178047222,0.1349206349206349,0.023809523809523808,0.015873015873015872,0.030749461192504202,1.2720318675745879,-0.1351706036745407,0.06505037551592396,-0.06265959438240598,1.118425215818834,0.05749116585029901,0.20921327913401933,0.12318456590977739,0.03926872215198074,-0.023448411089355026,0.4943248054815818,0.8124054277239138,0.01944311989100273,-0.12558090830042334,-0.17338582036376315,0.17338582036376315,0.14465357881085938,0.3492063492063492,0.7142857142857143,774244762.2052389,20.467398613094666,0.15873015873015872,0.015873015873015872,0.015873015873015872,0.029248492009445803,-0.1039000458332856,-0.16363116627228513,-0.3499605829229169,-0.14054142467220088,0.6666666666666666,0.043703332497288715,-0.14054142467220088,0.20921327913401933,-0.18032568493196,-0.14054142467220088,-0.0773354663429745,0.40159215503180495,0.019314306009957368,-0.1687166377595718,0.1687166377595718,0.05274768881578118,878051431.1277117,-0.03138300211318068,0.03582178204061209,0.0003303431206529428,0.03978426025975912,0.012052899042108711,0.29265539692822506,0.245895162648623,1.0,3.0,1.0,1.0,0.0,63.0,126.0,0.6692452830188679,,,,,,,,0,0,0,0,0,0
2026-09-30,ABT,101.29000091552734,-0.4721816641185075,-0.2262865014698845,1.2740079771700321,1.2800983650124433,-0.1765311799053081,-0.11772732839826716,-0.00017117825161105937,0.1919052121521131,0.12377988943573948,-0.11065284508345641,0.2348806747010289,-0.11016280685942059,-0.2928265751798361,0.12439900786918356,-0.0005704575178034465,-0.2300230442996416,0.2300230442996416,0.02239474501492289,-0.22321900789334503,-0.12672119115575053,0.8328607151621099,0.12360871118412842,0.09728834383340541,-0.057164871337442524,0.03469579331118,-0.013528831313222023,0.19173403390050203,0.1050571889443398,-0.00017117825161105937,0.19173403390050203,0.060046729412394084,-0.27190586650703386,-0.33174469880190316,0.05633180850563235,0.1242278296175725,0.17317481573336702,0.1121749305754638,0.1242278296175725,0.39400616594413973,0.3000718655969042,0.6386437219983413,1.0507287148948505,0.013458301930205098,-0.13182478353301075,0.13182478353301075,0.23561570527526676,1097579438.7681508,0.9227026784602491,0.07936507936507936,0.007936507936507936,0.007936507936507936,0.02305388299116325,0.5919116109482585,-0.07774063458619662,0.00029963699548685163,-0.05341578640940803,0.851797651276867,-0.16851756244325367,0.0440870747081592,0.10730160069507795,-0.04172181797577801,-0.050648640792306576,0.3152941257147354,0.6078102872274241,0.013254939823255638,-0.0991842956147102,-0.13182478353301075,0.13182478353301075,0.14672250442449597,0.36507936507936506,0.8253968253968254,1012739487.9742697,20.735924861295874,0.047619047619047616,0.015873015873015872,0.0,0.02315863972391747,-0.061622781605552235,-0.11279599298826826,-0.4288561599707188,-0.08218557126370174,0.5,0.004632561732225908,-0.11016280685942059,0.17317481573336702,-0.12196983152346086,-0.08218557126370174,-0.03544815571879523,0.1916390131117929,0.010616737392112505,-0.09940428722177164,0.09940428722177164,0.0021767212958088145,922335276.378341,-0.011650594010568005,0.0210287397459063,-0.011843439561819213,0.03978426025975912,0.012052899042108711,0.29265539692822506,0.245895162648623,1.0,3.0,1.0,1.0,0.0,63.0,126.0,0.5242452830188679,,,,,,,,0,0,0,0,0,0
2026-09-30,ACGL,94.66000366210938,-0.20257982968522525,0.043315332963397735,0.9926923979046677,1.0064320508476878,-0.013135889604758977,-0.054817751174481066,-0.013855549862056393,0.07340342922504728,0.015972896671025416,0.011146991547419383,-0.035873902291833404,-0.01593914796693985,-0.30651094679028146,-0.010871360882357628,-0.06271011779981225,-0.11100675546752359,0.11100675546752359,0.000790638968096502,1.416425242473863,1.3566745111826628,1.2266138235707675,0.002117346808969023,0.03860367624872521,-0.05420286678177255,-0.022448732646014657,-0.09289850111083842,0.059547879362990885,0.01593655876996784,-0.013855549862056393,0.059547879362990885,0.08641147903684154,0.010508572783059833,-0.024627862772536813,-0.004327199791124725,-0.02472691074441402,0.035751095281125744,-0.03677980978652273,-0.02472691074441402,-0.1151456567835394,0.22094600278518176,0.7531401412036854,0.9719326037142137,0.010428861279791823,-0.11100675546752359,0.11100675546752359,0.08034696068075586,236912581.9186256,1.0599671556981938,0.05555555555555555,0.0,0.0,0.019553822700406148,1.1676261291647858,-0.032024755120303006,-0.025312209091828075,-0.042381603419221925,0.9149336871694007,0.22740941372176837,-0.024470298561062642,0.052414163399336355,-0.058390482328309457,-0.02476234999504101,0.21474462376724962,0.7748892652901869,0.010273629296831628,-0.032211938345064084,-0.11100675546752359,0.11100675546752359,0.0,0.6666666666666666,0.0,251119555.60540092,19.34143970482821,0.047619047619047616,0.0,0.0,0.019251295862001857,-0.03102966257036155,-0.05098578318829283,-0.20895643748783077,-0.03477104153488453,0.3333333333333333,-0.0012034634211153805,-0.05420286678177255,0.08641147903684154,-0.07455530179464365,-0.03477104153488453,-0.02256178085329197,0.16640330373602166,0.007799124195287562,-0.05178802037582497,0.05178802037582497,0.0,412838750.1837231,-0.015107331623376963,0.01950588739796137,-0.004773180364055718,0.03978426025975912,0.012052899042108711,0.29265539692822506,0.245895162648623,1.0,3.0,1.0,1.0,0.0,63.0,126.0,0.20518867924528303,,,,,,,,0,0,0,0,0,0
2026-09-30,ACN,176.11000061035156,-0.5170264932634001,-0.2711313306147771,1.008592720791148,1.0406486308788896,-0.33008187927160737,-0.1388510124420862,-0.0935547727102265,0.04628677048770291,0.09085533605776985,-0.36711230209016044,0.7993493803006847,-0.09110125813305914,-0.38621016963845156,0.5257918509207508,-0.17992419753734443,-0.3770741625089864,0.3770741625089864,0.0008215028774951616,-0.5484414260223589,-0.35326106736535257,1.0030304628453897,-0.0026994366524566438,0.04543037575845214,0.046779750941540854,0.05915937137646532,0.27979690695421044,-0.047268002222523586,-0.04784073719506891,-0.0935547727102265,-0.0026994366524566438,-0.3347944887952171,0.18266571292322364,0.0975930936657341,0.13920721750254894,0.43223707821052426,0.3493655815717358,0.42018417916841555,0.43223707821052426,0.917340501379665,0.5199677085724315,0.8334587638485718,0.9061812604229955,0.023353041154696132,-0.10724179826319125,0.10724179826319125,0.43223707821052426,1110304194.9609907,0.9605939061719762,0.2698412698412698,0.07936507936507936,0.047619047619047616,0.038914590186621134,0.6422213158797672,-0.09687179174178684,0.10055666083208448,0.004453344879693288,0.9678166248751057,-0.19753765510993193,0.1436836825035157,0.23244646144549716,0.06141515521854357,0.05221474866820186,0.47118499353342275,0.919748399409101,0.02353767240751675,0.02970719760399776,-0.09687179174178684,0.09687179174178684,0.43223707821052426,0.14285714285714285,0.9682539682539683,1066551443.6767094,20.78769633163375,0.31746031746031744,0.1111111111111111,0.015873015873015872,0.04000263378684574,-0.04286828736412762,-0.015844238906731034,-0.16598441299772312,-0.07193293787744426,0.5,0.007000055035178643,-0.3347944887952171,0.3493655815717358,-0.11171719813720338,-0.07193293787744426,-0.05013604218460943,0.43337164362795316,0.021125859467017827,-0.09687179174178684,0.09687179174178684,0.0017633535450081173,896415609.0997605,-0.05138190059339709,0.04150815287604171,-0.02902291069621632,0.03978426025975912,0.012052899042108711,0.29265539692822506,0.245895162648623,1.0,3.0,1.0,1.0,0.0,63.0,126.0,0.8339622641509434,,,,,,,,0,0,0,0,0,0
2026-09-30,ADBE,235.47000122070312,-0.5783685822922711,-0.33247341964364807,1.0973540219164974,1.1143675206154193,-0.32720932657811785,-0.10266377830662043,-0.03130656801475862,-0.06027937009322215,-0.011887274403681758,-0.15657395619507286,0.3050960336201408,0.01242391085120964,-0.3239619649429837,0.17982864543982657,-0.06602976393141047,-0.3465882165241547,0.3465882165241547,0.01571796946053383,-0.5035170268761464,-0.42977834430161743,0.9400704894046248,-0.043193842418440376,0.031928839306625045,0.05327096719391444,-0.03566487130217433,0.05606198909070004,-0.09158593810798077,-0.05536211618039325,-0.09158593810798077,-0.03130656801475862,-0.20905824994793265,-0.40227744066364546,-0.5192946218484809,0.08781621471715906,0.14852207742506796,0.22139302723517407,0.13646917838295924,0.14852207742506796,0.30973659849005114,0.4741281226944692,0.9947679689590665,1.0113530173357113,0.02357478887109214,-0.19577173281657356,0.19577173281657356,0.21746547108325043,1374174742.040495,0.9574720773823646,0.2857142857142857,0.06349206349206349,0.047619047619047616,0.03589357746156477,0.5170984542033873,-0.19577173281657356,0.03735999281313873,-0.08526209445402799,0.8648772358989819,-0.3286675581244878,0.1692424594186659,0.18013323241595972,-0.0596621629444386,-0.016798307483995134,0.4795109074907677,0.9836011282980734,0.024207677557880926,-0.080520442610297,-0.19577173281657356,0.19577173281657356,0.14852207742506796,0.2857142857142857,0.9682539682539683,1315733944.9478877,20.997660480678075,0.3333333333333333,0.07936507936507936,0.031746031746031744,0.036588927683718145,-0.10670680828823775,-0.12275557765174394,-0.4150806384403048,-0.19577173281657356,0.6666666666666666,0.008583396989076305,-0.20905824994793265,0.22139302723517407,-0.23555599307633268,-0.19577173281657356,-0.09328774100067583,0.4716474696391522,0.02374266148951259,-0.19577173281657356,0.19577173281657356,0.0,1461853443.654887,-0.0498767305022626,0.03777552612406984,-0.02120778352750252,0.03978426025975912,0.012052899042108711,0.29265539692822506,0.245895162648623,2.0,8.0,2.0,1.0,1.0,63.0,126.0,0.8324528301886793,,,,,,,,0,0,0,0,0,0
2026-09-30,ADI,393.6000061035156,0.37609417138360146,0.6219893340322245,0.9416563316416807,0.952269548082029,0.46430741556337773,0.11616449518800342,0.2443597321538491,-0.2877797969855316,-0.2602186340456837,0.25183217048235385,-0.2578013718694899,0.26441191669152664,-0.04829566477437597,-0.2503289335409852,0.5918479889603094,-0.113766718117158,0.113766718117158,0.00044156300524123004,-0.6207354143842486,-0.6229993210747977,0.753306949665313,-0.015858901891834587,0.15879261462687322,0.028812190102020407,0.01125539105011919,0.10247564446718727,-0.04342006483168248,0.06169358847677734,-0.04342006483168248,0.2443597321538491,-0.03767575762924835,-0.1075811487909375,-0.02709933256863728,-0.03162091716030291,-0.0059692013871360805,-0.07493008635496057,-0.01802210042924479,-0.0059692013871360805,-0.01825342043652931,0.41287583418693746,0.8338479924633699,0.7920498388148748,0.019769457138258416,-0.113766718117158,0.113766718117158,0.30610551238434525,1583190150.3342159,0.9009288064429787,0.2222222222222222,0.03968253968253968,0.023809523809523808,0.030473896387331847,0.6028672926690677,0.18110989743882933,-0.010939036023164705,0.05676424143523606,0.7785664752683373,-0.15510919632422027,-0.014343663045765731,0.12260084372924776,0.0745466736628575,-0.01941072044050207,0.3270182379183208,1.0527721256922882,0.015857293079419778,-0.00043799183362336347,-0.0059692013871360805,0.0059692013871360805,0.11724033563246739,0.9682539682539683,0.6507936507936508,1426341612.512885,21.07837869091666,0.1746031746031746,0.015873015873015872,0.0,0.0285985343027633,0.060992931550886365,0.04341218557816395,0.26195258058734866,0.09018390424323997,0.5,0.04274308400113539,-0.07493008635496057,0.26441191669152664,0.050399643983480846,0.09018390424323997,0.0671596162402679,0.344275685473417,0.015409586652495113,0.0,-0.0,0.11023360685125327,1254718963.640195,0.047479917945050465,0.028870861257059052,0.017154156222504824,0.03978426025975912,0.012052899042108711,0.29265539692822506,0.245895162648623,1.0,3.0,1.0,1.0,0.0,63.0,126.0,0.7795283018867925,,,,,,,,0,0,0,0,0,0
2026-09-30,ADM,81.12000274658203,0.15166318253086342,0.3975583451794864,0.8542168813303418,0.8596573784888437,0.44011915300756654,0.1902243541845563,0.1304593056654053,-0.10720960838004978,-0.02805666750375746,0.057968280977038766,0.01055080980460632,0.025450472025851267,-0.16219609126281975,-0.061940214883760225,0.47626467956225277,-0.0791235541045261,0.0791235541045261,0.03844068663580025,0.07945592889367714,0.15341926768032788,1.2656593202947912,0.10240263816164785,0.05559715935457175,0.0773544728000235,0.008044812258658718,0.012542148765330663,0.02324969728535553,0.08537054703746956,0.02324969728535553,0.1304593056654053,-0.042366480755317015,-0.40908253160824215,-0.41031829106811446,0.03413489881822107,0.06851909078164509,0.03756542851816613,0.056466191739536375,0.06851909078164509,0.2435303544982899,0.27392185745395575,1.0872712546680787,1.0271451091178505,0.013695563511803175,-0.0791235541045261,0.0791235541045261,0.22738014570329956,292949232.9145886,1.026506479178589,0.0873015873015873,0.007936507936507936,0.0,0.028125572161829825,0.6400686743259835,-0.01597579322755971,0.025158920334599877,-0.014256755433761925,1.0307361383354927,-0.4070096482845781,0.031991131041171794,0.04034542006727262,0.02983297381803318,0.06359648180683797,0.28135749616430766,1.0585371482729122,0.013238185962809356,0.04950443342128996,-0.0791235541045261,0.0791235541045261,0.06851909078164509,0.09523809523809523,0.9682539682539683,300714285.6572227,19.5216711581611,0.12698412698412698,0.015873015873015872,0.0,0.027667282118541005,-0.022862455072953036,0.02869229951679686,-0.007021704050262839,-0.002091255591471386,0.6666666666666666,0.021317294673070714,-0.042366480755317015,0.0773544728000235,-0.041875515851230505,-0.002091255591471386,-0.039215423071640276,0.2978273616349731,0.013532898944334732,-0.0791235541045261,0.0791235541045261,0.025537349069884252,324152557.6114473,-0.03679688376386936,0.02998204558350792,-0.012826396297870968,0.03978426025975912,0.012052899042108711,0.29265539692822506,0.245895162648623,1.0,3.0,1.0,1.0,0.0,63.0,126.0,0.34896226415094334,,,,,,,,0,0,0,0,0,0
2026-09-30,ADP,263.6700134277344,-0.32145745799229153,-0.07556229534366854,1.014593093989576,1.02255026463193,0.04801088192315217,0.2576032954096792,0.3159302862732116,-0.11068901207588677,-0.05439060272187057,0.11058712989770525,0.07430890468394935,0.04311446039395017,0.02327488934498656,-0.13103425169155702,1.0282712472537021,-0.07695336049573942,0.07695336049573942,0.0676709593058269,-0.6622858418438529,-0.5998438331786995,0.6242572733944085,0.26153968355134105,0.05534724617445831,0.04671131877018575,0.07065926288497737,-0.04233834200220665,0.20524127419732485,0.2609037480072925,0.20524127419732485,0.3159302862732116,0.01717048502306251,-0.22871526892684169,-0.2847841964620622,0.06955830142484487,0.1848960345816546,0.18981914779453857,0.1728431355395459,0.1848960345816546,0.631737697473735,0.30724411201518614,0.7220100538891481,0.9525926691587062,0.014380288400200582,-0.07695336049573942,0.07695336049573942,0.41623346117771787,618409419.7348579,0.9786796610276656,0.1349206349206349,0.023809523809523808,0.0,0.023775469784741213,0.44039735099337746,-0.07236170521677787,0.03168982631397932,-0.019069639954337636,0.8295216740084547,-0.3115602662065565,0.07393234796827075,0.08521937270729918,-0.00413769876036163,0.003350964377773602,0.2926784887478427,0.7579420640794979,0.013917062634368673,-0.018725789788019087,-0.07695336049573942,0.07695336049573942,0.1848960345816546,0.30158730158730157,0.9682539682539683,605224721.2824261,20.221110388816825,0.14285714285714285,0.015873015873015872,0.0,0.022368683711210455,-0.036755044755140354,-0.048783355466603506,-0.3277032144056772,-0.07269549788339091,0.8333333333333334,0.049675377011102806,-0.07269549788339091,0.18981914779453857,-0.11247975814315003,-0.07269549788339091,-0.032787384601568714,0.221833337873208,0.010424272776110825,-0.07695336049573942,0.07695336049573942,0.002128494193877062,602279521.2057931,-0.023390140816493377,0.02027462029174223,-0.008789165236494534,0.03978426025975912,0.012052899042108711,0.29265539692822506,0.245895162648623,1.0,3.0,1.0,1.0,0.0,63.0,126.0,0.5808490566037736,,,,,,,,0,0,0,0,0,0
2026-09-30,ADSK,209.3999938964844,-0.586720594558267,-0.340825431909644,0.991943801962868,1.012422848162258,-0.2925915104618142,-0.1483304264244225,-0.12531328640288886,0.03059189998050027,0.00885756444712682,-0.18788636956686078,0.26493603456336967,-0.010025037417177862,-0.4179686833311139,0.20236295139939775,-0.2804292924417217,-0.3525647013621428,0.3525647013621428,-0.009364008741342689,-0.17755289788408468,-0.11418362418870387,0.775546343070503,-0.11645572195576204,0.01574114636565159,-0.024008449119857667,-0.07683520198019522,-0.0005651327490733271,-0.09472138642238859,-0.11216346492701317,-0.12531328640288886,-0.09472138642238859,-0.15948294401025065,0.029671474798442343,-0.16600316575932972,0.04824146447292432,0.0770496649965089,0.20460857501258278,0.06499676595440018,0.0770496649965089,0.1667734685051308,0.4468623277966985,1.208330890641129,1.0338797998959173,0.02136811678711283,-0.2261068656659182,0.2261068656659182,0.11549111727466932,528056883.50326294,0.9299309759865046,0.24603174603174602,0.03968253968253968,0.031746031746031744,0.03563783415684472,0.649469557195572,-0.18157294449303618,-0.015984108829457888,-0.10389742877089203,0.796857713655625,-0.0030975096022797244,0.10388557706271695,0.15095914652254735,-0.10589241406881211,-0.09098319329144455,0.4620019340434744,1.1687344029381115,0.022125553061184418,-0.12999734156443077,-0.2261068656659182,0.2261068656659182,0.0770496649965089,0.31746031746031744,0.9682539682539683,491056453.0525813,20.012069656853196,0.23809523809523808,0.06349206349206349,0.015873015873015872,0.03523790770390511,-0.10535507445561887,-0.14928276456330947,-0.35194616836173925,-0.19003599239852242,0.3333333333333333,-0.012509711811751478,-0.19003599239852242,0.20460857501258278,-0.22982025265828154,-0.19003599239852242,-0.06820899451092055,0.5399575545405528,0.02589412128812797,-0.2261068656659182,0.2261068656659182,0.013454645460233339,557521459.4186692,-0.04283038968270647,0.03503548402456369,-0.027286180187109266,0.03978426025975912,0.012052899042108711,0.29265539692822506,0.245895162648623,1.0,3.0,1.0,1.0,0.0,63.0,126.0,0.7068867924528301,,,,,,,,0,0,0,0,0,0
2026-09-30,AEE,99.38999938964844,-0.2666262260633394,-0.020731063414716422,0.8431593945345992,0.8477382234906555,0.016276499375438958,-0.10411922698371934,-0.08296345530198257,0.016562169229002888,-0.030097216683995454,0.035633310288769815,-0.15014948547599272,0.03393379426683807,-0.37561885223020763,-0.03155271988524033,-0.4430377513991786,-0.15403065900721802,0.15403065900721802,-0.012727668467435782,0.3288436268068331,0.17666953724299717,1.1539764326358708,-0.11306067198597802,0.02365461968788765,-0.049977988633610804,-0.07946683505437324,-0.08513442472257171,-0.06640128607297968,-0.08747513778698009,-0.11306067198597802,-0.06640128607297968,0.05433740037477963,0.9364876725444826,0.8284399575623029,-0.031009123149882023,-0.1145161751872229,-0.03034323864266253,-0.1265690742293316,-0.1145161751872229,-0.6697597792646347,0.18726046491517198,0.6159681972791954,0.9130649535686319,0.009404194145333918,-0.15403065900721802,0.15403065900721802,0.001915347250518229,181172206.01114544,0.9413706615792383,0.015873015873015872,0.0,0.0,0.017208889507582485,1.0310767466066233,-0.0257192371484688,-0.03648120009319722,-0.06823649037945267,0.7951115477069418,0.13078320831197865,-0.03284376632204522,0.046107068520177895,-0.08680694024835567,-0.038194774701559964,0.17098096770301194,0.6746159677597298,0.008667290292433634,-0.054189550915836215,-0.12975916287445144,0.12975916287445144,0.001915347250518229,0.9365079365079365,0.015873015873015872,170550199.43248203,18.954540242040682,0.015873015873015872,0.0,0.0,0.01658169175585696,-0.052605709083491825,-0.05828640601555435,-0.483722693962791,-0.055795715363479936,0.3333333333333333,-0.013448252386696799,-0.055795715363479936,0.05433740037477963,-0.09557997562323906,-0.055795715363479936,-0.04124457131181425,0.1153464909954625,0.005976702287697559,-0.06877170183100456,0.06877170183100456,0.001915347250518229,166449846.25233242,-0.023654697912573908,0.0156454567823249,-0.009704680462204851,0.03978426025975912,0.012052899042108711,0.29265539692822506,0.245895162648623,1.0,3.0,1.0,1.0,0.0,63.0,126.0,0.09283018867924528,,,,,,,,0,0,0,0,0,0
2026-09-30,AEP,118.3499984741211,-0.161259830742557,0.08463533190606598,0.9073569137771211,0.9002961931223883,0.04992485825811932,-0.10239796125613598,-0.08363513813669055,0.025066027886554654,-0.04030113799705126,0.05129370232795538,-0.17963922572057467,0.04600251887978368,-0.3762905350649156,-0.04471038525592874,-0.4328795785342968,-0.1401611837732918,0.1401611837732918,-0.017327207918839127,-0.3905770296377278,-0.4687937397363583,1.1624797533504687,-0.12393627613374181,0.03297815906910147,-0.06943384436957845,-0.07218915890911315,-0.12548828152832203,-0.05856911025013589,-0.08871350817352275,-0.12393627613374181,-0.05856911025013589,0.08005054183174076,-0.019233086693499768,-0.05191732088572343,-0.03738275274243685,-0.1283455233926193,-0.06549226509439965,-0.140398422434728,-0.1283455233926193,-0.7421062766673692,0.19320647654452514,0.6112356599577429,0.8951440722700701,0.009461334758874564,-0.1401611837732918,0.1401611837732918,0.006634335130743407,537806709.0266153,0.9644760059424746,0.023809523809523808,0.0,0.0,0.017768234097102115,0.8145605220489621,-0.02852465053225095,-0.035634201694444645,-0.05214315413799875,0.7899424270796847,-0.12433560715284797,-0.03510277262189132,0.06161409145969705,-0.06725814666966745,-0.02474885507581137,0.172947632203018,0.6828349523754983,0.008536369646222437,-0.036236412929399386,-0.13904372201279125,0.13904372201279125,0.006634335130743407,0.9365079365079365,0.015873015873015872,518701666.6910565,20.066839454452484,0.015873015873015872,0.0,0.0,0.018021113871666473,-0.035019782554448375,-0.032745026242883335,-0.2821903404952483,-0.0333251802735004,0.3333333333333333,-0.012883500274640894,-0.06943384436957845,0.08005054183174076,-0.07310944053325952,-0.0333251802735004,-0.02877964742476513,0.11809468819880299,0.006149641036420224,-0.056370593191212515,0.056370593191212515,0.006634335130743407,476599206.42336893,-0.01356094874293523,0.016247198537771648,-0.00482661661254169,0.03978426025975912,0.012052899042108711,0.29265539692822506,0.245895162648623,1.0,3.0,1.0,1.0,0.0,63.0,126.0,0.2777358490566037,,,,,,,,0,0,0,0,0,0
2026-09-30,AES,14.869999885559082,-0.05970653200532006,0.18618863064330293,0.9214070929190505,0.922246650611285,0.07491480209281387,-0.1184087700441635,0.08118510172961746,-0.05539435736394771,-0.02693608737983766,0.05328310559370575,-0.026792605567899086,0.025550023773511343,-0.2114702951986076,-0.0546946017038108,2.0525768636646666,-0.1184087700441635,0.1184087700441635,0.010239131196654094,-0.14556448273005884,-0.1229300586377694,0.8440899451071059,0.0542490143497798,0.027700664136405036,0.027742763463622477,0.01878091240499602,0.004752180938519368,0.02579074436566975,0.05374162014835567,0.02579074436566975,0.08118510172961746,-0.0006816971614633793,-0.4326476735232647,-0.42764388325762204,0.008583736104261774,0.026490500025806663,0.013374644896462895,0.014437600983697951,0.026490500025806663,0.8744756355321116,0.03955277055236302,0.5711432123756001,0.7658884713610459,0.0018919342935408495,0.0,-0.0,0.08813561214552323,126962910.8378645,0.8954024020662247,0.0,0.0,0.0,0.004268639984501593,0.6494115869525072,0.002031190637488356,0.00608447026264769,0.008664929092527363,0.7237490575455671,-0.3711814882696458,0.004087156995577823,0.011480100935769786,0.01294275043824844,0.005760406805338292,0.0302930109764435,0.7457263475459192,0.0015252720399574324,0.005834085368389141,0.0,-0.0,0.03283125391393926,0.0,0.9206349206349206,113682895.33754379,18.5489235194154,0.0,0.0,0.0,0.00346622406446414,0.00574906183055135,0.005830512612552852,0.39041305181170705,0.008819546571204429,0.8333333333333334,0.01314873975648593,-0.0006816971614633793,0.027742763463622477,-0.03096471368855469,0.008819546571204429,0.004322561354587862,0.02259029643163165,0.0012232082950045678,0.0,-0.0,0.009504436366160274,112355473.95860127,0.002900097390298173,0.002882113933801248,0.002291710999194674,0.03978426025975912,0.012052899042108711,0.29265539692822506,0.245895162648623,1.0,3.0,1.0,1.0,0.0,63.0,126.0,0.042547169811320756,,,,,,,,0,0,0,0,0,0
2026-09-30,AFL,113.72000122070312,-0.20652657515294792,0.03936858749567507,0.9315049033973445,0.950051757299379,0.04738340149584164,0.01730777053321897,0.04716589169898677,-0.030507517853601618,-0.036480863851681145,0.07426081600141399,-0.09948273967101151,0.03609518578640003,-0.2454895052292383,-0.0723878153685843,0.26719171435234607,-0.11777129812762,0.11777129812762,0.006269058740723699,-0.27174486030574596,-0.29011285585110647,0.8378650442171117,0.010685027847305628,0.019567161842252826,-0.005875470218659751,-0.03761484569667517,-0.09363480521484768,0.016658373845385155,0.024836431130559184,0.010685027847305628,0.04716589169898677,0.042963930490356406,-0.5697490332459578,-0.5776595502035498,-0.011056726782491366,-0.025221923669597524,0.08724950675817666,-0.037274822711706235,-0.025221923669597524,-0.1441929439051185,0.17652452963713183,0.7195438692542826,0.9908984188208524,0.008688493878642909,-0.11777129812762,0.11777129812762,0.07964064873290488,266323967.49451652,0.9326420623426078,0.007936507936507936,0.0,0.0,0.017180784609073876,0.4746901590604315,-0.01652431139380406,-0.04751563355951138,-0.04978709785491786,0.8814803432374259,-0.3415767524988417,-0.08665320247196318,0.06021819816748473,-0.10344583256066697,-0.043943625106304895,0.17491787730052863,0.7261530098216568,0.008392400140469266,-0.02228166612453042,-0.11777129812762,0.11777129812762,0.0,0.6666666666666666,0.0,248384934.29535154,19.330490259225364,0.015873015873015872,0.0,0.0,0.015599033604245038,-0.024528360975459185,-0.019398337059227666,-0.14475069941494179,-0.018385820297561528,0.5,0.00923235500779144,-0.08665320247196318,0.08724950675817666,-0.05817008055732065,-0.018385820297561528,-0.018762743265227422,0.12701714307339412,0.006622425487733909,-0.0392024278955827,0.0392024278955827,0.0,271175401.3755072,-0.0171471999164845,0.016023055753234674,-0.007228409662222934,0.03978426025975912,0.012052899042108711,0.29265539692822506,0.245895162648623,1.0,3.0,1.0,1.0,0.0,63.0,126.0,0.13528301886792451,,,,,,,,0,0,0,0,0,0
2026-09-30,AIG,74.16999816894531,-0.2782726990518771,-0.03237753640325414,1.0903633191470723,1.100212034441783,-0.11629696667355094,-0.06074295874359037,-0.0012296607445215768,0.013724190326024455,0.006008702292385704,-0.0029863629811809345,0.004748327082205628,-0.005980123035935647,-0.29388505767274664,0.00299162484554627,-0.005773057411050513,-0.12691078999961114,0.12691078999961114,-0.0009547825144486932,-0.0993210654050567,-0.09773410145575112,0.7902206946103134,0.004779041547864127,0.006879760884176707,-0.007620276266408821,-0.02570629250876333,-0.03139768883529748,0.012494529581502878,0.005347970128281809,-0.0012296607445215768,0.012494529581502878,0.010713688346222439,-0.2012967553872559,-0.21906451356387213,-0.0076705507358661995,0.0017619641010246934,0.05434060510622318,-0.010290934941084018,0.0017619641010246934,0.008830240364321755,0.21299991615670033,0.6187956492660023,0.9367961510177539,0.010324600991599646,-0.07893760731513189,0.07893760731513189,0.03594021313177764,298781434.112567,0.925811992219081,0.031746031746031744,0.007936507936507936,0.0,0.01960508991143104,0.596917480505202,-0.020955910114271448,-0.026925329421838007,-0.03220843760663783,0.8716967842550304,-0.1354512748933494,-0.028251461611085382,0.029847550004026398,-0.049868743317441844,-0.0208900480533869,0.19953750162270117,0.660544611112813,0.009760326440907328,-0.006916208432649507,-0.07893760731513189,0.07893760731513189,0.0017619641010246934,0.9047619047619048,0.9682539682539683,276615434.7538297,19.438138780966252,0.031746031746031744,0.0,0.0,0.01803936978673551,-0.017426183808650242,-0.015239448923624943,-0.1687798132536375,-0.022245756852072307,0.3333333333333333,0.00015944594782391075,-0.028251461611085382,0.05434060510622318,-0.062030017111831426,-0.022245756852072307,-0.015063531887905879,0.13180342141178944,0.0071257873240174316,-0.02949022533062251,0.02949022533062251,0.0,325300883.2599095,-0.014532868015781575,0.018209575258851092,-0.009190761341169695,0.03978426025975912,0.012052899042108711,0.29265539692822506,0.245895162648623,1.0,3.0,1.0,1.0,0.0,63.0,126.0,0.23745283018867924,,,,,,,,0,0,0,0,0,0
2026-09-30,AIZ,265.0,-0.004659888034080684,0.2412352746145423,0.9365484652344835,0.9437770062864655,0.11195612268509492,0.16177088876572743,0.22460391202474805,-0.15283565584267067,-0.0956795079231354,0.23709375725623927,-0.24718987580685958,0.08475280326611068,-0.06805148490347701,-0.23470003057536837,1.0429802946281173,-0.11854991618960264,0.11854991618960264,0.04420293306698664,0.05290396779758488,0.04227372451628186,0.9824091137543978,0.12892440410161266,0.07722276345986806,0.05332883073355865,-0.01602712873870371,-0.11854991618960264,0.07176825618207738,0.1417655241028127,0.07176825618207738,0.22460391202474805,0.08269931683956533,0.3292196007259529,0.24970982934319808,0.014663033185004615,-0.010096118550620314,0.03969763627434486,-0.022149017592729026,-0.010096118550620314,-0.04499513202293172,0.21534818364409494,0.7999862924015294,1.0419519649467155,0.009998151905709437,-0.11854991618960264,0.11854991618960264,0.2506140719142842,102384273.76463148,1.01108662035058,0.023809523809523808,0.007936507936507936,0.0,0.02037424698879085,0.8509023313453644,-0.05608013396670508,-0.0021512668137295687,-0.056019218197776,1.040813280860369,-0.06326739427012273,0.01268300491814145,0.054027779632485035,-0.04789253441355923,-0.014854005131554993,0.22438246309567086,0.7677765571874899,0.009743599774600388,-0.02137485543232087,-0.11854991618960264,0.11854991618960264,0.011991196914724611,0.5714285714285714,0.015873015873015872,103519369.3377298,18.4552693061803,0.015873015873015872,0.015873015873015872,0.0,0.019914377158676156,-0.05549831684172757,-0.05679267558740364,-0.3472162236677168,-0.05981688152907949,0.8333333333333334,0.03555745175044025,-0.05981688152907949,0.08475280326611068,-0.09960114178883861,-0.05981688152907949,-0.05206148533266519,0.17227559500884318,0.009392120020226638,-0.07893362111000579,0.07893362111000579,0.011991196914724611,104389206.89828055,-0.04029666065562687,0.022781684649279817,-0.012880955911444225,0.03978426025975912,0.012052899042108711,0.29265539692822506,0.245895162648623,1.0,3.0,1.0,1.0,0.0,63.0,126.0,0.12669811320754715,,,,,,,,0,0,0,0,0,0
2026-09-30,AJG,231.1000061035156,-0.49100750283889694,-0.24511234019027395,1.1421804668690465,1.162199304027164,-0.0988849769797363,0.021908866983440634,0.073454456484906,0.08257335039958447,0.052944583217365615,0.06350612633736441,-0.054151850042028826,-0.047003398752328396,-0.21920094044331906,-0.06410018018957042,0.22668755368194965,-0.2469115925145886,0.2469115925145886,0.029051265954742833,-0.09347944541987041,-0.08499960168492715,0.7128911327543659,0.12639903970227162,0.04183170833433102,-0.025629804928368305,-0.014851913793016758,-0.14806614332749313,0.15602780688449047,0.11862710102388936,0.073454456484906,0.15602780688449047,0.14531422121427529,0.0004008819402685493,-0.11573380077413009,0.019755632413257507,0.009354276295335584,0.08646592614506243,-0.002698622746773127,0.009354276295335584,0.026736213094973704,0.32403391933888487,1.027538342858905,1.0797415789195501,0.016043607229904847,-0.14806614332749313,0.14806614332749313,0.2108789519201255,380536697.9076688,0.954722366337539,0.1349206349206349,0.015873015873015872,0.0,0.02824936352707233,0.7975816331966121,-0.11188832980943031,-0.011047991255230594,-0.07991943374810184,0.9640002576585858,-0.05039849481005443,0.05103833900600474,0.0959837936912786,-0.07097475217039717,-0.028747065137875505,0.3498728956904577,0.9516521016881812,0.017405559852912207,-0.07734641914301321,-0.14806614332749313,0.14806614332749313,0.020242476981783275,0.36507936507936506,0.9841269841269841,363306896.7046828,19.710758483261355,0.15873015873015872,0.031746031746031744,0.0,0.028226465750203343,-0.0791327152821466,-0.12862346383024048,-0.34865778063548536,-0.11608814507355936,0.5,0.0156828562685144,-0.11608814507355936,0.14531422121427529,-0.15587240533331848,-0.11608814507355936,-0.0646744350355517,0.33295727650755386,0.01737621507356028,-0.13396068614941636,0.13396068614941636,0.017478981796136495,348715595.03246486,-0.029374928110130538,0.029622296639642536,0.0004935559549856805,0.03978426025975912,0.012052899042108711,0.29265539692822506,0.245895162648623,1.0,3.0,1.0,1.0,0.0,63.0,126.0,0.49660377358490565,,,,,,,,0,0,0,0,0,0
2026-09-30,AKAM,113.94000244140624,0.25806470045329566,0.5039598631019186,1.4284820086753782,1.474676495750764,0.30590260677829506,0.1580445487165416,-0.00792334388162752,-0.2301399999932705,0.11435176422732085,0.02925555642134947,-0.06537768378906128,-0.10335215737823578,-0.3005787408098526,-0.02819878348608429,-0.011025340849810626,-0.29291297708217756,0.29291297708217756,0.015271391024066494,7.126360878101018,6.832819435426262,2.1972180677807795,0.10642842034569333,0.1754590746179,0.4521265139972863,-0.07921913701931571,0.14612398820361494,-0.23806334387489803,-0.046519422470277405,-0.23806334387489803,0.10642842034569333,-0.20950913206016208,12.261379712074561,12.910896690874347,-0.041027908109618094,-0.03612212736771181,-0.025632339080991273,-0.04817502640982052,-0.03612212736771181,-0.06291503281724292,0.7186484290654482,0.8346481888486933,0.7989183779594545,0.029826668052286297,-0.29291297708217756,0.29291297708217756,0.28253047206408266,573557444.5208414,0.8043829770979628,0.36507936507936506,0.07142857142857142,0.0873015873015873,0.05022143481175092,3.67593751261454,0.2023587122860575,-0.05536883475704424,0.005884897290599378,1.0445972556054022,1.5725124297798154,-0.056954311002019975,0.22953572170889153,-0.010765739368675975,-0.06235235104013048,0.574141437272078,1.044722729974616,0.026212627566478207,-0.03125490746272197,-0.12029031282519331,0.12029031282519331,0.09054363304482838,0.873015873015873,0.1111111111111111,461359844.760374,19.94968887295625,0.31746031746031744,0.07936507936507936,0.06349206349206349,0.04862057278613312,0.035052893803378504,0.07142992279457294,0.0816548268202076,0.048978084701729596,0.3333333333333333,0.0176094431962678,-0.20950913206016208,0.4521265139972863,0.009193824441970477,0.048978084701729596,0.047613372985247704,0.599818609738435,0.024898248068707572,-0.037993920189474895,0.037993920189474895,0.09054363304482838,541865391.8253944,0.030580968046694412,0.06122271399591245,-0.015279835806211617,0.03978426025975912,0.012052899042108711,0.29265539692822506,0.245895162648623,1.0,3.0,1.0,1.0,0.0,63.0,126.0,0.779433962264151,,,,,,,,0,0,0,0,0,0
2026-09-30,ALAB,364.6199951171875,0.6163111163819437,0.8622062790305667,0.9418282848264357,1.0112706719897897,1.1917527878062502,2.0684169780253154,2.3268248192839356,-2.2633276962677007,-1.454482286511507,3.4071167494379413,-3.652241167866788,0.7768248923757639,2.0341694223557107,-2.571949237712783,2.2172461084965414,-0.24512441842884702,0.24512441842884702,0.09275125661900363,-0.49470873306300067,-0.6185679610081078,0.7576941582027842,0.8723425327724286,1.1469090256970298,0.760552513261332,0.13558766833725722,-0.24512441842884702,0.06349712301623511,1.0875548250241998,0.06349712301623511,2.3268248192839356,0.40883762699375636,0.3025963540560064,0.5992748962401797,-0.11701508183019171,-0.24512441842884702,-0.35565811340052267,-0.25717731747095574,-0.24512441842884702,-0.23005075226117896,1.0494210860794775,0.9177118339934746,1.015343825885299,0.051643160426381306,-0.24512441842884702,0.24512441842884702,2.636381842268673,1517404109.3809218,0.9450540778664677,0.6031746031746031,0.23809523809523808,0.19047619047619047,0.0806122432369038,0.6581430549740749,0.14003557962265778,-0.018952124365487433,0.1953589968353231,0.7423019636055692,-0.144388310492087,-0.04578607299096871,0.4485230733083318,0.17154510248436394,-0.023280042436723103,1.0655232205046423,0.9038434179607119,0.05141212076500169,0.06113664907986838,-0.24512441842884702,0.24512441842884702,0.4599983466692441,0.9682539682539683,0.6507936507936508,1434028941.3417757,21.083753761864223,0.6349206349206349,0.1746031746031746,0.23809523809523808,0.07793995544682826,0.2115620292988405,0.25513861778226943,0.23649401791269495,0.22775938321981304,0.6666666666666666,0.29542170490986236,-0.35565811340052267,0.7768248923757639,0.18797512296005392,0.22775938321981304,0.20253089755633735,0.9630661495374212,0.04999981901319912,0.0,-0.0,0.4438109004939499,1210755845.8750408,0.1519068875648315,0.061640892751744496,0.01861112083961225,0.03978426025975912,0.012052899042108711,0.29265539692822506,0.245895162648623,1.0,4.0,1.0,0.0,1.0,63.0,126.0,0.9536792452830188,,,,,,,,0,0,0,0,0,0
2026-09-30,ALB,109.7300033569336,0.1229769291528382,0.3688720918014612,1.079115243232318,1.1130634284037262,-0.21765998567231593,-0.38067847608608074,-0.3851683299254227,0.010838523161717406,-0.053668815951633975,-0.2459494938406247,0.061321494856995784,0.09563857542836574,-0.6778237268536478,0.2005403309417938,-0.7231684160449051,-0.48807747192645334,0.48807747192645334,-0.0894745862355345,-0.4410046072592426,-0.5442108080620364,0.8829219131905429,-0.4388371458770567,0.034542274074584704,-0.10310118623309439,-0.22567127821420851,0.14074494442651964,-0.3743298067637053,-0.39944509418872826,-0.4388371458770567,-0.3743298067637053,-0.23265675979014588,0.0035809754375346614,-0.1813444017997573,-0.05190837195172404,-0.18462799898362892,-0.1287862063788966,-0.19668089802573763,-0.18462799898362892,-0.4282137132433158,0.5326122122865301,0.8600943034797253,0.8095168099007648,0.025379745093318445,-0.48807747192645334,0.48807747192645334,0.013672086438185627,341297299.3870205,0.8526263231493333,0.30158730158730157,0.06349206349206349,0.047619047619047616,0.04248061459019193,0.7490400782994956,-0.01918162123081213,0.0066507164290190435,-0.1132001750922903,0.7241271660851042,-0.21681973235371288,0.147313847365391,0.15407365022226682,-0.06409654325218161,-0.06363070263803228,0.4311585390043808,1.0624786205306354,0.021899283225438056,-0.16642394010147277,-0.23141582705517338,0.23141582705517338,0.013672086438185627,0.38095238095238093,0.015873015873015872,290999061.4771525,19.48883060340258,0.30158730158730157,0.047619047619047616,0.015873015873015872,0.037386640625039595,-0.12803298287781795,-0.179977002151954,-0.4022415244296626,-0.18426552691143772,0.3333333333333333,-0.06764287608663631,-0.23265675979014588,0.147313847365391,-0.22404978717119683,-0.18426552691143772,-0.0932463046682761,0.45809672975137866,0.026692271477607925,-0.20072832068116642,0.20072832068116642,0.013672086438185627,308097517.9105849,-0.024691555851601654,0.04443530838172063,-0.022310509977917503,0.03978426025975912,0.012052899042108711,0.29265539692822506,0.245895162648623,1.0,3.0,1.0,1.0,0.0,63.0,126.0,0.6712264150943397,,,,,,,,0,0,0,0,0,0
2026-09-30,ALGN,146.77999877929688,-0.07371821528864198,0.17217694735998101,0.9844857762016129,1.03318183434318,-0.06000637517411045,-0.22788009433639667,-0.14379043895255794,-0.017226986942449174,-0.022279651609281248,-0.016158135285641917,-0.11357033861292709,0.02671645585213711,-0.436445835880783,0.014061965053988934,-0.347045103738635,-0.2568477400559256,0.2568477400559256,-0.03544736593153952,-0.3955995920151537,-0.4740075345667003,1.0235286038046838,-0.1660700905618392,0.011681048577230528,-0.006022371408872407,-0.1233262344050241,-0.0811623475579274,-0.16101742589500712,-0.1569593184698014,-0.1660700905618392,-0.14379043895255794,-0.03595309171679306,-0.356050609330125,-0.40848053853284727,-0.061010530300813826,-0.129728473898569,0.0029645439887555636,-0.14178137294067772,-0.129728473898569,-0.33174689227743975,0.414327813311692,0.8084036443623526,0.9438095295139496,0.020959294519975864,-0.25131345832957475,0.25131345832957475,0.007896682400098554,167240751.29964918,0.9226212930333478,0.23015873015873015,0.031746031746031744,0.023809523809523808,0.036707744732511226,0.6080551178216733,-0.0690588383087537,-0.0856866014324793,-0.10004697948215324,0.7125959990731511,-0.33202716122279186,-0.05539140561082512,0.04010828652728563,-0.13230080632721963,-0.1010292692130097,0.39104653854625154,0.8565326149850072,0.019736546008262232,-0.10303103086926124,-0.22087160011232487,0.22087160011232487,0.007896682400098554,0.9206349206349206,0.015873015873015872,154299878.21195087,18.85440853452006,0.1746031746031746,0.015873015873015872,0.031746031746031744,0.03555422119553133,-0.06082639930392486,-0.07392359419145045,-0.24308333389198944,-0.0814193319574098,0.3333333333333333,-0.02485086680883462,-0.0814193319574098,0.02671645585213711,-0.12120359221716892,-0.0814193319574098,-0.03638662580279384,0.33494411424185627,0.016549512329721006,-0.08182160503637392,0.08182160503637392,0.007896682400098554,139561025.936381,-0.013919877744350106,0.030993893900253505,-0.009247392647338093,0.03978426025975912,0.012052899042108711,0.29265539692822506,0.245895162648623,1.0,3.0,1.0,1.0,0.0,63.0,126.0,0.4979245283018868,,,,,,,,0,0,0,0,0,0
2026-09-30,ALL,227.6000061035156,-0.16505140854545863,0.08084375410316436,0.7457734019199895,0.7593945467833071,0.10936237965912299,0.07642070486965791,0.108089345199611,0.006720910520744416,-0.050594903322020546,0.15362919093027472,-0.19310447994748559,0.04784413167428925,-0.18456605172861407,-0.14756463421682187,0.38894818718859114,-0.16925134902028327,0.16925134902028327,0.0339053147760322,-0.17976776413246043,-0.21214666870456467,1.030138232444084,0.05749444187759045,0.03133187247530047,-0.05141306652738775,-0.05210612355679389,-0.15499992730591805,0.11481025572035541,0.09346468093251896,0.05749444187759045,0.11481025572035541,0.1606263149437399,-0.21366072655641577,-0.3057764472086797,0.018768274870240242,-0.03947528901721087,0.10985957504298738,-0.05152818805931958,-0.03947528901721087,-0.13106600093334406,0.27790165569585545,0.9448071309198837,1.083787494770463,0.013740299826259694,-0.16925134902028327,0.16925134902028327,0.13339862510393852,402749194.6228875,1.1249659640932699,0.07936507936507936,0.0,0.007936507936507936,0.022360173522233292,0.8305444223123634,-0.1102310780989818,-0.026600606968960938,-0.11010783916330813,1.044781257061487,-0.011441515808872982,-0.019717765275065635,0.10401445266708213,-0.13455293572109261,-0.04240562296581807,0.301186339219175,0.8717641931456181,0.01479823151809902,-0.059255926471548204,-0.16925134902028327,0.16925134902028327,0.008597015022259402,0.5555555555555556,0.031746031746031744,453079136.0167246,19.931577363591,0.09523809523809523,0.0,0.015873015873015872,0.021806930777189402,-0.09806516396753817,-0.10124472721012268,-0.44615882783599103,-0.11714500822127982,0.5,0.021675696939547223,-0.11714500822127982,0.1606263149437399,-0.15692926848103894,-0.11714500822127982,-0.08870690390208835,0.26256346599588654,0.012743651048034548,-0.1349624918286516,0.1349624918286516,0.008597015022259402,500233641.40733993,-0.06158646434187576,0.027187417556138575,-0.012829724336362092,0.03978426025975912,0.012052899042108711,0.29265539692822506,0.245895162648623,1.0,3.0,1.0,1.0,0.0,63.0,126.0,0.3672641509433962,,,,,,,,0,0,0,0,0,0
2026-09-30,ALLE,154.47000122070312,-0.3648862988170608,-0.11899113616843782,0.9242219724156773,0.9377960348972232,-0.018672693307747124,-0.03042547858595024,0.07135886691929816,0.12536390576056,0.06086208029772333,-0.02905121572268854,0.132465612308728,-0.053754596615900097,-0.2212965300089269,0.0320555296667413,0.23371585281334567,-0.13085092993110403,0.13085092993110403,0.018518037398014497,-0.40752804922186026,-0.3462579199379854,2.1125335198787454,0.1322209472170215,0.06269075845469216,-0.053898719850041465,0.06897850250473248,-0.033004702803998254,0.19672277267985816,0.1334341956053926,0.07135886691929816,0.19672277267985816,0.08456331219033797,-0.9123544371570071,-0.9124850178765611,0.05090200760974217,0.10341439658603946,0.12036441186741964,0.09136149754393075,0.10341439658603946,0.3429364160127009,0.30532317795441993,0.6837372618954136,0.9876603594582185,0.013454669151294289,-0.08240389454250652,0.08240389454250652,0.23881993432141435,171563545.9705595,1.1750958186441172,0.07936507936507936,0.007936507936507936,0.007936507936507936,0.02413893922526316,0.3044424985858085,-0.0013691411093659234,-0.009967237164030252,-0.013046115332337127,0.7920557149370178,-0.7831692348448055,-0.013659498066662112,0.07279819878269093,-0.015129019720581671,-0.05685751298132624,0.301555599689388,0.6922797451043576,0.012370847410700709,-0.05129269347624976,-0.08240389454250652,0.08240389454250652,0.14837162091033496,0.5396825396825397,0.8888888888888888,201603605.50176227,19.121813983395135,0.047619047619047616,0.015873015873015872,0.0,0.023429659907478684,-0.01076330199630604,-0.0473645767550227,-0.007136743703437514,-0.0014898725653454958,0.3333333333333333,0.013687506159968074,-0.053898719850041465,0.12036441186741964,-0.041274132825104615,-0.0014898725653454958,0.005093948424775618,0.20876083368776122,0.010847103866180421,-0.029434743437930844,0.029434743437930844,0.024781389804284792,214031748.0457851,0.006640567827302046,0.019245921924519238,0.007829340810946439,0.03978426025975912,0.012052899042108711,0.29265539692822506,0.245895162648623,1.0,3.0,1.0,1.0,0.0,63.0,126.0,0.30933962264150944,,,,,,,,0,0,0,0,0,0
2026-09-30,AMAT,485.0,1.1360651950662937,1.3819603577149167,1.0315133892073183,1.0842371192462736,0.8939589040491862,0.3057271148903278,0.42228318958045263,-0.3434967564374307,-0.19000298254936343,1.1179636047185229,-1.4464302571143397,0.15418813145358734,0.12962779265222757,-0.7507498419762695,0.6076602593439917,-0.32846665239581685,0.32846665239581685,0.02679655681240045,-0.6840084562486332,-0.7878011408100309,0.8302690615163478,0.2322802070310892,0.17207144527932305,0.14228374511613606,-0.04200019187387427,-0.32846665239581685,0.07878643314302192,0.24444994325152125,0.07878643314302192,0.42228318958045263,0.6064525119888502,-0.15749919015225133,-0.10859120024779778,-0.11705564205249674,-0.32846665239581685,-0.2978284673707271,-0.34051955143792556,-0.32846665239581685,-0.45965182430684387,0.6949330371486436,0.7248657479440572,1.0282988205625638,0.03253217851845055,-0.32846665239581685,0.32846665239581685,0.5044633652651371,4032271267.9514084,1.0306474681060378,0.4523809523809524,0.1111111111111111,0.10317460317460317,0.04530661312296738,0.6138172606603193,0.03684431452130521,-0.09901682407540568,-0.010158528625486496,0.585239096540199,-0.16938750525626634,-0.09610543351666156,0.3031573594372193,-0.04363347643896265,-0.12122107436560803,0.7145988224699106,0.7049174164641132,0.03404866402485828,-0.10448400218307752,-0.32846665239581685,0.32846665239581685,0.16760555226250906,0.9682539682539683,0.1111111111111111,4155850173.0308414,22.147782859011624,0.49206349206349204,0.09523809523809523,0.12698412698412698,0.047943492349023224,0.03914712494213579,-0.025566092965174647,0.11524151255436611,0.058050970791698076,0.6666666666666666,0.09450690974381383,-0.2978284673707271,0.6064525119888502,0.018266710531938957,0.058050970791698076,0.07346126681929066,0.5037331557437869,0.023041234005286765,0.0,-0.0,0.16760555226250906,2875127810.367984,0.07944251860321416,0.037584680661186025,0.02306430485942279,0.03978426025975912,0.012052899042108711,0.29265539692822506,0.245895162648623,2.0,7.0,2.0,1.0,1.0,63.0,126.0,0.9328301886792453,,,,,,,,0,0,0,0,0,0
2026-09-30,AMCR,42.5099983215332,-0.14334055826309622,0.10255460438552677,0.8944769950838184,0.9054875014045268,0.06509360358385918,-0.09479482744125356,0.10287006237932128,0.00791752665321055,0.04957696922497723,0.10873270911126043,-0.11402040982015227,-0.0430188701653057,-0.18978533454890378,-0.10815776308821312,0.30581301212389717,-0.12189795797919312,0.12189795797919312,0.024945851921115203,-0.37394420271307904,-0.377254598396199,0.9700762021861252,0.1524470316042985,0.026633538572099165,0.03750441847126784,0.008731384052639735,-0.11255866972447093,0.11078758903253183,0.12203489433871721,0.10287006237932128,0.1524470316042985,0.1166923238248343,-0.39501867378991373,-0.4315261632152778,0.013941250598098254,-0.00528770070889184,0.03529418380593241,-0.01734059975100055,-0.00528770070889184,-0.018592940660825112,0.33638222803169826,0.6358116642816455,0.8454457386160733,0.016402176594335727,-0.11255866972447093,0.11255866972447093,0.19485114836613393,159069918.46619862,0.998005837142139,0.12698412698412698,0.015873015873015872,0.007936507936507936,0.02455851505310831,0.4701947290517291,-0.05699163775752436,-0.02065915081618308,-0.04771124057837317,0.7872002757067722,-0.5150834297042789,0.02250443790464174,0.06371989133867811,-0.039198408674177676,-0.05874648485404954,0.2843929212355795,0.752043135639217,0.014406323249531984,-0.08538978617681137,-0.11255866972447093,0.11255866972447093,0.027908777801524787,0.38095238095238093,0.8888888888888888,158752707.14299035,18.882858254760013,0.09523809523809523,0.0,0.015873015873015872,0.023042547379134463,-0.04317088517705625,-0.09580920153090655,-0.282148967063429,-0.06034482031712585,0.6666666666666666,0.018105278920707457,-0.06034482031712585,0.1166923238248343,-0.10012908057688497,-0.06034482031712585,-0.02206033149546638,0.21387574423960207,0.01161524342418134,-0.07624734168327663,0.07624734168327663,0.01455839554749283,146881697.49741328,0.0031621225985145607,0.02105388127739151,-0.0011748478867051881,0.03978426025975912,0.012052899042108711,0.29265539692822506,0.245895162648623,1.0,3.0,1.0,1.0,0.0,63.0,126.0,0.37471698113207547,,,,,,,,0,0,0,0,0,0
2026-09-30,AMD,630.6300048828125,2.6519355503270257,2.8978307129756486,1.0016530809143604,1.0779920079033642,1.944667510735516,2.1498425839627777,2.099985388525702,-1.8780709635795527,-1.3210070752992427,1.8555768277019151,-1.7699869187025203,0.7425650248110034,1.807329991597477,-2.014395479526307,2.798404077825569,0.0,-0.0,0.11097237792547521,-0.4898328428316685,-0.44616768227515113,0.6505865180908846,0.7789783132264594,0.964583710973916,0.4558943547170746,0.26001636960974484,0.0,0.22191442494614932,1.0336260422327703,0.22191442494614932,2.099985388525702,0.12557643988456646,0.41177084169140654,0.8913686490492532,-0.005738079585849154,0.08558990899939478,-0.18033771856415082,0.07353700995728607,0.08558990899939478,0.12205656923378423,0.7504225015843472,0.7352103613706108,0.9344489018847393,0.037075409754232555,0.0,-0.0,2.2168436364021296,13596512769.533394,0.9271522424106565,0.5238095238095238,0.16666666666666666,0.09523809523809523,0.050096276126335444,0.6433996462714056,0.18968510960030072,0.04569923122440067,0.24948238151626678,0.8401794939167224,-0.06861925129160662,-0.011403954101408043,0.33524156459870347,0.3244356042560661,0.09337849583410884,0.7012314825550923,0.7867849808456366,0.035006119073012,0.19008555734693733,0.0,-0.0,0.46808364015970083,0.0,0.6507936507936508,12606037303.238012,23.2574416872776,0.47619047619047616,0.15873015873015872,0.1111111111111111,0.04794069328343337,0.2309362977706697,0.3196430153245948,0.6157373724758896,0.3397136370823841,0.6666666666666666,0.24533463063824498,-0.18033771856415082,0.7425650248110034,0.299929376822625,0.3397136370823841,0.1941397945107719,0.5517183985704657,0.028361920152892933,0.0,-0.0,0.38247544681698575,11494854900.919306,0.10080452148595831,0.04156612378997703,0.01264053929705966,0.03978426025975912,0.012052899042108711,0.29265539692822506,0.245895162648623,2.0,8.0,2.0,1.0,1.0,63.0,126.0,0.9613207547169812,,,,,,,,0,0,0,0,0,0
2026-09-30,AME,250.7400054931641,0.0959862268556213,0.3418813895042443,0.9867022576883633,0.9989889613478841,0.22683337617514177,0.05292681027995094,0.17317543254181134,-0.05968474073616914,-0.10531180094570103,0.1303542537103619,-0.09247128145552241,0.09861914745452482,-0.11947996438641373,-0.13529246028697184,0.6962070334474335,-0.028680887817454148,0.028680887817454148,0.006819668956611347,0.33533619456366237,0.3859226985732005,0.925985179767691,0.06786363159611031,0.052812044583495865,-0.040976597779674995,0.06004487755721777,-0.028680887817454148,0.1134906918056422,0.11817658531452128,0.06786363159611031,0.17317543254181134,0.07284802002921587,-0.33537453716889776,-0.2903386625501595,0.005231043424688053,0.0378829722548395,-0.0009506270784901405,0.025830073212730786,0.0378829722548395,0.1667472294604366,0.2487412855976078,1.0074019681627313,0.9133506549806271,0.011988936378832186,-0.028680887817454148,0.028680887817454148,0.20690067482891328,293661069.91833884,1.0356755556459538,0.06349206349206349,0.007936507936507936,0.0,0.020852638294512303,0.7587315636882558,0.061640959486720215,-0.019276524663867867,0.03489110572446319,0.9973200671091974,-0.07847740236946021,-0.027057295973562545,0.05866130762935146,0.03887055073141066,-0.04190072896462271,0.2271880161212983,1.1029739374130072,0.011183711849334824,-0.024059089920594467,-0.028680887817454148,0.028680887817454148,0.08553258454637325,0.49206349206349204,0.2698412698412698,304137591.7592609,19.532990764735224,0.06349206349206349,0.0,0.0,0.020883190453795344,0.04355601991998781,0.021056487345205044,0.27041511059630824,0.06776128381675162,0.5,0.02837398841146077,-0.040976597779674995,0.09861914745452482,0.027977023556992497,0.06776128381675162,0.053963711950616444,0.25058246067435813,0.012311824695014758,0.0,-0.0,0.08553258454637325,346954912.42305213,0.04323733061595347,0.020789228806861376,0.0179689502098892,0.03978426025975912,0.012052899042108711,0.29265539692822506,0.245895162648623,1.0,3.0,1.0,1.0,0.0,63.0,126.0,0.3090566037735849,,,,,,,,0,0,0,0,0,0
2026-09-30,AMGN,414.6099853515625,0.2640671203586358,0.5099622830072588,1.1540378390180461,1.1667684151558602,0.29263915532232687,0.08249740728535282,0.1942082490039796,0.0440499607817304,0.019314343240356635,0.03696040750580676,0.11468264497717096,-0.01591593214975573,-0.09844714792424547,-0.04256519652100188,0.6571515742743935,-0.06644602830331559,0.06644602830331559,0.03855880378683518,-0.015042948061773975,0.13431894585877324,0.8566557618762383,0.21352259224433623,0.022080510542223333,-0.019976138535479193,0.11021093321302877,-0.06644602830331559,0.23825820978571,0.21532968367800862,0.1942082490039796,0.23825820978571,0.07521007235357113,-0.05402863859799101,-0.08763104159542656,0.05566274734190513,0.1516430524829777,0.06362529611326839,0.139590153440869,0.1516430524829777,0.44954647770427986,0.2955303716930426,1.4790444085817822,1.1414208428563708,0.013162239352080544,-0.06644602830331559,0.06644602830331559,0.29745927587204046,995408983.9444599,1.053486825987396,0.07936507936507936,0.0,0.007936507936507936,0.023051353632575884,0.8678539916996176,-0.03499327152100318,0.034357504301523845,0.02742953742013965,1.2482718017328949,0.0203005901155644,0.12263020304928562,0.06424498580070824,0.08275259782871514,-0.023685417491872474,0.3373245259475292,1.2957923607567203,0.014375199331127218,-0.0872630131206642,-0.06644602830331559,0.06644602830331559,0.17391407284313298,0.23809523809523808,0.8253968253968254,1048650251.0549878,20.770769699951753,0.1111111111111111,0.0,0.015873015873015872,0.023976474991508723,0.0011324455047168058,-0.07593218801104329,-0.08126602425033053,-0.03552158592585086,0.5,0.031675319150839897,-0.03552158592585086,0.12263020304928562,-0.07530584618560998,-0.03552158592585086,0.023988780422092182,0.43710254381869046,0.017180639102832275,-0.06644602830331559,0.06644602830331559,0.10371354209528905,1204495856.2024798,0.05523695887070357,0.028682714840279216,0.021136445251248803,0.03978426025975912,0.012052899042108711,0.29265539692822506,0.245895162648623,1.0,3.0,1.0,1.0,0.0,63.0,126.0,0.47490566037735843,,,,,,,,0,0,0,0,0,0
2026-09-30,AMP,493.0,-0.22900885475761568,0.016886307891007313,0.8559252131807336,0.8614243916587039,0.015240844865954228,0.055786494937956066,0.11689097880920518,-0.007334892620206812,-0.07148913264675727,0.03608336660001332,0.041909982983783456,0.0683843566081177,-0.17576441811901988,-0.0388976292254084,0.4669008636513907,-0.13611830390541368,0.13611830390541368,0.03649135481129573,-0.03164156435894194,0.04388395363442976,0.7674366948023101,0.04540184616244791,0.039328241018636696,-0.05781973604137636,-0.02763009250497539,-0.09965460348902311,0.10955608618899837,0.09061630372021716,0.04540184616244791,0.11689097880920518,0.029279157072154227,0.5880033208800333,0.41542488461177585,0.04666470903861342,0.07799334958379678,0.18981605889137,0.06594045054168807,0.07799334958379678,0.2928987692250706,0.2503550280354188,1.110740794309499,1.0636131733119427,0.012009560347094604,-0.13611830390541368,0.13611830390541368,0.15322098441320064,304264052.7085804,0.979172636152309,0.07142857142857142,0.0,0.0,0.024267241342120046,0.9545256066371406,-0.10533045861608226,-0.002168220633708917,-0.09750587947682843,1.2926413183124479,0.328683068017366,0.01648467391048314,0.10376864997561368,-0.09398319048724701,-0.029484059882411318,0.2662809058233522,1.0443089858043102,0.012918748782013231,-0.058896971186609304,-0.13611830390541368,0.13611830390541368,0.1068739603330442,0.47619047619047616,0.9841269841269841,297927034.57704574,19.51235916743285,0.09523809523809523,0.0,0.0,0.024378337424129592,-0.09944688752866893,-0.09169828521544365,-0.390810373260613,-0.10867636987850793,0.6666666666666666,0.022911356760373463,-0.10867636987850793,0.18981605889137,-0.14846063013826705,-0.10867636987850793,-0.08957022256465619,0.27807954269943796,0.014108761027676844,-0.12755718643362246,0.12755718643362246,0.016180575496803185,334594577.44809103,-0.06589866773985298,0.03220081135902636,-0.02531799506738497,0.03978426025975912,0.012052899042108711,0.29265539692822506,0.245895162648623,1.0,3.0,1.0,1.0,0.0,63.0,126.0,0.2669811320754717,,,,,,,,0,0,0,0,0,0
2026-09-30,AMT,169.02999877929688,-0.34102041137063344,-0.09512524872201045,0.8391397448932684,0.8505616539810242,-0.01834879702079173,-0.1016965714603133,-0.0013414553889454783,-0.08593127428070746,-0.06470036635707743,-0.03360003173335324,0.06698018219245083,0.06927544280198283,-0.29399685231717054,0.03472160584804307,-0.004852690186304107,-0.12093806178569333,0.12093806178569333,-0.001934167812895904,-0.61727728212483,-0.604501940218042,0.9172761319381368,-0.06604182174602291,0.044760609091603204,0.023260954957493363,-0.03458594133066628,0.09226551564847452,-0.08727272966965294,-0.05155200226820711,-0.08727272966965294,-0.0013414553889454783,-0.11675556190541148,-0.2810608446170533,-0.3083535192515324,0.010006068733747542,0.03338015045909759,0.05985200738377228,0.02132725141698888,0.03338015045909759,0.12616043564291768,0.2764354074635772,0.7897310860458345,0.957131128035784,0.012994489146528383,-0.12093806178569333,0.12093806178569333,0.04268705288317309,516882525.41334367,0.9065868620967161,0.07936507936507936,0.007936507936507936,0.0,0.024228467506925776,0.5625119767855676,0.029181966773009993,0.017979130760786388,-0.02334654873132147,0.8521644663559997,-0.3310689831041854,0.013497902224574032,0.0695080335408576,-0.02497693710088822,0.00691065716521666,0.2645849333746452,0.8251022904944212,0.012493518779904098,-0.008847543762184551,-0.05706792391510951,0.05706792391510951,0.04268705288317309,0.6507936507936508,0.9206349206349206,468598906.7871094,19.96525775323523,0.06349206349206349,0.0,0.0,0.023697032346621336,-0.03355836066437046,-0.03086371827700085,-0.17389258282256706,-0.03796242620829504,0.6666666666666666,0.0018613865423526648,-0.11675556190541148,0.06927544280198283,-0.07774668646805416,-0.03796242620829504,-0.0324501056904285,0.2183096345577336,0.010522754809221116,-0.049592392586622513,0.049592392586622513,0.010582352807554374,439893776.1163621,-0.027176675010003204,0.02297986210205067,-0.013735242843685547,0.03978426025975912,0.012052899042108711,0.29265539692822506,0.245895162648623,1.0,3.0,1.0,1.0,0.0,63.0,126.0,0.4192452830188679,,,,,,,,0,0,0,0,0,0
2026-09-30,AMZN,249.6699981689453,-0.10880908604126249,0.1370860766073605,1.2696662688587574,1.285143060436038,0.08166532469713128,0.18890475318545397,0.19878039586691765,-0.2762634558155077,-0.256842719610229,0.14437985042767787,-0.09684271018625434,0.27267485533749514,-0.09387500106130742,-0.15124325562549412,0.5342473242612434,-0.12094215961353716,0.12094215961353716,0.004858859431459139,-0.483358322650589,-0.4587986547798657,1.0405488017017723,-0.05806232374331133,0.15420054292525515,0.021051901989134647,-0.01865912305863726,0.012335396654047037,-0.07748305994859006,0.021078337391672086,-0.07748305994859006,0.19878039586691765,-0.11934679486514477,-0.257610209722843,-0.28647470678613973,0.021124432829965123,0.047537140241423526,0.13946459152936796,0.035484241199314814,0.047537140241423526,0.11452823313473559,0.3720756040131618,0.7351184163926527,1.1155506549056742,0.01611466613778646,-0.12094215961353716,0.12094215961353716,0.2524832083659867,11383443765.507555,0.914009242726157,0.15079365079365079,0.015873015873015872,0.0,0.0249217483373633,0.4759830035382632,-0.03556084513558799,-0.0029133279261640554,-0.025392805039737287,0.745426491348301,-0.5097026420934225,-0.04348625871756273,0.14349997282057175,-0.080676005179381,-0.044336047569824344,0.41506918373130697,0.6589735868648752,0.016068572725770423,-0.03896763126883962,-0.12094215961353716,0.12094215961353716,0.10156631322467446,0.6031746031746031,0.6507936507936508,10404572815.727354,23.065511240372786,0.1111111111111111,0.015873015873015872,0.0,0.023083140688840053,-0.026473339989349087,-0.031025595228706626,-0.1421489007875949,-0.03888051457782138,0.5,0.03857963011591148,-0.11934679486514477,0.27267485533749514,-0.0786647748375805,-0.03888051457782138,-0.018230012627955094,0.27351962880049524,0.013866980768874599,-0.06290581003480034,0.06290581003480034,0.015083718303008808,9007461285.808382,-0.0071065990340559715,0.02132527738226862,-0.010620189619188647,0.03978426025975912,0.012052899042108711,0.29265539692822506,0.245895162648623,2.0,8.0,2.0,1.0,1.0,63.0,126.0,0.7234905660377358,,,,,,,,0,0,0,0,0,0
2026-09-30,ANET,206.5500030517578,0.17164648538220173,0.4175416480308247,1.098986776385501,1.1309026463938425,0.5763565975427096,0.5471910340955641,0.6822772854318206,-0.3870493336498617,-0.48634193124036273,0.3836130198061023,-0.16775478390458343,0.406662391521293,0.3896218885035956,-0.4664190495303018,1.1981635551046037,-0.01876483110803895,0.01876483110803895,0.04508534751248661,-0.57429632943648,-0.4824046860918373,0.8230619461078879,0.1959353541914579,0.25696779327952,-0.07666032643435128,0.17716120974716776,0.025403238623761593,0.29522795178195893,0.39114686380174585,0.1959353541914579,0.6822772854318206,0.06527875827693852,-0.1283828185674174,-0.0800116038693901,0.061521873200619526,0.21585823590151887,0.06163174546601624,0.20380533685941016,0.21585823590151887,0.3967068659877842,0.5694358524969954,0.7070512577441362,0.9555515007746097,0.02793232080505128,-0.01876483110803895,0.01876483110803895,0.7786102465931006,1353217154.4831352,0.9332769715219635,0.38095238095238093,0.10317460317460317,0.047619047619047616,0.0439749055102911,0.5286189322147165,0.05159145183064873,0.05751717341971174,0.08577377664730457,0.8368067777715206,-0.2652341782776565,0.08505681074990346,0.16132651387598743,0.1452730582842574,0.02316430350578247,0.5441252834483732,0.7399405026008239,0.026937389627124737,0.03397484650096416,-0.01876483110803895,0.01876483110803895,0.30752675479936586,0.49206349206349204,0.6507936507936508,1262926407.7475896,20.956697411592305,0.38095238095238093,0.1111111111111111,0.047619047619047616,0.04522491866171177,0.05622641040086651,0.0761109026987965,0.13783690230271128,0.05549593987870316,0.8333333333333334,0.09957755324308386,-0.07666032643435128,0.406662391521293,0.01571167961894404,0.05549593987870316,0.05072797149233632,0.402620335712605,0.018808980676815277,0.0,-0.0,0.10988713743978695,939292366.579183,0.030976741869984448,0.036362342311733346,0.006255311075658465,0.03978426025975912,0.012052899042108711,0.29265539692822506,0.245895162648623,2.0,7.0,2.0,1.0,1.0,63.0,126.0,0.8728301886792452,,,,,,,,0,0,0,0,0,0
2026-09-30,AON,277.989990234375,-0.46245610277797167,-0.21656094012934868,0.8304770846743426,0.8641709055072785,-0.20834650340385308,-0.1672618555705805,-0.13452289085241909,0.01607595817974583,0.030908820000625892,0.030314866441286448,-0.1903026164609054,-0.034481598824288806,-0.42717828778064415,-0.02546485916719987,-0.4423014238014261,-0.26920302630264714,0.26920302630264714,-0.008550494661058061,0.027819738167170094,-0.1366188291679492,1.0137751425786126,-0.1036140708517932,0.015458575694553004,0.016825829743693177,-0.1658558795649634,-0.2554070277042736,-0.11844693267267326,-0.11886129812562851,-0.13452289085241909,-0.1036140708517932,0.04945263280138579,-0.32881216605014385,-0.41968304994804595,-0.03848086655500216,-0.15998775001961896,0.08700898064468054,-0.17204064906172767,-0.15998775001961896,-0.48369773422167295,0.30414302015182737,1.3151932658719088,1.0875139174492963,0.014581858329647436,-0.26920302630264714,0.26920302630264714,0.006881791885567257,497817626.72656834,0.9920319999462534,0.09523809523809523,0.0,0.007936507936507936,0.024540737648086855,0.7875003014009114,-0.11443430515659603,-0.10235670708760047,-0.17629401867669714,0.8761860974810662,-0.08967593280808683,-0.10621861064049076,0.08784898026801241,-0.22722602578482043,-0.13711570024342734,0.33075976731017404,1.209357641101846,0.015423592917499573,-0.17172943899665238,-0.26920302630264714,0.26920302630264714,0.006881791885567257,0.6666666666666666,0.015873015873015872,493851015.85005504,20.017744444342423,0.09523809523809523,0.0,0.015873015873015872,0.024513932691274734,-0.13626485095496044,-0.20414658402995745,-0.3384645948488785,-0.13538815708732144,0.5,-0.020466820560390248,-0.13538815708732144,0.08700898064468054,-0.17517241734708056,-0.13538815708732144,-0.09393439040006368,0.4000068519656276,0.019873738231799838,-0.21781093132110807,0.21781093132110807,0.006881791885567257,655931414.258975,-0.04832822687207772,0.027277447644943012,-0.01603430187864585,0.03978426025975912,0.012052899042108711,0.29265539692822506,0.245895162648623,1.0,3.0,1.0,1.0,0.0,63.0,126.0,0.4221698113207547,,,,,,,,0,0,0,0,0,0
2026-09-30,AOS,58.650001525878906,-0.429144956771048,-0.18324979412242504,1.0608371925767062,1.0670583228805672,-0.10834285899869456,-0.23922271275642948,-0.10008159395010707,0.14036993754823934,0.05424002472298506,-0.04342454608243684,-0.015804496054946826,-0.056845931423621265,-0.39273699087833214,0.0408525518127234,-0.33785364056049155,-0.26257459391050664,0.26257459391050664,-0.01855981253481387,-0.3144922547332186,-0.35509422186312767,1.1045567672745373,-0.045841569227122014,0.07078613509783366,-0.08279426887294494,-0.012584490711698315,-0.02097028419831437,0.04028834359813227,-0.0352116065263656,-0.10008159395010707,0.04028834359813227,0.10578279963235104,-0.5407499654074996,-0.5444780188895634,-0.011646411109658472,-0.05922904213738367,-0.03548922030001267,-0.07128194117949238,-0.05922904213738367,-0.21106732070272297,0.29622766172971815,0.765412047015317,0.9473012306478454,0.014523318757298617,-0.11787385209824985,0.11787385209824985,0.0578192573621481,97940712.31020367,0.9486869411795914,0.1111111111111111,0.0,0.007936507936507936,0.025478225479100017,0.4312318641816686,-0.007502337381535273,-0.03298247192336723,-0.026705267162714375,0.7594930281096988,-0.5105040639748295,-0.0166306333317241,0.06542578691120389,-0.024613329718051857,-0.06619906876801751,0.2806168285084957,0.8079922439157636,0.013691684599527439,-0.07859330330783243,-0.08330725311804399,0.08330725311804399,0.03420917779449284,0.5396825396825397,0.1746031746031746,92915074.77851747,18.347196470257735,0.07936507936507936,0.0,0.0,0.024474352480835862,-0.015190505581876068,-0.07559292076768054,-0.03580239110297368,-0.008117698859558486,0.16666666666666666,-0.01568249219258507,-0.08279426887294494,0.10578279963235104,-0.047901959119317605,-0.008117698859558486,0.008078398388411623,0.22673622094710444,0.011038818736585802,-0.053268752161738764,0.053268752161738764,0.03420917779449284,85116288.33977835,0.020745604608431556,0.020594328610604132,0.013969104421443834,0.03978426025975912,0.012052899042108711,0.29265539692822506,0.245895162648623,1.0,3.0,1.0,1.0,0.0,63.0,126.0,0.21886792452830192,,,,,,,,0,0,0,0,0,0
2026-09-30,APA,42.7400016784668,0.5757954728436661,0.821690635492289,0.926706819659318,0.9316246938399744,0.788264209625281,0.4267010131595692,0.02094516592084017,0.16052111942431013,0.0357899383720055,-0.2274267624029096,0.5489133428807074,-0.03386841056629386,-0.2717102310073849,0.3005414145569576,0.044298045836295034,-0.09850238734392713,0.09850238734392713,0.03147666039730468,-0.16794333764957337,0.09955171349323488,0.8362747669345032,0.05673510429284567,0.08426725045612163,-0.10557320390726677,0.11630119302459141,0.1393403543577587,0.1814662853451503,0.08638218518627871,0.02094516592084017,0.1814662853451503,-0.10595665306114699,0.25447489121486533,0.24255520417448495,0.12386474370256284,0.32148658047779777,0.15390446521655088,0.30943368143568906,0.32148658047779777,0.7412386142868193,0.47282369967839566,0.8811443197818088,0.9172877145053778,0.02324552791951916,-0.09850238734392713,0.09850238734392713,0.3505120484668862,242585317.00304878,0.9085690437962449,0.29365079365079366,0.03968253968253968,0.06349206349206349,0.03437667584800695,0.8575747018625217,-0.07056821566518878,0.1340616606446483,0.04571887492686,1.1335574928814578,-0.08763706656174619,0.15621655623601804,0.11932462941031077,0.14523049378251351,0.10675523795490216,0.4337153708419727,0.9605975375533529,0.021581790891373576,0.05375757646298718,-0.09850238734392713,0.09850238734392713,0.3505120484668862,0.12698412698412698,0.9523809523809523,220405509.508469,19.21097963723751,0.25396825396825395,0.06349206349206349,0.031746031746031744,0.031484320890569066,-0.0186818945553342,0.013831622571182312,-0.022806392635826844,-0.009501734250605187,0.3333333333333333,0.00920350327787602,-0.10595665306114699,0.15621655623601804,-0.049285994510364306,-0.009501734250605187,-0.03202424265421089,0.4166259172298382,0.021020134841285672,-0.09850238734392713,0.09850238734392713,0.010401949157028634,248634329.38604808,-0.03693184636212454,0.03847181586174722,-0.011700480623973886,0.03978426025975912,0.012052899042108711,0.29265539692822506,0.245895162648623,1.0,3.0,1.0,1.0,0.0,63.0,126.0,0.5914150943396226,,,,,,,,0,0,0,0,0,0
2026-09-30,APD,281.760009765625,-0.185214233190643,0.06068092945797998,1.0861820448620896,1.1118128666027958,0.1633481607204339,0.0348890556031749,-0.017907969160093073,0.03545982591676877,-0.037215085635473266,0.015588232228132437,-0.04857030146177954,0.039386171738396536,-0.31056336608831814,-0.015074100073554031,-0.07732658617826882,-0.10321777403413457,0.10321777403413457,-0.0015100979439770512,-0.7699210848693769,-0.7775095635774176,0.7080339895899743,-0.05512305479556634,0.03634098838783685,-0.07142133451938726,-0.03902594288206074,-0.06069649012614686,0.0175518567566757,-0.018493055732994573,-0.05512305479556634,0.0175518567566757,0.05225748601194513,-0.44261163641383117,-0.4925038612298859,0.004476033118280265,-0.032982069233647104,0.012080926623327493,-0.045034968275755816,-0.032982069233647104,-0.11826623118544739,0.2315887723118672,0.8011453668985622,1.2042028237046745,0.010490341855274076,-0.10321777403413457,0.10321777403413457,0.04481411223167742,347446463.4692964,0.997020755214318,0.031746031746031744,0.015873015873015872,0.0,0.02125952338602087,0.41895572329001635,-0.0881631543785959,-0.009569506707119202,-0.05329893510639261,0.7943824496954099,-0.34877970110740775,0.04940817281999421,0.06320168782304299,-0.04452509149374162,-0.02898758337375129,0.2788798535562494,0.6652910549020933,0.01254073573648619,-0.06188280699722548,-0.10321777403413457,0.10321777403413457,0.04481411223167742,0.9365079365079365,0.9841269841269841,346411335.4047018,19.66313746045858,0.047619047619047616,0.031746031746031744,0.0,0.022132347459814572,-0.05188557580924735,-0.06677266495256484,-0.48244315267806226,-0.08951070398214667,0.6666666666666666,-0.0012998802179784257,-0.08951070398214667,0.05225748601194513,-0.12929496424190579,-0.08951070398214667,-0.04023703319187477,0.18553627196337844,0.010488792504581294,-0.08951070398214667,0.08951070398214667,0.008230223934994285,341931648.65373886,-0.013310591354884105,0.019117088394891058,-0.008264413096998324,0.03978426025975912,0.012052899042108711,0.29265539692822506,0.245895162648623,1.0,3.0,1.0,1.0,0.0,63.0,126.0,0.32566037735849057,,,,,,,,0,0,0,0,0,0
2026-09-30,APH,84.08999633789062,0.12262451565654398,0.36851967830516696,1.0899902422336751,1.1276520705409694,0.2507648872576438,0.15725309878274607,0.33514019533879,-0.201132710289597,-0.18965948831506063,0.39759419400823415,-0.4422809843063027,0.1655719621920544,0.04248479841056496,-0.37982698563685857,0.7450786645178931,-0.044686790298068546,0.044686790298068546,0.023974920179738568,-0.6481652298750928,-0.6638875964672336,0.7758617661693968,0.1454807070237294,0.11295775278014827,0.010117412914641077,0.09047142343943104,-0.044686790298068546,0.13400748504919302,0.2048761291372375,0.13400748504919302,0.33514019533879,0.18705307697254203,-0.08217542336083372,-0.024918710150872214,-0.0021649027674077725,-0.044686790298068546,-0.08858900270025849,-0.05673968934017726,-0.044686790298068546,-0.10356677466411944,0.44980511629016273,0.8695462107122082,0.9592555475137986,0.022652115724771882,-0.044686790298068546,0.044686790298068546,0.4158200410994406,1205197243.9788759,0.8600732638856567,0.2857142857142857,0.06349206349206349,0.031746031746031744,0.036086427719227855,0.5311096454034361,0.056095932762749046,0.006088490501909183,0.04769871914994073,0.8716946457879267,-0.2344605912445108,-0.013378948023104575,0.106788397654584,0.048169500403506316,-0.01459138644285185,0.4314780531014279,0.9064802522809492,0.02117825956291325,0.0003118225297078503,-0.044686790298068546,0.044686790298068546,0.17094771934465514,0.9682539682539683,0.6666666666666666,1036557927.25491,20.75917137660925,0.20634920634920634,0.031746031746031744,0.031746031746031744,0.03465273075823833,0.046177288403543404,0.0522792269694079,0.15949595504830213,0.06238306825430695,0.6666666666666666,0.05385959493503023,-0.08858900270025849,0.18705307697254203,0.02259880799454783,0.06238306825430695,0.04316447997954764,0.39112633442907513,0.018647941467099177,0.0,-0.0,0.09009082339616059,963909430.1375616,0.04906351624112637,0.033014986239970685,0.018544273924014254,0.03978426025975912,0.012052899042108711,0.29265539692822506,0.245895162648623,1.0,3.0,1.0,1.0,0.0,63.0,126.0,0.8087735849056604,,,,,,,,0,0,0,0,0,0
2026-09-30,APO,121.69000244140624,-0.3176763457898626,-0.0717811831412396,1.0549002399697822,1.0520276954425316,-0.14879352905665677,0.17322515344277978,0.10141223872092087,-0.15195988595279075,-0.14803014648498158,0.066315847769292,-0.033402156178709674,0.15526843611862984,-0.1912431582073042,-0.06849854713033854,0.2911914319018003,-0.19305403724118797,0.19305403724118797,0.017317083946301937,-0.7400092061765076,-0.7314519493722104,0.6941920512796128,-0.04661790776406072,0.08662195070095795,0.004138953846764437,-0.048660318244020506,-0.0005810086279737225,-0.050547647231869886,0.0014155612416634211,-0.050547647231869886,0.10141223872092087,-0.08080185159897557,-0.2841066216008603,-0.36215356716030045,0.01921363385017605,0.03291369159058233,0.061533287803536174,0.020860792548473617,0.03291369159058233,0.09748355583273981,0.3482665614801487,0.7249065309245485,0.9694679476699898,0.016754738775906358,-0.14887855813397544,0.14887855813397544,0.17682545100206637,474912556.75802684,0.9565847649837439,0.18253968253968253,0.023809523809523808,0.007936507936507936,0.03229408015860988,0.43452279191209614,-0.10414329440090164,0.015763104095839697,-0.05442631829049471,0.8890598685196955,-0.3871572302229237,0.09210056336308003,0.1022527890945184,-0.026960620587011208,-0.026993285100972098,0.33763326860024406,0.7477364596393125,0.016302838251926445,-0.0711519525019767,-0.14887855813397544,0.14887855813397544,0.06421676294233691,0.47619047619047616,0.9841269841269841,454294116.494206,19.934255382140858,0.1746031746031746,0.015873015873015872,0.0,0.031631037246581145,-0.06650787840626593,-0.06569427123469951,-0.43183095949679645,-0.10902034844066655,0.6666666666666666,0.02053650684872806,-0.10902034844066655,0.15526843611862984,-0.14880460870042567,-0.10902034844066655,-0.05446406130248871,0.25246070491959555,0.012969398991500477,-0.10902034844066655,0.10902034844066655,0.008285690444703508,337474731.4279102,-0.02690814919809681,0.030592964165572136,-0.016725918383110994,0.03978426025975912,0.012052899042108711,0.29265539692822506,0.245895162648623,1.0,3.0,1.0,1.0,0.0,63.0,126.0,0.595377358490566,,,,,,,,0,0,0,0,0,0
2026-09-30,APP,310.75,-0.8134209656622244,-0.5675258030136014,0.8812688332047381,0.9389731016270275,-0.5388234296663175,-0.28525425431278306,-0.21922110552763818,-0.27392021729923444,-0.08457637234686155,0.2945476896199748,-0.6914189669527041,0.12148242739576798,-0.5118765024558632,-0.17765017180509113,-0.3281080390443755,-0.5764040207992112,0.5764040207992112,-0.0586305032744453,-0.4601276344720331,-0.6743874697757595,1.3963955944836097,-0.30379747787449973,0.140259604439983,0.37356338853344484,-0.26853318072124654,-0.289167038880478,-0.4931413228268726,-0.33871996874300353,-0.4931413228268726,-0.21922110552763818,-0.15961774307215815,-0.4030479127134725,-0.4055538595924727,-0.17382164489060015,-0.3968712773327293,-0.23160528520429002,-0.408924176374838,-0.3968712773327293,-0.5904170460327995,0.6681369532003123,0.6606147866186316,1.0060632590659913,0.03136938418360114,-0.493645113542594,0.493645113542594,0.04072475237364914,2269107857.231528,0.9722643684605246,0.4126984126984127,0.10317460317460317,0.0873015873015873,0.05489883644832907,0.481711774698209,0.03511483486934319,-0.13401262167666472,-0.09513185356228915,0.5985150370828886,-0.6149714212863608,-0.21177064316856808,0.2350296718711006,-0.2150795534458848,-0.06015706083832373,0.6721880406391278,0.6566334479125427,0.029300784127862363,0.04186839612513915,-0.4496200774654967,0.4496200774654967,0.04072475237364914,0.9523809523809523,0.36507936507936506,2206172717.7800255,21.514525049717374,0.36507936507936506,0.047619047619047616,0.06349206349206349,0.04861670297197241,-0.014476541140942212,0.04281950327858075,-0.009510834026794793,-0.00419790286753341,0.3333333333333333,-0.01869095973055614,-0.23160528520429002,0.37356338853344484,-0.04398216312729253,-0.00419790286753341,-0.02426540731868121,0.44138115077044693,0.0222120322812066,-0.07027881438694217,0.07027881438694217,0.0186520765978615,1544699658.6778913,-0.03472505063172282,0.05021677476457447,-0.027307402126461988,0.03978426025975912,0.012052899042108711,0.29265539692822506,0.245895162648623,2.0,7.0,2.0,1.0,1.0,63.0,126.0,0.9077358490566038,,,,,,,,0,0,0,0,0,0
2026-09-30,APTV,44.790000915527344,-0.7264101211108089,-0.48051495846218595,0.6282001697778185,0.6601319221717235,-0.41135493400959444,-0.39094369923960226,-0.3549827283874115,0.01424088714529137,0.0982618880803543,-0.11607144426718696,-0.15421203347627976,-0.13220051551149026,-0.6476381253156366,0.08469925064394479,-0.6858159086989601,-0.4948685932057001,0.4948685932057001,-0.05337786767632868,0.11283123140144546,-0.18794866396328191,2.147226110500693,-0.2567208403070572,0.05310011003430352,0.12744779843660714,-0.18874272224678834,-0.06929416912531972,-0.34074184124212015,-0.3174818033121963,-0.3549827283874115,-0.2567208403070572,-0.09655580125933294,-0.8749801006113092,-0.8748962998645888,-0.11863974421734513,-0.2702834777434667,-0.07999347934131407,-0.28233637678557544,-0.2702834777434667,-0.5626502068405236,0.5176064361948648,0.6894992697004878,0.9280713105886249,0.02352770885815411,-0.416948697039046,0.416948697039046,0.03345640881020784,208611147.4303412,0.9513965166350997,0.2698412698412698,0.03968253968253968,0.05555555555555555,0.03606051852510011,0.4116795208670524,0.14705577636552636,-0.12390429609453912,-0.08706975585805254,0.6327475006855933,-0.7064059267751663,-0.20736679026096394,0.11606279414541096,-0.20683548880274583,-0.09572430924495712,0.4803756836084756,0.7429378128962699,0.020382963485712547,-0.08515273799692491,-0.2702834777434667,0.2702834777434667,0.03345640881020784,0.9682539682539683,0.1111111111111111,198471918.99647787,19.10615818711005,0.1746031746031746,0.015873015873015872,0.015873015873015872,0.033128047240036866,-0.022948361357065905,-0.05871364067566287,0.001878171581487434,0.0006702992653979667,0.3333333333333333,-0.06466641477851602,-0.20736679026096394,0.12744779843660714,-0.03911396099436115,0.0006702992653979667,-0.0015047378867767414,0.3568892597486314,0.017860888537013075,-0.06590197699964317,0.06590197699964317,0.03345640881020784,230922513.37701708,0.016084044735587666,0.031990548486367114,0.01005774555590877,0.03978426025975912,0.012052899042108711,0.29265539692822506,0.245895162648623,1.0,3.0,1.0,1.0,0.0,63.0,126.0,0.5851886792452832,,,,,,,,0,0,0,0,0,0
2026-09-30,ARE,49.93000030517578,-0.6202252809321311,-0.37433011828350815,1.102623039297219,1.1416924155612003,0.04994722528873696,-0.04914106065756252,0.08972813931096324,-0.0715079423330014,0.1589803498861393,0.15345744337640577,-0.20870811988068483,-0.12731582371828098,-0.20292725761726182,-0.1449788158152423,0.18727782129980003,-0.3777646505801131,0.3777646505801131,0.03443276652420835,-0.0380045988758303,-0.09115549558194602,0.5162000034376666,0.24870848919710253,0.11797809847362568,0.22636389741945884,-0.005295496151110912,-0.07695921753321988,0.018220196977961844,0.11888560849534253,0.018220196977961844,0.24870848919710253,0.07776758517316229,-0.3123772999132539,-0.330610235672989,0.013458283968046825,-0.05525067650427906,-0.026490023682160913,-0.06730357554638777,-0.05525067650427906,-0.12442395947664243,0.47911780844205626,0.8131296564632596,0.9268111905117408,0.022420904849918523,-0.11377351491039489,0.11377351491039489,0.25179848271371674,101021188.79776303,0.9494197648958465,0.2619047619047619,0.047619047619047616,0.03968253968253968,0.037552399424819735,0.7338893716550396,-0.04852842495146115,0.023855394897749127,-0.024732297459649888,0.9901952885301905,-0.14028845422026037,-0.0031098123428476843,0.12040277168058319,-0.029543254328939894,0.03676910066966821,0.44405174643755835,0.8773412155438998,0.020271967030502686,0.042036226218397754,-0.11377351491039489,0.11377351491039489,0.08922338872106206,0.09523809523809523,0.42857142857142855,95911513.3178711,18.378936598526117,0.20634920634920634,0.047619047619047616,0.047619047619047616,0.034775767466271465,-0.03483336789795399,-0.02583166171183804,-0.06806193343967483,-0.02651590146374594,0.3333333333333333,0.02011665356426427,-0.12731582371828098,0.22636389741945884,-0.06630016172350506,-0.02651590146374594,-0.04153108979910913,0.389584898983919,0.01856797654348895,-0.11377351491039489,0.11377351491039489,0.007465676384830866,94262030.26540847,-0.053477650394373244,0.03763840979154014,-0.03780928695447927,0.03978426025975912,0.012052899042108711,0.29265539692822506,0.245895162648623,1.0,3.0,1.0,1.0,0.0,63.0,126.0,0.5237735849056604,,,,,,,,0,0,0,0,0,0
2026-09-30,ARES,122.01000213623048,-0.4512445822272022,-0.20534941957857922,1.0713265629958744,1.0944076731632053,-0.21897551020248684,0.1270154831218595,0.141534847014396,-0.17234064006078387,-0.08070477629568584,0.030534590898669167,0.07717674368053196,0.07607700660390271,-0.15112054991382906,-0.03382351243519488,0.3446076239898726,-0.2873194690044635,0.2873194690044635,0.03509231744560615,-0.4823235642002891,-0.42656394442009815,0.8199871532658387,0.06083007071871016,0.0862280780464161,0.0945485054570534,-0.0398792928432159,0.00038008616719631405,-0.030805793046387864,0.05718637489557277,-0.030805793046387864,0.141534847014396,-0.12504803670552778,-0.15891741845940321,-0.27565178941452906,0.040796021246187086,0.10771133457920112,0.1507501527319275,0.09565843553709241,0.10771133457920112,0.286944371603264,0.4107130462631769,0.6565255302413394,0.9139558101715296,0.019975952475528733,-0.17497924820998068,0.17497924820998068,0.23971189427968476,314001361.67341566,0.893455185035917,0.23809523809523808,0.047619047619047616,0.015873015873015872,0.038710983424907586,0.4781621288067696,-0.13295853717549688,0.004890993242775199,-0.07888970236253123,0.9194877693192591,-0.38029498525073746,0.11772973811759369,0.12735237631446877,-0.0374006625595924,-0.05610983052458196,0.37537357494547874,0.7183339970431655,0.01835320599565701,-0.11588041256482795,-0.17497924820998068,0.17497924820998068,0.14590471907587554,0.47619047619047616,0.9841269841269841,280546144.6954515,19.452248781679614,0.20634920634920634,0.015873015873015872,0.0,0.034977460065699274,-0.08815164445274759,-0.11999072042271208,-0.5147187523383231,-0.1387906176124888,0.6666666666666666,0.02921112476541012,-0.1387906176124888,0.1507501527319275,-0.1785748778722479,-0.1387906176124888,-0.06561818571987932,0.269643600474968,0.015042242898140247,-0.1387906176124888,0.1387906176124888,0.015818845360285216,278685037.3785836,-0.020955205330223103,0.03650234168916882,-0.008032642429774528,0.03978426025975912,0.012052899042108711,0.29265539692822506,0.245895162648623,1.0,3.0,1.0,1.0,0.0,63.0,126.0,0.6032075471698113,,,,,,,,0,0,0,0,0,0
2026-09-30,ARM,310.32000732421875,0.9473340074443239,1.193229170092947,0.9802747304079874,1.0170429659976064,1.8388986758313393,1.4348373068242641,1.051295675755168,-1.1729238004725397,-0.5758297356753683,1.3437996442709035,-1.4685986940662739,0.3902697582054824,0.7586402788269428,-1.1760947255505383,1.0681321232149183,-0.29386061676119646,0.29386061676119646,0.06786063624571925,0.11590803937522942,-0.023356223597813974,0.9658732265581218,0.4754659400797996,0.5864940250361919,0.6797736603361171,0.07123922983124165,0.06836980694124306,-0.12162812471737183,0.4683778303725319,-0.12162812471737183,1.051295675755168,0.003623082307277148,2.2541174281194754,3.1743529777229815,-0.10182078264149674,-0.12479904979537038,-0.32399808926242946,-0.1368519488374791,-0.12479904979537038,-0.14598844354018786,0.9842374860807713,0.9214361018402324,0.868546148151452,0.04733529079519279,-0.29386061676119646,0.29386061676119646,1.265770970444899,2300915654.141587,0.6547331167190344,0.5714285714285714,0.1746031746031746,0.19047619047619047,0.06963011006419859,1.0280842724154826,0.32472989853703427,0.004194918064937436,0.1740492742366837,0.7775394365721656,0.28157332193244966,0.009261968367853868,0.3517337796992996,0.2946723024047633,0.028737568290288396,0.8548556774017223,1.060894811175373,0.03934818146310925,0.1223911230433452,-0.12479904979537038,0.12479904979537038,0.3798746416756076,0.9682539682539683,0.6507936507936508,1506485677.543737,21.13304541004652,0.47619047619047616,0.09523809523809523,0.20634920634920634,0.06373156730015356,0.17919464437316024,0.3099947807530268,0.311817625465395,0.2827911315220428,0.8333333333333334,0.17362025191272398,-0.32399808926242946,0.6797736603361171,0.2430068712622837,0.2827911315220428,0.15775927584412042,0.9069119524592959,0.04106557442821458,-0.06866747912540949,0.06866747912540949,0.32152285855164053,1476941465.3165545,0.08100956101755474,0.06266068251062006,-0.033463714684940915,0.03978426025975912,0.012052899042108711,0.29265539692822506,0.245895162648623,1.0,4.0,1.0,0.0,1.0,63.0,126.0,0.9444339622641509,,,,,,,,0,0,0,0,0,0
2026-09-30,ASML,1743.93994140625,0.5673934391060194,0.8132886017546423,0.9259993964180145,0.9547337198727593,0.6378942840450188,0.2064370417441641,0.32493173562752453,-0.2421944323310785,-0.11144492090431934,0.5094944119340674,-0.631762288414689,0.09183859235400083,0.03227633869929947,-0.44719961210814607,0.628906533020604,-0.12226787648062154,0.12226787648062154,0.033177064788292965,-0.7044164270441643,-0.7405568028320292,0.8536365085268023,0.2134868147232052,0.12122537425932438,0.12075829569064078,0.017636808423082906,-0.12226787648062154,0.08273730329644602,0.20705195121572526,0.08273730329644602,0.32493173562752453,0.23356235266298908,-0.3385034238099167,-0.3198092619271813,-0.030739588801495743,-0.12226787648062154,-0.18011762030055467,-0.13432077552273025,-0.12226787648062154,-0.2644019061182086,0.5166614092350019,0.7785312101086833,0.8950385964022084,0.02562247794955853,-0.12226787648062154,0.12226787648062154,0.39558630210398493,2855667514.6385555,0.9511984010302722,0.31746031746031744,0.06349206349206349,0.047619047619047616,0.032465049540810795,0.5459559449368453,0.024123331130968317,-0.013230731089645231,0.015539467935863138,0.721658529787159,-0.3346610239814123,0.041135672047651894,0.1369294284511961,0.07055858895411293,-0.03561611887384164,0.4624319025368831,0.8698297629154201,0.022620568752614856,-0.06294685318731474,-0.12226787648062154,0.12226787648062154,0.12462194719903219,0.9682539682539683,0.6507936507936508,2716306373.7982855,21.72253884396226,0.2698412698412698,0.031746031746031744,0.047619047619047616,0.03027049854785444,0.016076548689853976,-0.008432093273109342,0.07025809125009506,0.028260406108834513,0.8333333333333334,0.05590628309392707,-0.18011762030055467,0.23356235266298908,-0.011523854150924606,0.028260406108834513,0.034074298543903536,0.4022370321481837,0.01927949537036399,-0.01184805194149452,0.01184805194149452,0.10715799408058002,2169269768.90346,0.04123836729729491,0.02996457399133631,0.005701069304058004,0.03978426025975912,0.012052899042108711,0.29265539692822506,0.245895162648623,1.0,4.0,1.0,0.0,1.0,63.0,126.0,0.8766981132075471,,,,,,,,0,0,0,0,0,0
2026-09-30,ASTS,61.810001373291016,0.013477271485672349,0.25937243413429534,1.0799115693220276,1.138514562702239,-0.14897420197297007,-0.2194721622969381,-0.2541329875141054,-0.2008533507506739,0.090533530099289,0.07228185911960261,-0.37669328215879416,-0.10824183568731804,-0.5467883844423305,-0.05027843552508615,-0.2367358969457164,-0.5355774057099906,0.5355774057099906,-0.0603782187791394,-0.7339438920014059,-0.8149344104455267,0.4963494686132812,-0.1635994574148164,0.14913344299177309,0.5346414251749987,-0.16734021135810395,0.02792005899982941,-0.4549863382647793,-0.290906261064567,-0.4549863382647793,-0.1635994574148164,-0.21647123057064188,-0.23963983125952715,-0.20477386992448054,-0.08822897183348744,-0.30441142303919155,-0.33625929397792986,-0.31646432208130026,-0.30441142303919155,-0.32127350884560624,1.0734873367023767,0.7083771306203472,0.882651173772477,0.053448221438410555,-0.5355774057099906,0.5355774057099906,0.16556671310771143,1399793980.8765898,0.6015275109535624,0.6428571428571429,0.2222222222222222,0.2619047619047619,0.08167058889959856,0.3291998816496403,0.19546164635337138,-0.024344317507257074,-0.015676532070480143,0.553337480507025,-0.2170564329691188,0.002034569901934846,0.3028429007237755,0.047982398321791964,-0.0918190418187187,0.9475148577702431,0.80255615317739,0.04406175265473519,-0.08628906748101928,-0.30441142303919155,0.30441142303919155,0.16556671310771143,0.9682539682539683,0.6507936507936508,842014589.1644735,20.551307900042783,0.5555555555555556,0.19047619047619047,0.20634920634920634,0.07034372671460536,-0.008825033093922463,-0.029941804480080325,0.06030048819648716,0.04585453416477825,0.5,-0.013073638499029669,-0.33625929397792986,0.5346414251749987,0.00607027390501913,0.04585453416477825,0.01677909554437962,0.7604338793305082,0.036677149053299246,-0.06518453106860789,0.06518453106860789,0.10770613294630338,590137871.6152372,0.01711372874265904,0.06304573315580023,0.002010201863196892,0.03978426025975912,0.012052899042108711,0.29265539692822506,0.245895162648623,1.0,4.0,1.0,0.0,1.0,63.0,126.0,0.9184905660377359,,,,,,,,0,0,0,0,0,0
2026-09-30,ATO,157.2100067138672,-0.30384812866744526,-0.05795296601882227,0.8949563600449868,0.8996980442626494,-0.045897496708120156,-0.14849605790836573,-0.13895398300792772,0.07408029644328862,-0.023839872434964438,-0.062124694331574415,-0.01979375283512752,0.028475510589540676,-0.4316093799361528,0.05703553584122578,-0.8484946657145416,-0.17285126614290047,0.17285126614290047,-0.026183629493476634,-0.2503782693277614,-0.3117861174668468,0.5881545267311967,-0.16279385544289215,0.05106301550043583,-0.10471330714513327,-0.0795168728285498,-0.019850848387779396,-0.0648736865646391,-0.12220717500515299,-0.16279385544289215,-0.0648736865646391,0.01856562802014805,-0.09396499172690065,-0.14261261935140646,-0.023970583497210374,-0.08191844716670194,0.0029604654051578194,-0.09397134620881065,-0.08191844716670194,-0.5121378447203092,0.16376529944464718,0.6853815814199938,0.9767264713610391,0.008188253468662055,-0.17285126614290047,0.17285126614290047,0.006208404932151357,202362635.62041995,0.8722742817772731,0.0,0.0,0.0,0.016098932691153825,0.5088484393977681,-0.04999321400878309,-0.040788385109432834,-0.06555188980651738,0.7608589798640104,-0.03490924832256259,-0.03269075545213895,0.05052287923760243,-0.08462837320070415,-0.037442519437689614,0.15995390305795418,0.7017129170922696,0.00796670668517627,-0.05397217040795821,-0.11889740770004331,0.11889740770004331,0.006208404932151357,0.8412698412698413,0.031746031746031744,176515722.64435783,18.988920516173447,0.0,0.0,0.0,0.015286413436747318,-0.046848658430500234,-0.06511400613723717,-0.47836828008387994,-0.05369287850943871,0.5,-0.023515889515310733,-0.10471330714513327,0.028475510589540676,-0.09347713876919783,-0.05369287850943871,-0.036452464594526446,0.11224171991509112,0.006561855045771246,-0.07042330148524178,0.07042330148524178,0.006208404932151357,162642557.04621816,-0.01475883927019106,0.013971316439501414,0.0007256996677638128,0.03978426025975912,0.012052899042108711,0.29265539692822506,0.245895162648623,1.0,3.0,1.0,1.0,0.0,63.0,126.0,0.08075471698113207,,,,,,,,0,0,0,0,0,0
2026-09-30,AVGO,352.8099975585937,-0.1685309074575616,0.07736425519106138,0.9534368520765083,0.9754115921547436,0.02500566769126933,0.1101688836188679,0.14378162474306433,-0.3514010872565103,-0.29570686133318547,0.22240915541505824,-0.28673093370319347,0.3486801802051369,-0.14887377218516074,-0.20810340303119956,0.3003894158980833,-0.2648797606945673,0.2648797606945673,-0.01725714111592802,-0.4311928857469475,-0.4677795708386463,0.8172650324129317,-0.15192523659012114,0.18886817217562965,0.07028722096076212,-0.09411042792722313,0.04063185527636881,-0.20761946251344598,-0.07192102478683426,-0.20761946251344598,0.14378162474306433,-0.1531484658936929,-0.2609394933479132,-0.2946407207365557,-0.025773467097066183,-0.06432177828813523,0.03052280773119076,-0.07637467733024395,-0.06432177828813523,-0.16277606177941267,0.478650768414047,0.7086488320355119,0.8255601957959963,0.022585823708893723,-0.2648797606945673,0.2648797606945673,0.20654326767634257,9463357710.317122,0.8996410024506306,0.2857142857142857,0.03968253968253968,0.03968253968253968,0.03288835088366445,0.6458337342473952,0.056043409000961164,-0.06909898404718995,-0.061689344118459166,0.6337369317830663,-0.16900985145124914,-0.04865393869238366,0.1723625575278808,-0.09203540698738799,-0.08832454570999682,0.39515502208980474,0.8583854159202047,0.018757606432007835,-0.0619501091317487,-0.17371318103269728,0.17371318103269728,0.04180285972991582,0.5396825396825397,0.12698412698412698,8513624617.058599,22.8649336134178,0.19047619047619047,0.015873015873015872,0.031746031746031744,0.030314907261141322,-0.024232073468124282,-0.008294079396582221,-0.13443609425209052,-0.04560009239474527,0.5,0.033681285319377995,-0.1531484658936929,0.3486801802051369,-0.08538435265450439,-0.04560009239474527,-0.013238899956745098,0.3391953079895147,0.015842258350936576,-0.048682681925208304,0.048682681925208304,0.04180285972991582,9702993112.969534,0.0049767781935208255,0.028738015827600993,-0.011935966826543187,0.03978426025975912,0.012052899042108711,0.29265539692822506,0.245895162648623,2.0,8.0,2.0,1.0,1.0,63.0,126.0,0.8569811320754717,,,,,,,,0,0,0,0,0,0
2026-09-30,AVY,170.33999633789062,-0.17150816338920438,0.0743869992594186,0.7622698220458102,0.7714710783733935,-0.04727107997915214,-0.11748232775160794,-0.0014596965344663149,0.08543478513407676,0.05329851084397175,-0.05379633355787683,0.10910856588118278,-0.05067174753287673,-0.2941150934626914,0.05677192885777227,-0.005636546524883677,-0.12239882537906355,0.12239882537906355,0.007297632221077155,0.20669251173229952,0.27343736828402987,2.4551942060157064,0.05183881430950543,0.04315200631554247,-0.029646690803219578,0.03117904430477414,0.0006021438026652115,0.08397508859961045,0.04478473545821652,-0.0014596965344663149,0.08397508859961045,0.027160545854000517,-0.9191855698278218,-0.9204759529394041,0.02846282503947206,0.055312232323305954,0.04545733418425835,0.04325933328119724,0.055312232323305954,0.20505581882412058,0.25897001435580963,0.7859142290731066,1.0415967299880053,0.012791975616823867,-0.06738916967291897,0.06738916967291897,0.11973040775556143,132700628.97417583,1.1605592943364589,0.07936507936507936,0.0,0.0,0.024162304828003002,0.3057832010547814,-0.015132847353905077,0.015770802398339168,-0.008580791481409111,0.8524773523018276,-0.8081157664770392,0.025805680977043943,0.03787014868035569,0.009426399162178134,-0.03221507244833377,0.2697423201179581,0.7545283183465417,0.013440191548899808,-0.05081844418011039,-0.06738916967291897,0.06738916967291897,0.10393003928437294,0.38095238095238093,0.7142857142857143,154006948.32027376,18.852508284816103,0.09523809523809523,0.0,0.0,0.025452894077080103,-0.022284812217523875,-0.059154513630751415,-0.07845219925760095,-0.015967236406085328,0.5,0.00035631437885352835,-0.05067174753287673,0.04545733418425835,-0.05575149666584445,-0.015967236406085328,-0.006762986041798924,0.20352821918549746,0.010801756472384561,-0.039307210796961645,0.039307210796961645,0.01568176923700504,201827352.9789516,-0.0020797525268361206,0.02180932709529637,-0.002027127006520968,0.03978426025975912,0.012052899042108711,0.29265539692822506,0.245895162648623,1.0,3.0,1.0,1.0,0.0,63.0,126.0,0.18547169811320754,,,,,,,,0,0,0,0,0,0
2026-09-30,AWK,130.91000366210938,-0.27972397774029045,-0.033828815091667463,1.0612116328574321,1.0667293880120219,0.023933544533430995,-0.02430758998919147,-0.024737709752056802,0.09377929946102814,0.05824840424574129,-0.026223454671820856,0.027749210171778338,-0.05635974988558501,-0.31739310668028187,0.026263465252014284,-0.11329374812965479,-0.07528450734830017,0.07528450734830017,0.01006127319713479,-0.5626175520777884,-0.5619502134022862,0.983391826187239,0.03351069449368449,0.04734602785059548,-0.03323621415417477,-0.0014162085513238498,-0.022514027818584026,0.06904158970897134,0.025938191483533008,-0.024737709752056802,0.06904158970897134,0.06741297848631977,-0.49072352382132967,-0.517692343035401,0.023643993487669324,0.0015257554999574818,0.019683880270568777,-0.01052714354215123,0.0015257554999574818,0.006884871364367253,0.21835017519013192,0.629520800314315,1.0149287828605507,0.010861468154590983,-0.07083537348834934,0.07083537348834934,0.08792833609056738,274723608.0428956,1.055520796516661,0.023809523809523808,0.0,0.0,0.022193455411117263,0.40466887743375907,-0.05882759784260194,0.01640203371346094,-0.03706098497182342,0.7893286408529617,-0.46467351961777914,0.037112880393686654,0.05164993641192299,-0.017807602063683814,0.013246017860986337,0.22160987754310857,0.6202610576675409,0.010335775933630125,-0.012748367536677074,-0.07083537348834934,0.07083537348834934,0.019895850607855037,0.23809523809523808,0.8095238095238095,289976481.5833682,19.485310383116342,0.047619047619047616,0.0,0.0,0.02145319493145312,-0.04565997543509992,-0.03535487501762824,-0.38525180890360583,-0.05295516379713927,0.5,-0.0030568981143873075,-0.05635974988558501,0.06741297848631977,-0.09273942405689839,-0.05295516379713927,-0.04632507391123564,0.13745597703446275,0.0070057535723667365,-0.07083537348834934,0.07083537348834934,0.0,265546585.28544107,-0.031823839502362006,0.01760750180175827,-0.01317672529629721,0.03978426025975912,0.012052899042108711,0.29265539692822506,0.245895162648623,1.0,3.0,1.0,1.0,0.0,63.0,126.0,0.1990566037735849,,,,,,,,0,0,0,0,0,0
2026-09-30,AXON,430.1099853515625,-0.6465556935942562,-0.40066053094563325,1.0627059360374942,1.1512276956896565,-0.24267076770304885,-0.20702439898265745,0.012762209797731128,-0.05423576974271627,0.05780224384830501,0.3200451673663045,-0.5528273214661151,-0.05399230625624374,-0.27989318713049394,-0.24554436389754175,0.01834968302184088,-0.43364849893491464,0.43364849893491464,0.04428420554796686,-0.44576410386000376,-0.574780329642911,0.8599695453556667,0.07056445364603614,0.056028466876082615,0.11688567879733269,-0.1429152478312986,-0.33390632957624744,-0.04147355994498514,0.013951034499594043,-0.04147355994498514,0.07056445364603614,0.2493536811964534,-0.20411866098158393,-0.39579830460693544,-0.021471752582667647,-0.23278215409981062,-0.05859684351740013,-0.24483505314191933,-0.23278215409981062,-0.30903444245476996,0.6955002864376889,0.8902744335633224,1.0830424631903295,0.033113953873269014,-0.33390632957624744,0.33390632957624744,0.2433080369894851,510387761.31947833,1.0423020573384147,0.4365079365079365,0.14285714285714285,0.0873015873015873,0.055970692433330645,0.8207375068215482,-0.21131453013362855,-0.07115928500578927,-0.2011155067703012,0.7107827076559977,0.06520155415250128,0.07351824138816343,0.16991453643653365,-0.18502732796565668,-0.1836621044313823,0.7532563433730544,0.8220124914962537,0.03678155463498519,-0.26298134168466725,-0.33390632957624744,0.33390632957624744,0.0,0.4126984126984127,0.0,531978213.6636401,20.092113096587074,0.5079365079365079,0.14285714285714285,0.1111111111111111,0.053414647460699786,-0.1881301259897855,-0.2690028049319143,-0.3889613567799088,-0.2408394747158611,0.5,0.014388162815407427,-0.2408394747158611,0.2493536811964534,-0.2806237349756202,-0.2408394747158611,-0.11673112420938714,0.619186123551442,0.032378293990364224,-0.29628603278582444,0.29628603278582444,0.0,507282489.75118,-0.05242080388442116,0.0500403479095453,-0.03868850287097969,0.03978426025975912,0.012052899042108711,0.29265539692822506,0.245895162648623,1.0,3.0,1.0,1.0,0.0,63.0,126.0,0.824811320754717,,,,,,,,0,0,0,0,0,0
2026-09-30,AXP,308.8900146484375,-0.3060046674145587,-0.060109504765935684,0.9757208913503488,0.997072628840875,-0.15825118103543923,0.005874928236673904,0.02722415363705899,-0.04850404936100594,-0.06843890006978615,0.12179097364417091,-0.20609083184316224,0.0713808434319898,-0.2654312432911661,-0.11152401183605032,0.11129492437847809,-0.1909247304883097,0.1909247304883097,0.0002042001890594225,-0.11442179570776512,-0.18907591275371793,0.728890713373472,-0.041214746432727156,0.035199252169988,-0.020368285704650768,-0.06247239443639663,-0.13311612638769088,-0.02127989572394695,-0.011756829506538372,-0.041214746432727156,0.02722415363705899,0.06882161484773386,0.24316472320611293,0.16304071824985655,-0.03120345238935518,-0.08429985819899133,-0.0031915630842594966,-0.09635275724110004,-0.08429985819899133,-0.34230555468648377,0.2446127151717938,0.8753184046151252,1.006778353260693,0.011778699081804504,-0.14569790527050908,0.14569790527050908,0.06310858472869052,980416347.2332909,0.9760175719173774,0.07936507936507936,0.0,0.0,0.020232664361939268,0.9082415425694306,-0.058854435789014836,-0.046933386550776834,-0.06958877216684356,0.8875622175461638,0.17283888812405368,-0.018081744452834614,0.053932827538621636,-0.08136798617565055,-0.06022099161825589,0.24627078656728554,0.8694251339236652,0.011930395507180815,-0.07544397657743729,-0.14569790527050908,0.14569790527050908,0.022950137069368548,0.7936507936507936,0.031746031746031744,956903582.6947409,20.679213195851414,0.06349206349206349,0.0,0.0,0.0188200144379758,-0.0502714998872561,-0.08434430464223852,-0.30101551656457903,-0.06445163980330548,0.3333333333333333,0.0056848708724455506,-0.06445163980330548,0.0713808434319898,-0.1042359000630646,-0.06445163980330548,-0.0331112586991571,0.2141140115927486,0.010634212257006701,-0.07562242260214957,0.07562242260214957,0.022950137069368548,949694922.1185594,-0.010773236521706808,0.020286927576141967,0.0060449720443227495,0.03978426025975912,0.012052899042108711,0.29265539692822506,0.245895162648623,1.0,3.0,1.0,1.0,0.0,63.0,126.0,0.4234905660377359,,,,,,,,0,0,0,0,0,0
2026-09-30,AZO,2872.159912109375,-0.5764315067217213,-0.3305363440730983,1.122865046017533,1.153841772680985,-0.1531299094473315,-0.23522868575250266,-0.14969006649398386,0.12821614809172965,-0.07489507741895884,-0.053834200662402854,-0.04747559715388783,0.09658710667074222,-0.44234546342220893,0.04838026867769318,-0.47610902608359107,-0.3305363440730983,0.3305363440730983,-0.04135495200859629,-0.3473151866726164,-0.413438553148577,1.1565329883570505,-0.2245851439129427,0.10271548340077227,-0.20756853530060926,-0.06597261005664679,0.029660157621615668,-0.02147391840225421,-0.13191637626972694,-0.2245851439129427,-0.02147391840225421,0.08883581819412845,0.1587008185899128,0.11257339837232716,-0.023425668724031845,-0.10130979781629068,-0.05622444248035041,-0.11336269685839939,-0.10130979781629068,-0.3383643980944287,0.31440291675483295,0.827904050275415,0.9523141139444231,0.01466286994900602,-0.2245851439129427,0.2245851439129427,0.024582150043476414,970521435.2562314,0.8656015149588338,0.11904761904761904,0.007936507936507936,0.015873015873015872,0.02678004526672087,1.0727294951717394,-0.03700265113140777,-0.030769123857504965,-0.03555322925236559,0.9341340687999686,0.4023649728347716,-0.008291756242229553,0.11176267528339988,-0.047771268260464184,-0.04246816341190218,0.29941033509092096,0.8693602648041099,0.014094152603045987,-0.051036612376337054,-0.10751208014965163,0.10751208014965163,0.024582150043476414,0.9523809523809523,0.06349206349206349,840084824.6578156,20.549013427629173,0.14285714285714285,0.0,0.015873015873015872,0.026447642138805797,-0.022606999676882178,-0.045500316371755556,-0.15294006799688198,-0.03980960354694563,0.3333333333333333,-0.0210785687842107,-0.20756853530060926,0.09658710667074222,-0.07959386380670475,-0.03980960354694563,-0.010884862425766806,0.26029544819973033,0.01278700828659849,-0.03980960354694563,0.03980960354694563,0.024582150043476414,1130031393.75,0.0025109884184106868,0.029360197863356596,0.00599426980827622,0.03978426025975912,0.012052899042108711,0.29265539692822506,0.245895162648623,1.0,3.0,1.0,1.0,0.0,63.0,126.0,0.5504716981132075,,,,,,,,0,0,0,0,0,0
2026-09-30,BA,198.07000732421875,-0.3281821216263555,-0.08228695897773253,1.018572380808973,1.0409537725807005,-0.08773944464528372,-0.12947739468699326,-0.004823350555021921,-0.13828712941790777,-0.1303554103937239,0.08762499396257017,-0.1726251962664661,0.15073104649549252,-0.297478747483247,-0.08017685174887401,-0.01369522549944127,-0.2144754625473725,0.2144754625473725,-0.01744503843443601,-0.23344311846814092,-0.2986006084757926,0.9001779305769173,-0.1351787609487458,0.07765176038811564,0.009256408018542883,-0.09340360396706915,-0.07507019322524977,-0.1431104799729297,-0.09437086382556581,-0.1431104799729297,-0.004823350555021921,-0.06350851422628812,0.03148322237783696,-0.016720133740110943,-0.030648852637936375,-0.08500020230389593,-0.0015244691143981859,-0.09705310134600464,-0.08500020230389593,-0.2576246107129828,0.35219212383313453,0.690728601163974,0.9368131349847397,0.016960310245480434,-0.1767664077323372,0.1767664077323372,0.046826279245104185,1365220650.036706,0.9225725480435092,0.16666666666666666,0.031746031746031744,0.0,0.02706995897874872,0.8789156052040052,-0.04042629316949553,-0.053011478181795746,-0.07604620564183073,0.9180391033456459,-0.09940031491842272,-0.03867863715165698,0.07811008712394833,-0.08360318366085417,-0.09090344392323935,0.32993820764505244,0.7373173745853016,0.015408207925193615,-0.0843980761227604,-0.1753611502937662,0.1753611502937662,0.006453273642109236,0.5714285714285714,0.015873015873015872,1259515093.7459798,20.953992638398088,0.15873015873015872,0.015873015873015872,0.0,0.025761328992300367,-0.052867613961163795,-0.06515952061623265,-0.19210029400156545,-0.046732079661777504,0.3333333333333333,0.0015906257266524355,-0.06350851422628812,0.15073104649549252,-0.08651633992153662,-0.046732079661777504,-0.03335216864619783,0.24326917303623014,0.012464668364394204,-0.06680797491534163,0.06680797491534163,0.006453273642109236,1304990932.883853,-0.014964235536712556,0.029531405333441202,-0.003341110785239909,0.03978426025975912,0.012052899042108711,0.29265539692822506,0.245895162648623,1.0,3.0,1.0,1.0,0.0,63.0,126.0,0.7075471698113207,,,,,,,,0,0,0,0,0,0
2026-09-30,BAC,56.70000076293945,-0.1234176862971228,0.12247747635150019,0.8748023259821138,0.8873487097095659,0.04744064018085514,0.156115379086891,0.17508495581601857,-0.06490296549065944,-0.10352872861176632,0.17489339808084936,-0.17473035542908022,0.09661530210307157,-0.11757044111220649,-0.17492191316424943,0.8191639044182163,-0.12067133596910906,0.12067133596910906,0.028970236575359687,-0.3082522274867754,-0.3081394430955895,0.861078539703174,0.07155622720425225,0.0523172090140812,-0.03479228041682336,-0.02141028208249507,-0.09987739134627038,0.11018199032535914,0.11894105778187665,0.07155622720425225,0.17508495581601857,0.110001012816763,-0.34239850564982144,-0.39495895483967025,0.01165261839489995,0.0001630426517691408,0.08722364674262573,-0.01188985639033957,0.0001630426517691408,0.0007609074547226627,0.21373617034599052,1.1846522624830935,1.0025161270370773,0.010225412480340335,-0.12067133596910906,0.12067133596910906,0.21961649389217985,1951449539.6457915,1.0268225884350455,0.03968253968253968,0.0,0.007936507936507936,0.019623811643637624,0.7599273555717914,-0.07638805654040548,-0.02351743934971262,-0.0753037884239024,1.1716873034246895,-0.1368701167599491,-0.00016147414943690208,0.07912513741853054,-0.08007607666710914,-0.044750851316305074,0.21427395770299942,1.1816790079819635,0.009762662613232885,-0.08214143060732082,-0.12067133596910906,0.12067133596910906,0.012500013623918838,0.49206349206349204,0.031746031746031744,2003792467.4994695,21.418307456173466,0.031746031746031744,0.0,0.015873015873015872,0.01847764365540782,-0.06707184031980185,-0.0843906617767276,-0.315665678605466,-0.07992750874416332,0.5,0.02982644972533945,-0.07992750874416332,0.110001012816763,-0.11971176900392244,-0.07992750874416332,-0.05420141290179947,0.25320303777484954,0.010266094280009823,-0.09598209330426333,0.09598209330426333,0.012500013623918838,2270671409.709295,-0.015094920486996233,0.023847302351180797,0.002156330822457253,0.03978426025975912,0.012052899042108711,0.29265539692822506,0.245895162648623,1.0,3.0,1.0,1.0,0.0,63.0,126.0,0.4023584905660377,,,,,,,,0,0,0,0,0,0
2026-09-30,BALL,56.83000183105469,-0.10301377766852071,0.14288138498010228,0.9892430034697425,0.9950803951964114,0.0834695884535368,-0.14507089860372013,-0.031967474681458774,0.0786183927324523,-0.031221728583359032,0.059535033081733024,-0.14589603569723908,0.033327678003037375,-0.32462287160968384,-0.05439352793404728,-0.1259288657392768,-0.15301975174664717,0.15301975174664717,-0.0029433138174215223,-0.24258445748940638,-0.30799562313718876,0.7465881894503589,-0.0631892032648178,0.0565987341764213,-0.1049443701060796,-0.052341330845930956,-0.11898433715508072,0.04665091805099353,-0.016168586631761017,-0.0631892032648178,0.04665091805099353,0.14558476712057766,-0.1533179783581765,-0.23344053584306923,0.0005605926289549146,-0.08636100261550606,0.040064070327720636,-0.09841390165761477,-0.08636100261550606,-0.38894014287869005,0.2538534314097949,0.7558906651774695,0.874685380942474,0.01183920330608824,-0.14768912851447902,0.14768912851447902,0.08344878614909468,145374381.65072486,0.8113813000166975,0.07142857142857142,0.0,0.007936507936507936,0.022826605973184845,0.5602990869221367,-0.08908549171811853,-0.027950996870367062,-0.08641022693175227,0.8644769083420565,-0.08935248660102202,-0.029737999222836597,0.09459991264207414,-0.12155508160510786,-0.03642704607844183,0.22204188535623062,0.8641857765623073,0.01055509715655181,-0.04809374006715417,-0.14768912851447902,0.14768912851447902,0.003000388000359955,0.6666666666666666,0.015873015873015872,117954054.77288868,18.58580574875361,0.06349206349206349,0.0,0.0,0.020925458300610402,-0.07454971141656697,-0.0810342068320018,-0.493165224675777,-0.09463122569855087,0.5,-0.0017228465960218986,-0.1049443701060796,0.14558476712057766,-0.13441548595831,-0.09463122569855087,-0.06439385895229566,0.19188543912593298,0.00996754156275681,-0.10598909206216,0.10598909206216,0.003000388000359955,121547695.29604231,-0.04626844894147708,0.021894876225299204,-0.02685020883635114,0.03978426025975912,0.012052899042108711,0.29265539692822506,0.245895162648623,1.0,3.0,1.0,1.0,0.0,63.0,126.0,0.15849056603773587,,,,,,,,0,0,0,0,0,0
2026-09-30,BAX,23.3700008392334,-0.21756650700379399,0.028328655644829004,1.1122040359528556,1.1522858210264502,0.22462906893752144,0.14831460526732587,0.392331558384726,-0.14744254224505493,-0.06177601399018284,0.2697072647287799,-0.17313044181665815,0.04642873741756737,0.09967616145650093,-0.2957547354726042,0.9893755309450131,-0.17534333573408722,0.17534333573408722,0.0665618322854249,-0.046824440994239436,0.04523022617202277,0.6079606120813923,0.33055554439454315,0.0740431554696796,0.06881459081430341,0.038159648385642564,-0.14267535591753344,0.24488901613967107,0.3225920396396467,0.24488901613967107,0.392331558384726,0.135250162258294,0.6458296795530278,0.479347730476519,0.04823338384228282,0.09657682291212177,0.22701695590883753,0.08452392387001306,0.09657682291212177,0.2425151446733841,0.3965446345837825,0.5925221678581637,1.0042503031049717,0.019430112628649198,-0.17534333573408722,0.17534333573408722,0.4804536279061984,147526261.7779694,1.0905867796627595,0.23809523809523808,0.031746031746031744,0.015873015873015872,0.03460370695418234,0.6986613157111051,-0.09280471788853739,-0.022497566098127697,-0.06856315610797559,0.8913517775394136,-0.006878826819865402,-0.00573278721466719,0.1132180786686248,-0.10630670779940465,-0.09647433496379743,0.3982300694754138,0.5900144277041148,0.018455499772671788,-0.11479293287378267,-0.17534333573408722,0.17534333573408722,0.09657682291212177,0.5873015873015873,0.9682539682539683,160890190.74812087,18.896232651422896,0.23809523809523808,0.047619047619047616,0.0,0.032605526615025165,-0.06381254164573358,-0.1138747224530472,-0.4305123165795699,-0.10115381387563849,0.6666666666666666,0.06177064088478277,-0.10115381387563849,0.22701695590883753,-0.1409380741353976,-0.10115381387563849,-0.03789543793152217,0.23496148653610616,0.01230509635980134,-0.10562565672322166,0.10562565672322166,0.02500007110729796,152138725.65106893,-0.0007268672608261584,0.03126718401956471,-0.0008550369056872231,0.03978426025975912,0.012052899042108711,0.29265539692822506,0.245895162648623,1.0,3.0,1.0,1.0,0.0,63.0,126.0,0.4968867924528302,,,,,,,,0,0,0,0,0,0
2026-09-30,BBY,90.51000213623048,0.014755141979769348,0.26065030462839234,0.9027511087519939,0.916309958657726,0.4057658629544634,0.5182815875901341,0.4435640483730907,-0.2546375864036581,0.08853725788710731,0.19765994046177315,0.007660534577665912,-0.05778812244682652,0.15090865144486565,-0.23824357333365165,1.0729592382067854,-0.04545451985304105,0.04545451985304105,0.08078686572059857,-0.4044841545500275,-0.28221255826872604,0.8966297016247167,0.532101306260198,0.17816103212058823,0.28864261606416175,0.1558235019352716,-0.021905431068082404,0.18892646196943264,0.3881972722009071,0.18892646196943264,0.532101306260198,-0.013601372754801888,-0.5699458561815633,-0.509262262393563,0.05741868359490887,0.20532047503943907,0.13679497223612747,0.19326757599733035,0.20532047503943907,0.5682006719067579,0.41340251575112036,1.0435295630179073,0.874092516898252,0.019284739819366688,-0.04545451985304105,0.04545451985304105,0.6692510288482756,290997115.448428,1.0850916818938137,0.19047619047619047,0.015873015873015872,0.007936507936507936,0.03217496699194176,0.5022830127687086,0.06566885562220548,0.035955469775136306,0.0459431776450403,1.0871582389223968,-0.38225866567275435,-0.0708323729292698,0.14175470758474132,0.060279561818010974,0.05559963401903967,0.361352045484966,1.1938433779537534,0.01843327262533548,0.08036428269700036,-0.04545451985304105,0.04545451985304105,0.20532047503943907,0.047619047619047616,0.9682539682539683,315758549.42818296,19.570488398569104,0.20634920634920634,0.015873015873015872,0.015873015873015872,0.03209690679191735,0.029551040814173257,0.07723042270732394,0.3270922721132647,0.14110686912394987,0.5,0.07072043154889014,-0.0708323729292698,0.28864261606416175,0.10132260886419076,0.14110686912394987,0.01548178418373003,0.43139774661227015,0.021695041829968117,-0.04545451985304105,0.04545451985304105,0.14110686912394987,373208746.10788256,-0.021901650935530537,0.0337794480539949,-0.01694361967839153,0.03978426025975912,0.012052899042108711,0.29265539692822506,0.245895162648623,1.0,3.0,1.0,1.0,0.0,63.0,126.0,0.554056603773585,,,,,,,,0,0,0,0,0,0
2026-09-30,BDX,183.82000732421875,0.03457780811234201,0.280472970760965,0.9570652689088688,0.9634828209197106,0.22826149017458341,0.06185838712628833,0.18430051442651396,0.08138450652845264,0.06507934997437359,-0.030739363262506925,0.2525990669773298,-0.05208932193379068,-0.1083548825017111,0.037559189288308925,0.6539364737608723,-0.03695816731809687,0.03695816731809687,0.04219455627307589,-0.3016926651178228,-0.14676640669897523,0.7948325184065522,0.24937986440088755,0.04305929598863211,-0.012882475721942788,0.13442398609020212,0.0023960380685590366,0.2656850209549666,0.23312179992745605,0.18430051442651396,0.2656850209549666,0.03586771632365093,-0.4399148159415881,-0.44946035096969306,0.08408652490503044,0.2218597037148229,0.09442928691545749,0.20980680467271418,0.2218597037148229,0.7933889079684096,0.28183244370294586,0.8576395559194306,0.9922047866420065,0.01359505363059723,-0.03695816731809687,0.03695816731809687,0.31407880963943535,377954263.90864056,0.8270405814064583,0.0873015873015873,0.007936507936507936,0.0,0.0235208276339367,0.5678447500321295,-0.016697706629462794,0.06878418946889364,0.03977673269321036,1.005973323690228,-0.2788758140066263,0.13579281953151456,0.07234020187075772,0.1164354959455769,0.018624844464932844,0.2796354996730767,0.8643775634483732,0.013602676521192734,-0.01777086603097744,-0.03695816731809687,0.03695816731809687,0.2281086031729429,0.38095238095238093,0.8888888888888888,312583514.1680521,19.56038223997397,0.1111111111111111,0.0,0.0,0.022929922165304997,0.00014697037622068976,-0.03758387841788191,-0.07050994917609235,-0.017043005778045073,0.5,0.030679169889474073,-0.05208932193379068,0.13579281953151456,-0.05682726603780419,-0.017043005778045073,0.006563696133942365,0.24171065186108243,0.011830068735451168,-0.024356134289451714,0.024356134289451714,0.04194540999930729,332492747.31292725,0.008741873344892959,0.02324605959316964,0.010810905784248481,0.03978426025975912,0.012052899042108711,0.29265539692822506,0.245895162648623,1.0,3.0,1.0,1.0,0.0,63.0,126.0,0.36198113207547167,,,,,,,,0,0,0,0,0,0
2026-09-30,BE,288.70001220703125,2.16784509097349,2.413740253622113,0.9156893678587507,0.9812613467493284,2.322591946541379,0.8545642423256876,1.130784563453259,-1.1178020644812194,-1.1119391825543172,1.2341132182056298,-1.2803636292905978,1.0913718640734649,0.8381291665250339,-1.177034974538227,0.9920019059313301,-0.16524502786730888,0.16524502786730888,0.033659004285341076,0.19624446192704226,0.14091766380480042,1.2328578534068988,0.01884538089894172,0.6436775298292523,0.005787742565001697,0.13736962742657277,0.07851464062814173,0.012982498972039513,0.38753748110808006,0.012982498972039513,1.130784563453259,0.062105305989583304,0.7179853120447179,1.4041801901203819,-0.04043397014589978,-0.04625041108496786,-0.32008592910848555,-0.05830331012707657,-0.04625041108496786,-0.04207302376455986,1.1399016037087493,0.6741847563758727,0.9643718101800318,0.05188991697289071,-0.16524502786730888,0.16524502786730888,1.4156974901392738,3272344205.631601,1.1227848709917685,0.5793650793650794,0.2222222222222222,0.15873015873015872,0.08702681738477942,1.097808200381045,0.3572482171902891,0.1460470630827604,0.25699253203792805,0.7671320985790152,0.05295245577340113,0.0023808634127435724,0.48996074502699427,0.40275018527629536,0.17697358436639288,1.0992889729957278,0.6990921439833604,0.0508382351973879,0.2573265341668245,-0.04625041108496786,0.04625041108496786,0.7630535096612596,0.9682539682539683,0.6507936507936508,3674138566.7607384,22.024584538804046,0.6031746031746031,0.20634920634920634,0.15873015873015872,0.0875172991248616,0.19148343660803357,0.3222947472385198,0.5197347225026183,0.3994183613007529,0.8333333333333334,0.2068297013721768,-0.32008592910848555,1.0913718640734649,0.3596341010409938,0.3994183613007529,0.12555585241146483,0.7685042849888497,0.04134189796170405,0.0,-0.0,0.3994183613007529,4264199355.771746,0.06422590241142823,0.06572591920967978,0.04604484046695023,0.03978426025975912,0.012052899042108711,0.29265539692822506,0.245895162648623,2.0,6.0,2.0,1.0,1.0,63.0,126.0,0.9793396226415094,,,,,,,,0,0,0,0,0,0
2026-09-30,BEN,33.02000045776367,0.23716337664923848,0.48305853929786147,1.21995068734403,1.235521494531099,0.41644310411001917,0.2750122423193391,0.41199851981492963,-0.336840442855999,-0.2991721861324237,0.4226889990717442,-0.4302032760948953,0.2688399591896957,0.11934312288670457,-0.41951279683808074,1.4293832562562652,-0.07688006611146492,0.07688006611146492,0.045657916596706816,-0.17045841950953433,-0.1766918247475623,0.9552495589784508,0.11282633368250594,0.18456452280222232,0.03503508696146307,0.005550608878496455,-0.06726952403996345,0.07515807695893062,0.19999431015212207,0.07515807695893062,0.41199851981492963,0.08329828033607911,0.037227542698002214,0.002906366160452478,0.0028308343106411282,-0.007514277023151106,0.01773369836098726,-0.019567176065259817,-0.007514277023151106,-0.03170035129917276,0.2882351657693302,0.821070678404741,0.8223868579631952,0.013966037754772875,-0.07688006611146492,0.07688006611146492,0.48742083895670163,138821308.1054097,0.9821184936132314,0.0873015873015873,0.015873015873015872,0.0,0.02583188034741112,0.6164798878482574,-0.03159074793553651,0.0026905550769731335,-0.018611305851448434,0.8812566807358262,-0.4283782725587951,0.008564704970462467,0.10752543919665186,-0.02480803713662927,-0.020671909271929967,0.2370408123315402,0.9983995615376029,0.011654941244259684,-0.03561635579995881,-0.07688006611146492,0.07688006611146492,0.02451135360681822,0.5873015873015873,0.7619047619047619,136338973.99790326,18.730654805885493,0.047619047619047616,0.0,0.0,0.02364063223404299,-0.022749231614124232,-0.04562275617151468,-0.13981720564585318,-0.03308934165812316,0.8333333333333334,0.06339706469342742,-0.03308934165812316,0.2688399591896957,-0.07287360191788228,-0.03308934165812316,-0.014151776284895945,0.23666144309832696,0.011796556606918886,-0.05169440703148842,0.05169440703148842,0.01443936195758777,123037680.34146626,-0.0012401198752547415,0.02262699352958763,0.0003029569947829991,0.03978426025975912,0.012052899042108711,0.29265539692822506,0.245895162648623,1.0,3.0,1.0,1.0,0.0,63.0,126.0,0.29132075471698116,,,,,,,,0,0,0,0,0,0
2026-09-30,BF-B,26.15999984741211,-0.2463117476283877,-0.00041658497976471143,1.0182277920865308,1.044127321582026,0.030628713712751887,-0.06936303147998124,0.00652679787093291,0.028176576641189444,0.026168972077076802,0.016729024615899313,-0.02676338627762198,-0.025340446662616256,-0.28612859905729215,-0.01656115953265558,0.016074876800584923,-0.1302401207420818,0.1302401207420818,-0.007861833637632376,-0.49449072829884444,-0.4995631911544478,0.4773195930108116,0.03269576994800971,0.015720289686015614,-0.001940270625926166,-0.013901680316763865,0.00680649333588057,0.034703374512122354,0.02464198077702166,0.00652679787093291,0.034703374512122354,0.04519120102889662,-0.3783616309332012,-0.3827464642770837,0.004022339721561297,-0.010034361661722668,0.0780487403490906,-0.02208726070383138,-0.010034361661722668,-0.028918689829630806,0.4060247522827308,0.712724166019794,0.8545916137082716,0.017614558273881434,-0.12198713443748466,0.12198713443748466,0.0791796475494595,87637710.78245224,0.7284249032572229,0.16666666666666666,0.03968253968253968,0.007936507936507936,0.03198160546695971,0.4635859519408503,-0.006348782900700067,-0.023635317796911193,-0.03476825878108958,0.8246403645838511,-0.34167468719923,-0.07518268965014863,0.05375975886488946,-0.08170604789379976,-0.05693294950863481,0.3469853482588002,0.8339938686352399,0.01695412950676202,-0.062079139691635477,-0.10628104065538213,0.10628104065538213,0.0523567544806236,0.6507936507936508,0.8095238095238095,63837490.998392254,17.97185122459465,0.1746031746031746,0.031746031746031744,0.0,0.028791212193494134,-0.02668251630772689,-0.06749394554508892,-0.024374812561093473,-0.007053672299000779,0.3333333333333333,0.0022871436900492315,-0.07518268965014863,0.0780487403490906,-0.0468379325587599,-0.007053672299000779,-0.009039842617998062,0.2893836529541028,0.015079328099079494,-0.049073077798538534,0.049073077798538534,0.016317019426131063,69024328.51106553,-0.0006112536469315977,0.02714066919148018,-0.002744743906453073,0.03978426025975912,0.012052899042108711,0.29265539692822506,0.245895162648623,1.0,3.0,1.0,1.0,0.0,63.0,126.0,0.45084905660377356,,,,,,,,0,0,0,0,0,0
2026-09-30,BG,109.0,0.13005497247271647,0.37595013512133946,0.8397415068696483,0.8579579486449954,0.24585583061412608,-0.08539717052021967,-0.1324934657002773,0.02209014852227964,0.0008874891991346168,-0.15588226632497126,0.18359025028458587,-0.0010219890684632915,-0.4251488626285024,0.16020144965989191,-0.4083638686116173,-0.1653050171620536,0.1653050171620536,-0.010032078015279389,-0.02523705324580594,0.0017716628472859153,1.1866815806221434,-0.1316059765011427,0.0125054325607467,-0.023834013472133653,-0.06679431295281613,0.06267878508802627,-0.11040331717799767,-0.12483425312647256,-0.1324934657002773,-0.11040331717799767,-0.13438768920086508,-0.21345052185513613,-0.2622502900505964,0.022495569234294743,0.0277079839596146,-0.0046846919947191035,0.01565508491750589,0.0277079839596146,0.07838776067440864,0.3244495311270741,1.1387734164890466,1.0894555575589906,0.016295333141983816,-0.1653050171620536,0.1653050171620536,0.04573627914919354,194338711.106043,0.9352088396350102,0.11904761904761904,0.007936507936507936,0.007936507936507936,0.03153942003991478,0.947584870281811,-0.015037770816450524,0.029532797280289014,-0.050939104053785544,1.1499717633249933,-0.022670762030130187,0.10084467673122788,0.07753789164023737,0.032545139910740595,0.06705643777811177,0.3534733448337996,1.045268353158486,0.017359731517058965,0.01409340596850761,-0.12513040208790305,0.12513040208790305,0.04573627914919354,0.1746031746031746,0.9523809523809523,181747280.50964597,19.018127716960105,0.14285714285714285,0.0,0.015873015873015872,0.03201387982908323,-0.06277344607070823,-0.02036118969168299,-0.16792186170063492,-0.06204284606552435,0.16666666666666666,-0.020854425511746266,-0.13438768920086508,0.10084467673122788,-0.10182710632528347,-0.06204284606552435,-0.07514255090801447,0.3694745010398474,0.019359950695923354,-0.12513040208790305,0.12513040208790305,0.0,237759819.6689424,-0.05077897512391916,0.04084533351433233,-0.015000909101714588,0.03978426025975912,0.012052899042108711,0.29265539692822506,0.245895162648623,1.0,3.0,1.0,1.0,0.0,63.0,126.0,0.34198113207547165,,,,,,,,0,0,0,0,0,0
2026-09-30,BIIB,227.6000061035156,0.3788906963494054,0.6247858589980284,1.0068569525025257,1.036501734392027,0.29325529291125685,0.18652902415346406,0.24147713865871956,-0.08025261772241543,-0.03902570389883042,0.17853049364882967,-0.12511936398429135,0.032455118577511044,-0.051178258269505505,-0.18806600899418124,0.666342312992443,0.0,-0.0,0.039712641302967366,-0.12214789700357376,-0.07526082450414395,0.6828660734601981,0.20245143475988914,0.04013133987196839,0.03550296525803942,0.10637754748901096,0.0026312482637256274,0.16122452093630413,0.20171769811830428,0.16122452093630413,0.24147713865871956,0.10234692631935571,0.15282791817087849,0.21109461621938608,0.03127469328680732,0.053411129664538315,-0.06067759306900944,0.041358230622429604,0.053411129664538315,0.14731826386394156,0.3623920227642187,0.7124937868938743,1.0004526579360893,0.017484627423697715,0.0,-0.0,0.32064529963945176,228597119.03946894,0.9824474427415937,0.14285714285714285,0.023809523809523808,0.015873015873015872,0.03023667514126572,0.7769457435592442,0.02216105667184265,0.0480667198715623,0.06875838329189632,0.9065559336093841,0.008067344791301334,0.06750429738481878,0.05466730839491038,0.12145853424949715,0.03991253213053225,0.3625560623892984,0.7121714168501811,0.016827590957375637,0.02560759219413189,0.0,-0.0,0.18572549998469734,0.0,0.8253968253968254,224584655.01842195,19.229763281008918,0.15873015873015872,0.015873015873015872,0.015873015873015872,0.03019133289495657,0.0423313847666853,0.03192220757303543,0.1957474943139934,0.050542407179864135,0.8333333333333334,0.03794568694176328,-0.06067759306900944,0.10234692631935571,0.010758146920105016,0.050542407179864135,0.038079677929595546,0.2582020646394093,0.012449647874710342,0.0,-0.0,0.08005509760361051,201104918.81532216,0.02985961646233881,0.025649638712837847,0.010729018887467356,0.03978426025975912,0.012052899042108711,0.29265539692822506,0.245895162648623,1.0,3.0,1.0,1.0,0.0,63.0,126.0,0.4673584905660378,,,,,,,,0,0,0,0,0,0
2026-09-30,BKNG,163.9499969482422,-0.47981519552596663,-0.23392003287734364,0.9947710729630617,1.0247565142561204,-0.22910928431450905,-0.02617765220818824,-0.021694907538081898,0.005742525190118641,0.0003067824240621242,0.061012574092452754,-0.13896403635601673,-0.0003134873303043406,-0.31435030446630696,-0.05625655472548208,-0.05419136810928138,-0.25816483700773696,0.25816483700773696,0.0013484787385495967,0.3543451838347007,0.24877199634517044,0.8063598624331272,-0.021388125114019774,0.0032305317011702664,-0.005523861517013118,-0.08831613016514528,-0.16405435895072185,-0.015952382347963256,-0.019678471666688308,-0.021694907538081898,-0.015952382347963256,0.06724058157264046,0.7633223879416069,0.4555973434789413,0.0032734621843040212,-0.07795146226356398,0.08224855498522055,-0.09000436130567269,-0.07795146226356398,-0.1907964769679316,0.40033880477666334,1.0024946162895094,1.0205310595773798,0.019220126822715056,-0.2335325766026789,0.2335325766026789,0.06896192881053387,1300258113.677918,0.9634028837088147,0.20634920634920634,0.047619047619047616,0.023809523809523808,0.034265342085726076,1.2648822755952438,-0.16203740890348628,-0.05512834067060379,-0.14106775317536324,1.0714412929356816,0.4401518619241229,0.032089206011971516,0.09252183904093007,-0.14802516160529522,-0.14120106784618713,0.40855818462867,0.9823264141560382,0.018986841018727073,-0.20713327991224373,-0.2335325766026789,0.2335325766026789,0.051635685483752525,0.5396825396825397,0.031746031746031744,1252672416.2830899,20.948545039958685,0.2222222222222222,0.047619047619047616,0.031746031746031744,0.0330060865138718,-0.12852267567009468,-0.23075242109961325,-0.4348318871474394,-0.17451434097759333,0.5,0.0002044421241536217,-0.17451434097759333,0.08224855498522055,-0.21429860123735245,-0.17451434097759333,-0.07705679782196406,0.40133749648038197,0.020951338724074293,-0.2007686722577362,0.2007686722577362,0.051635685483752525,1462685277.4702525,-0.016195738301325813,0.04251659565225722,0.012037018199025917,0.03978426025975912,0.012052899042108711,0.29265539692822506,0.245895162648623,1.0,3.0,1.0,1.0,0.0,63.0,126.0,0.7657547169811321,,,,,,,,0,0,0,0,0,0
2026-09-30,BKR,57.83000183105469,-0.040347913680708336,0.20554724896791465,1.0733449388894394,1.0895790037482598,0.28363040139921036,-0.10761816307340599,-0.04607953341310478,-0.045298869620151505,-0.11802493425735638,-0.08786907044562065,0.1336843538424155,0.14119579503964474,-0.33873493034132984,0.09189481680989964,-0.1381793348237062,-0.16410446767046116,0.16410446767046116,-0.011867732051086266,-0.5492819527567762,-0.5286321776902779,0.9208743573998063,-0.16410446767046116,0.05954123665288857,-0.08003999121304917,-0.05013732703190388,0.09178672634755058,-0.09137840303325628,-0.10052080137227408,-0.16410446767046116,-0.04607953341310478,-0.1311834781993697,-0.4189260226128638,-0.47122722927304606,0.02378981581892381,0.04581528339679486,0.08990998343297796,0.03376238435468615,0.04581528339679486,0.1465152208583158,0.33347630072104906,0.9219251710490335,0.9376972838478993,0.015526595393148374,-0.16410446767046116,0.16410446767046116,0.09971101714753461,506618042.69751894,0.9837405519413448,0.14285714285714285,0.023809523809523808,0.023809523809523808,0.02831808222772853,0.6483751186785547,-0.07374984902566328,0.004174735732031198,-0.045213304194952064,1.0487647294419202,-0.1676564680257292,0.05445171425732176,0.11194732369539898,-0.0404571943614046,-0.043417504750139946,0.31269982141377295,0.9831799525598027,0.013795134432416036,-0.09657036114457795,-0.10893681862249349,0.10893681862249349,0.09971101714753461,0.4444444444444444,0.9365079365079365,498380712.94670105,20.026874828755226,0.1111111111111111,0.031746031746031744,0.015873015873015872,0.027898003911366667,-0.05246942868509874,-0.07297462002521116,-0.292765322739695,-0.09000782808302721,0.5,-0.00261230079425027,-0.1311834781993697,0.14119579503964474,-0.12979208834278633,-0.09000782808302721,-0.03559602813575968,0.3074401955830521,0.01245169802143873,-0.10521423040914124,0.10521423040914124,0.026811117620961777,506878651.99081784,0.011226161485697661,0.03305253062528692,0.0031571172339284193,0.03978426025975912,0.012052899042108711,0.29265539692822506,0.245895162648623,1.0,3.0,1.0,1.0,0.0,63.0,126.0,0.585377358490566,,,,,,,,0,0,0,0,0,0
2026-09-30,BLK,1086.31005859375,-0.2942237266020349,-0.048328563953411896,0.9964658839682238,0.9968749915927639,0.03158875796233729,0.03848716678223507,0.1417555155071728,-0.092888671669203,-0.11131467142832285,0.005478251827147673,0.13005651825105424,0.10802626086491296,-0.15089988142105226,-0.006220745428970886,0.5140084625413198,-0.07738696864139671,0.07738696864139671,0.013623704712934837,-0.4270252175853604,-0.3493672121901844,0.8056211676568129,0.03044084407884995,0.05966403001640038,-0.017567530013339216,0.01910641294615334,0.04724189142270063,0.0488668438379698,0.07368773447466419,0.03044084407884995,0.1417555155071728,-0.07632344559054194,-0.3553853878985689,-0.39093211750518486,0.03126203502881131,0.13553477007820192,0.13398019773680403,0.1234818710360932,0.13553477007820192,0.4961183564968386,0.2757844001367535,0.8628711615013125,0.9905940853412594,0.013593855057404037,-0.07689553244528835,0.07689553244528835,0.17581821552295573,726520481.5206376,0.9748628939196735,0.07936507936507936,0.007936507936507936,0.0,0.022097809880307063,0.7274229724943927,-0.053874692542347,-0.002661741920549132,-0.016249006286305656,0.9835274152972806,-0.08754368299472837,0.05981341685131181,0.0877294092269043,0.0013708990196659165,-0.046674430901003205,0.2731903956048552,0.8710643181400116,0.01401198062633267,-0.07891522459751632,-0.07689553244528835,0.07689553244528835,0.1491467999664,0.47619047619047616,0.9841269841269841,708257859.1071235,20.378318794540778,0.047619047619047616,0.015873015873015872,0.0,0.021051937523660393,-0.021413493438147913,-0.07108870627387576,-0.2317308495931589,-0.05514415736052625,0.5,0.025464123748103567,-0.07632344559054194,0.13398019773680403,-0.09492841762028537,-0.05514415736052625,-0.0006918531797963645,0.2379664056699432,0.013552144564448818,-0.06482277712279205,0.06482277712279205,0.04730830745186276,631606344.879441,0.018783072047931615,0.022728973988304757,0.010036152704316015,0.03978426025975912,0.012052899042108711,0.29265539692822506,0.245895162648623,1.0,3.0,1.0,1.0,0.0,63.0,126.0,0.4660377358490566,,,,,,,,0,0,0,0,0,0
2026-09-30,BMY,62.86000061035156,0.21479647225727194,0.46069163490589493,1.2587125768347287,1.293675029631599,0.20474676177697826,0.029742630145019433,0.05894545474408486,0.05279960556392327,-0.00976931447524132,-0.04016299603209672,0.1434184970874569,0.00931141502392352,-0.2337099421841402,0.04431004631127533,0.21417727656297428,-0.07681004565759808,0.07681004565759808,0.022955371429992377,-0.05935855741519258,0.037767846052338516,0.8114278258339964,0.04917614026884354,0.03366033176675825,-0.05627991728771875,0.041293846403134715,-0.019854247869312336,0.11174506030800813,0.07328888510697884,0.04917614026884354,0.11174506030800813,0.007695007407193533,-0.15841599772902903,-0.20817283595888136,0.053555791160557975,0.10325550105536019,0.14625538308641306,0.09120260201325148,0.10325550105536019,0.3824567394235647,0.2752180608980393,0.6710073427431743,0.9809659876658924,0.013735020042693667,-0.07681004565759808,0.07681004565759808,0.17721450531566996,667877964.4933034,1.0207184847569593,0.10317460317460317,0.007936507936507936,0.0,0.023087106132423103,0.6294947374008747,-0.06046728004693758,0.014156827748537992,-0.023209259398235704,0.8591171420202969,-0.15596456033889639,0.022967387170000242,0.07468725349711655,-0.037513352317065096,-0.016144322483320095,0.26997955693233683,0.6840271234477429,0.01347217805761272,-0.05182623631697336,-0.07681004565759808,0.07681004565759808,0.12632143099058335,0.23809523809523808,0.9523809523809523,681715383.920167,20.340122804539796,0.12698412698412698,0.0,0.0,0.023178519018094028,-0.03361688181000133,-0.07418344200413052,-0.3201482269618406,-0.05912284227787856,0.6666666666666666,0.011804405520322173,-0.05912284227787856,0.14625538308641306,-0.09890710253763768,-0.05912284227787856,-0.0232153320551286,0.18467333971812247,0.009187168102864018,-0.07681004565759808,0.07681004565759808,0.02796400722490544,660715249.3322827,0.0014178633769432736,0.020158167670585776,0.012629686094956627,0.03978426025975912,0.012052899042108711,0.29265539692822506,0.245895162648623,1.0,3.0,1.0,1.0,0.0,63.0,126.0,0.485,,,,,,,,0,0,0,0,0,0
2026-09-30,BNY,150.14999389648438,0.15732708223916503,0.403222244887788,0.9245526928441531,0.9244646520104763,0.31057566556275895,0.2707474700254595,0.27578195892000323,-0.19461122781296525,-0.15389728232078492,0.22383901045196253,-0.18139637868060055,0.1371774528441687,-0.01687343800822183,-0.23333932714864125,1.2926276731123427,-0.08911673603349601,0.08911673603349601,0.03872229181180953,-0.07906812566184251,-0.039981353232797834,0.9851835312481436,0.12188467659921831,0.1026446368578939,0.037657276802612216,-0.0018725417355898166,-0.07092135693588242,0.08117073110703799,0.1596124555420865,0.08117073110703799,0.27578195892000323,0.037151300374071994,-0.39464350823693195,-0.43641943060896315,0.02581756322734119,0.04244263177136198,0.08534841930088266,0.03038973272925327,0.04244263177136198,0.1944221627866158,0.21334987998205646,0.7923045426796561,1.0232084847930465,0.010762603256157468,-0.08911673603349601,0.08911673603349601,0.31995479528771065,528498547.0381358,0.9924086930444023,0.015873015873015872,0.007936507936507936,0.0,0.020432398236998082,0.766006529139957,-0.07091496203095327,-0.0013035063308989292,-0.0534630693219712,1.0247711388012475,-0.08863475693433698,0.03166376824834716,0.06841012377293416,-0.039531810031250614,-0.01521244059957294,0.21830140742721832,0.7743334368849639,0.00990169337924692,-0.05656809979015098,-0.08911673603349601,0.08911673603349601,0.04831455945983243,0.2222222222222222,0.9841269841269841,524486552.34198195,20.077930348373766,0.031746031746031744,0.015873015873015872,0.0,0.019293763835017446,-0.0557930368206393,-0.06300027009156361,-0.4082538552017717,-0.06901044746437113,0.8333333333333334,0.0433312950176186,-0.06901044746437113,0.1371774528441687,-0.10879470772413025,-0.06901044746437113,-0.04746199130637718,0.16903807908994276,0.007635514336299942,-0.08911673603349601,0.08911673603349601,0.004280646198667082,590858049.9043056,-0.016390253798769017,0.021806756549389596,-0.004191506903351905,0.03978426025975912,0.012052899042108711,0.29265539692822506,0.245895162648623,1.0,3.0,1.0,1.0,0.0,63.0,126.0,0.33094339622641505,,,,,,,,0,0,0,0,0,0
2026-09-30,BR,163.77000427246094,-0.5425620925314437,-0.29666692988282073,1.0269164623428915,1.0113996928865108,-0.2525548499528808,-0.10255913060332422,0.0210197534711698,0.058184400117494484,0.05636224634713893,-0.1514155325682176,0.35461897625280225,-0.05231407834606849,-0.27163564345705526,0.18218369021341485,0.06553459387810168,-0.29666692988282073,0.29666692988282073,0.019667787350247767,-0.42992115280043497,-0.31407916787774526,0.737518675100925,0.07738199981830873,0.03307931749268488,-0.0016884236076151193,0.05105016851812527,0.04224176701901394,0.07920415358866428,0.059201968959380936,0.0210197534711698,0.07920415358866428,-0.1030576256632012,-0.2551509769094139,-0.3270355923366829,0.07823243893317477,0.20320344368458465,0.1241329102791604,0.19115054464247594,0.20320344368458465,0.6034264970486297,0.32074286613063957,0.776948344064518,1.0499042201524384,0.01588618138237044,-0.11146559406161904,0.11146559406161904,0.2166176974016818,212052982.0644076,0.880460932913768,0.14285714285714285,0.007936507936507936,0.0,0.02847186133513666,0.5318944286484373,-0.09491134053664907,0.057928781792049744,-0.015640548610714178,0.8553157743279142,-0.13243914212812913,0.18467046388907304,0.11973149860779152,0.07033913221683763,0.002961268954979168,0.3367492887343471,0.7400183075287674,0.016720173354233692,-0.05800188235060588,-0.11146559406161904,0.11146559406161904,0.2166176974016818,0.36507936507936506,0.9841269841269841,186704366.41557482,19.04503700093023,0.15873015873015872,0.015873015873015872,0.0,0.0276249273929649,-0.049816683353492874,-0.09861893194981464,-0.3872741862477179,-0.0965089745691009,0.3333333333333333,0.009205711997041288,-0.1030576256632012,0.18467046388907304,-0.13629323482886002,-0.0965089745691009,-0.03699121421667395,0.24920063871070777,0.012238409583085022,-0.10270798683560844,0.10270798683560844,0.0068240537646695465,181423914.3189203,-0.01146259088230872,0.02551051069377688,0.0016268924098405968,0.03978426025975912,0.012052899042108711,0.29265539692822506,0.245895162648623,1.0,3.0,1.0,1.0,0.0,63.0,126.0,0.35830188679245284,,,,,,,,0,0,0,0,0,0
2026-09-30,BRK-B,505.4800109863281,-0.24044498799536784,0.0054501746532551465,0.989489912028775,1.0026762373156108,0.0056301942190544185,0.0010496064293181728,0.054841398392834195,0.01049328227276125,0.012472800238836568,0.04421953652257282,-0.03404747835017563,-0.011686156011816329,-0.23781399853539087,-0.044669340220437004,0.3984308456091572,-0.04521924501646701,0.04521924501646701,0.014088441566539434,-0.4937314947973944,-0.488581702111621,0.8077925861921722,0.06731419863167076,0.006703210798214315,0.0018581183941541735,0.017707833632635284,-0.04521924501646701,0.06533468066559545,0.06249675923003347,0.054841398392834195,0.06731419863167076,0.05460715533252669,-0.4164667797733965,-0.41478804974822725,0.01004961549524519,0.010172058172397191,0.02228260670692661,-0.0018808408697115198,0.010172058172397191,0.0710192038300046,0.1376434555637571,0.8206413728406983,1.0405847783747215,0.006702531671523961,-0.04521924501646701,0.04521924501646701,0.08611950497523746,2319113651.2747626,0.9458280892151258,0.007936507936507936,0.0,0.0,0.013217794511287084,0.5794894471323765,0.0027388694303919214,0.001307644120089213,-0.0016006378464765714,0.957638172621291,-0.25564676616915427,-0.014681177699056747,0.02582011456389975,-0.011846575941990234,-0.0035473663218537066,0.143229684702543,0.7886348040977974,0.006579072891970542,0.015107618189751149,-0.04521924501646701,0.04521924501646701,0.035077310676190354,0.5238095238095238,0.8095238095238095,2193482833.4579225,21.508756452899586,0.015873015873015872,0.0,0.0,0.012916692528666939,-0.0003203636942509247,0.0068229994966766405,0.02546867183404369,0.0028768371139475946,0.6666666666666666,0.009209563972780332,-0.014681177699056747,0.05460715533252669,-0.036907423145811524,0.0028768371139475946,-0.004420681939810267,0.11295591433637928,0.005007228659314979,-0.027549013356930163,0.027549013356930163,0.006912215201292815,2387779343.774123,-0.007658298601218916,0.012904284094810725,0.001612962955392927,0.03978426025975912,0.012052899042108711,0.29265539692822506,0.245895162648623,1.0,3.0,1.0,1.0,0.0,63.0,126.0,0.355,,,,,,,,0,0,0,0,0,0
2026-09-30,BRO,60.81999969482422,-0.5911527144496906,-0.34525755180106765,1.000657696561586,1.0344164350144802,-0.23111647461294194,-0.14871206883774057,-0.06242135437426399,0.14616885795019763,0.07887196140068786,-0.013371300031672861,-0.03634350589700697,-0.07759546883583834,-0.35507675130248906,0.012706548445584165,-0.18404355098656375,-0.3600637094635254,0.3600637094635254,0.007043242347361867,-0.20073547046126794,-0.2404707514329636,0.7229995702394794,0.01645060702642387,0.0731607745708633,-0.06209647203565116,-0.06194670047862194,-0.11888995011208436,0.08374750357593364,0.012592252076031171,-0.06242135437426399,0.08374750357593364,0.14044447954915396,-0.053981170459384,-0.2027592298219526,0.015271150281318313,-0.04971480592867983,0.09742790697508075,-0.06176770497078854,-0.04971480592867983,-0.1459818197673171,0.33916621386435386,0.8321897739585769,1.004094046115042,0.016836890606675065,-0.18577811015682644,0.18577811015682644,0.12101501947693172,176279272.12203494,0.9013242196896729,0.14285714285714285,0.023809523809523808,0.007936507936507936,0.028442977286412704,0.6345384924580593,-0.15194701173440583,-0.02760096423927849,-0.1215688442576428,0.985662727839812,-0.1249653562832761,0.02751517272625259,0.11350586947938131,-0.13407961650013134,-0.06026564746929186,0.34055477598457873,0.8287966422850698,0.016351603072791702,-0.10652024741432942,-0.18577811015682644,0.18577811015682644,0.008121960034771725,0.6507936507936508,0.015873015873015872,158884777.39285666,18.883689833292618,0.15873015873015872,0.031746031746031744,0.015873015873015872,0.02770338510809817,-0.11398798288302847,-0.15352434577691187,-0.5571910741178893,-0.15726754554643996,0.5,-0.005261987861240362,-0.15726754554643996,0.14044447954915396,-0.19705180580619908,-0.15726754554643996,-0.09355788982665403,0.282250654850163,0.015462700997267775,-0.17037236774952524,0.17037236774952524,0.008121960034771725,142777495.67713055,-0.05142163318922832,0.032355418501788975,-0.01773314843118834,0.03978426025975912,0.012052899042108711,0.29265539692822506,0.245895162648623,1.0,3.0,1.0,1.0,0.0,63.0,126.0,0.41018867924528307,,,,,,,,0,0,0,0,0,0
2026-09-30,BSX,43.91999816894531,-0.7960334459168046,-0.5501382832681816,0.9102538403312386,0.9473872078200501,-0.5393812388904692,-0.4284970846975985,-0.30007971045505477,0.2092081915241365,0.062447315100655376,-0.31984063258684015,0.3488940031328369,-0.08191234087089139,-0.5927351073832798,0.32913308100105154,-0.7105857610145226,-0.5816346278860685,0.5816346278860685,-0.0660550147199529,-0.6462766390534747,-0.6359997831771198,0.8996663610865926,-0.2376323953543994,0.10739839338701225,-0.16143029228486927,-0.08200123775458024,0.19473462717571355,-0.09087151893091827,-0.20952787491345748,-0.30007971045505477,-0.09087151893091827,-0.11653903763347595,-0.19551127736009777,-0.2684649320207324,0.007245280619676997,0.02905337054599677,0.09489220262656395,0.01700047150388806,0.02905337054599677,0.08000298048926982,0.4222990762249764,0.9326806213387867,0.8599441073340446,0.018705536283960194,-0.3650426582103957,0.3650426582103957,0.030260311248148763,1028555149.4733295,0.918011413042214,0.1746031746031746,0.015873015873015872,0.047619047619047616,0.03133669360853195,0.5894548316192234,-0.08421459737486336,-0.024181103160684336,-0.06309599711798464,0.8611133803529568,-0.13602409182165986,0.03359725465875929,0.09738450441485019,-0.06013270705794105,-0.09049382524566496,0.363153602132279,1.0845828390291972,0.01750601402372961,-0.12421412041743707,-0.15554701814397998,0.15554701814397998,0.030260311248148763,0.4126984126984127,0.8253968253968254,944225366.1598569,20.66587543201493,0.20634920634920634,0.0,0.031746031746031744,0.03195080396576235,-0.06095660530811975,-0.10098062516177642,-0.23023641154776534,-0.0906832533602705,0.3333333333333333,-0.053679244477363976,-0.16143029228486927,0.09489220262656395,-0.13046751362002962,-0.0906832533602705,-0.02825411849544346,0.39387016480430664,0.01795860045326103,-0.09199919084567276,0.09199919084567276,0.021870605786890485,936532921.511968,-0.005389765259881996,0.03259172806240023,-0.01018663113481122,0.03978426025975912,0.012052899042108711,0.29265539692822506,0.245895162648623,1.0,3.0,1.0,1.0,0.0,63.0,126.0,0.6968867924528301,,,,,,,,0,0,0,0,0,0
2026-09-30,BX,118.41999816894533,-0.5246561193252465,-0.2787609566766235,1.0925424245477307,1.1125252112716781,-0.2076053933010117,0.06497702568369945,0.049973489457137976,-0.027249872159359256,-0.08854295890192987,0.03278824482347664,-0.01614858541623887,0.09209501475972282,-0.2426819074710871,-0.033333830049900204,0.13152749363831023,-0.30042185048114634,0.30042185048114634,0.015974293219288116,-0.38944982764704283,-0.3792904807280594,0.7270692202813924,-0.03856946944479189,0.0453491153648421,-0.059931232354365815,-0.060342390482443053,-0.11914576978850067,0.02272361729777872,0.011375879103374934,-0.03856946944479189,0.049973489457137976,0.005984379848105181,0.34899550224887554,0.11524740840540582,0.03175754092298133,0.016639659407237772,0.08566333715408558,0.004586760365129061,0.016639659407237772,0.04706178252003664,0.3799470975593966,0.7930931366873176,0.93057831648781,0.018672978091677554,-0.20693817063764397,0.20693817063764397,0.1172059791630169,624198886.7083534,0.8860818576260577,0.18253968253968253,0.031746031746031744,0.015873015873015872,0.031829424228513016,0.717350575216653,-0.1662202391292884,-0.01293428886031156,-0.1116833055905666,0.9234039051017945,0.06007791514161398,0.13269023035088523,0.11482507432322014,-0.0635774234835853,-0.07760874856619682,0.35357053040125297,0.8522583458430569,0.017857399839004418,-0.13966734972106498,-0.20693817063764397,0.20693817063764397,0.04132997332126087,0.47619047619047616,0.9841269841269841,553091309.062655,20.131033663510177,0.15873015873015872,0.015873015873015872,0.0,0.02961011625572958,-0.11468964709511542,-0.15337493301417748,-0.5750296697231282,-0.1732756658223058,0.6666666666666666,0.013871010656021199,-0.1732756658223058,0.13269023035088523,-0.21305992608206492,-0.1732756658223058,-0.08344718734002876,0.3013334353786241,0.016359168298469125,-0.17557784271698218,0.17557784271698218,0.010323343519528905,475343994.056738,-0.04045765709800253,0.032722536604463025,-0.021839702730394706,0.03978426025975912,0.012052899042108711,0.29265539692822506,0.245895162648623,1.0,3.0,1.0,1.0,0.0,63.0,126.0,0.660188679245283,,,,,,,,0,0,0,0,0,0
2026-09-30,BXP,63.400001525878906,-0.3633420265662153,-0.11744686391759229,1.0219125167053924,1.0509103732721934,-0.037552073458597235,0.12792608809017691,0.23446385048277252,-0.1668304683370183,-0.13852342347040447,0.29112449434677057,-0.33500921972537545,0.12639685520866473,-0.05819154644545255,-0.2783485758613774,0.8816488518312996,-0.14034340890963848,0.14034340890963848,0.03195468843091853,0.020976925382079736,-0.02382836660620513,0.44676822353922846,0.09594042701236805,0.08927712734755598,0.02651382519505119,-0.02858504183124777,-0.12535400170474442,0.0676333821457542,0.13267921988029827,0.0676333821457542,0.23446385048277252,0.11663667602059635,-0.22562315326918703,-0.27790123831580804,-0.007634889221020735,-0.04388472537860488,0.05745747742822083,-0.055937624420713594,-0.04388472537860488,-0.16469677436773283,0.26593790713361737,0.8349549951763189,1.0019546032069482,0.013457663309798095,-0.13114978120774667,0.13114978120774667,0.26280351006147873,96030286.95068057,0.956978184603937,0.07936507936507936,0.0,0.0,0.024953221875017348,0.675500627850109,-0.06290251145820658,-0.04117094014373779,-0.0606460836981112,0.8565254199320089,-0.2657855039149486,-0.030376565878219797,0.07786621441156862,-0.09583572386597905,-0.056906271831689725,0.26645771021974984,0.8333261731658151,0.013551273924207793,-0.07241832210673949,-0.13114978120774667,0.13114978120774667,0.018146797170520257,0.6507936507936508,0.015873015873015872,91898889.67305744,18.336199516230835,0.06349206349206349,0.0,0.0,0.024172002646961514,-0.043346149351110475,-0.09026359890741331,-0.30403529114013916,-0.06750987618925253,0.6666666666666666,0.038186398630843464,-0.06750987618925253,0.12639685520866473,-0.10729413644901165,-0.06750987618925253,-0.02595653902920092,0.22204618396794984,0.011680406399221722,-0.09389737859373148,0.09389737859373148,0.018146797170520257,88798551.01074946,-0.003066250017785266,0.02228479387613031,0.0016747566206369857,0.03978426025975912,0.012052899042108711,0.29265539692822506,0.245895162648623,1.0,3.0,1.0,1.0,0.0,63.0,126.0,0.16311320754716982,,,,,,,,0,0,0,0,0,0
2026-09-30,C,134.27999877929688,0.1050474619568671,0.3509426246054901,0.8161873865711763,0.8284149855221105,0.16812023967229583,0.2306119005788725,0.19567167260493856,-0.12368825196251532,-0.13612225995996008,0.23994407356333203,-0.2756492330961843,0.1284718374956717,-0.0969837243232865,-0.2313768321377908,0.6866311322262283,-0.07350370912297599,0.07350370912297599,0.013603986452538575,-0.6345745209913829,-0.6476220960167545,0.6316426941703386,0.05954941264497848,0.07525806477827936,-0.011599067446391276,0.005592555265574228,-0.022648718875902585,0.07198342064242325,0.1090681686307801,0.05954941264497848,0.19567167260493856,0.11167598918511934,0.07008857055856388,0.09171476431379721,-0.016730632860482597,-0.03570515953285225,-0.05365822121801178,-0.04775805857496096,-0.03570515953285225,-0.13027149250725925,0.28497349365811964,0.7442122113381954,0.9617830573542839,0.01338130187850777,-0.07350370912297599,0.07350370912297599,0.26411057071452726,1509049519.2762344,0.9479921176316956,0.0873015873015873,0.015873015873015872,0.007936507936507936,0.02441241981999871,0.631354889608386,0.03001018341404571,0.008686677956767141,0.0025037309033537625,1.0975040186890086,-0.03933298733404922,-0.0012141725875817189,0.072297838456498,0.018971012468947945,-0.0004231193379806708,0.27408267799543795,0.7737838649241835,0.012584412999032669,-0.008433795771454422,-0.061846843768712745,0.061846843768712745,0.06161183751000965,0.9206349206349206,0.6507936507936508,1430567049.3897696,21.081336741351627,0.07936507936507936,0.0,0.015873015873015872,0.02387342223107234,-0.0017915408005196864,0.009062682532847477,0.09529258444188766,0.0202097231483791,0.5,0.032314348096197563,-0.05365822121801178,0.1284718374956717,-0.01957453711138002,0.0202097231483791,-0.0033844000205909275,0.21208075388808043,0.009977330664395741,-0.032704281122234335,0.032704281122234335,0.0202097231483791,1321871179.9380348,0.005390833331534006,0.02824588630698828,0.008365486761053198,0.03978426025975912,0.012052899042108711,0.29265539692822506,0.245895162648623,1.0,3.0,1.0,1.0,0.0,63.0,126.0,0.570566037735849,,,,,,,,0,0,0,0,0,0
2026-09-30,CAH,220.22000122070312,0.1717288345546999,0.4176239972033229,0.9513932942872538,0.9650468314222572,0.07925003451096346,-0.03488031512238654,0.04696597353222898,0.07447399252697928,0.09726558776101735,0.12695028391903151,-0.19792440897861507,-0.08500516071334785,-0.2456894233959961,-0.11794009859181254,0.1910656982978328,-0.11419492104078444,0.11419492104078444,0.02538965390961523,0.2556395488360932,0.16652163046724122,0.8170502705390742,0.14423156129324632,0.05086981249345719,0.020323508991862305,-0.012366437390860852,-0.11268178898662251,0.12143996605920826,0.10421250029489453,0.04696597353222898,0.14423156129324632,0.20711381276773633,0.2506872236165889,0.17392527339365804,0.001704536825453351,-0.07097412505958356,-0.02958941197940257,-0.08302702410169227,-0.07097412505958356,-0.3226217939396561,0.24581059787622644,0.8515627655255176,0.8949643635144269,0.011943002581135951,-0.11419492104078444,0.11419492104078444,0.20931168298274705,453507299.23502606,1.015859222723323,0.03968253968253968,0.0,0.0,0.023149934699503917,0.8458667888128469,-0.0907203538277731,0.005989685539553813,-0.05373700638637546,0.9540583125403602,0.14073145473374393,0.019953903239787962,0.10461890873800617,-0.042646600924455935,-0.005356418349474867,0.21999172527339772,0.9515046634723242,0.011110830211330698,-0.03201115898129325,-0.11419492104078444,0.11419492104078444,0.0,0.23809523809523808,0.0,460699572.50024706,19.948256704141112,0.0,0.0,0.0,0.02258134540186577,-0.057146888514529315,-0.04693740682902825,-0.29321083840852974,-0.06137581704957373,0.5,0.01190347254284374,-0.08500516071334785,0.20711381276773633,-0.10116007730933285,-0.06137581704957373,-0.055777792923448866,0.2093231525229603,0.010156558088958831,-0.11419492104078444,0.11419492104078444,0.0,412250050.4342942,-0.027167897680735464,0.023324069678998496,-0.009713092771159948,0.03978426025975912,0.012052899042108711,0.29265539692822506,0.245895162648623,1.0,3.0,1.0,1.0,0.0,63.0,126.0,0.3093396226415094,,,,,,,,0,0,0,0,0,0
2026-09-30,CARR,56.369998931884766,-0.28715166262484426,-0.04125649997622127,0.9240232809772435,0.934809508756652,0.0790640475385136,-0.11841291072361815,0.008243795780007224,-0.12249606142010483,-0.16301211499207158,0.30725014352254454,-0.5359793957044019,0.1928608672596246,-0.28441160114821784,-0.23697304796186458,0.020765949726764252,-0.2556223043047805,0.2556223043047805,-0.014461707826090908,0.2533231038235766,-0.03334855245623447,0.9454994971034281,-0.15476831921206435,0.08487224251256802,-0.04574220401618778,-0.12338433614312028,-0.19470109860235751,-0.1142522656400976,-0.08692559635738491,-0.15476831921206435,0.008243795780007224,0.14842645966491697,0.3137518936206025,0.27200603379273813,-0.0869456965976263,-0.22872925218185736,-0.15429755392715538,-0.24078215122396607,-0.22872925218185736,-0.7233053140096706,0.3969862148602905,0.6306524369118987,0.7965712503326097,0.01771702160025531,-0.2556223043047805,0.2556223043047805,0.04652926074469499,411401255.2185876,0.9670085575140009,0.15079365079365079,0.03968253968253968,0.023809523809523808,0.030686164148332327,0.7981056187605097,0.0016230387776909883,-0.09208996758690335,-0.07202359274801495,0.8608411330512723,0.0018922015622548916,-0.05808121780982811,0.1334681969531415,-0.0880116861436756,-0.08943808509688322,0.31622780553607166,0.7917087600745929,0.01444370341180154,-0.09442421048164895,-0.22956959607746752,0.22956959607746752,0.046213767899181635,0.9841269841269841,0.07936507936507936,397828534.3683757,19.801531654763636,0.06349206349206349,0.0,0.031746031746031744,0.028630737450022894,-0.026923471249353126,-0.07230901745609286,-0.126921311442183,-0.03177606063258709,0.3333333333333333,0.008565048423130531,-0.15429755392715538,0.1928608672596246,-0.07156032089234621,-0.03177606063258709,-0.005241161274982864,0.2503603238220728,0.012682843604795239,-0.05593703238653114,0.05593703238653114,0.046213767899181635,390554987.25704014,0.022028824034185268,0.03162269919994409,0.020382308300409546,0.03978426025975912,0.012052899042108711,0.29265539692822506,0.245895162648623,1.0,3.0,1.0,1.0,0.0,63.0,126.0,0.6161320754716981,,,,,,,,0,0,0,0,0,0
2026-09-30,CASY,598.4600219726562,-0.1835874757580107,0.06230768689061228,0.8647473263872952,0.9286916695434322,0.08534962654322054,-0.12582695077648054,-0.17659398956723515,-0.0427026426614916,-0.09443407213462218,0.09271207125996406,-0.3391686337070805,0.12954418019860658,-0.4692493864954602,-0.06986257287988129,-0.37520374892600955,-0.34636925880618086,0.34636925880618086,-0.02867041264298098,-0.21007751937984498,-0.40475909855318737,0.62595752801025,-0.27102806170185734,0.047288917774209266,-0.06626259294975478,-0.24944421996243393,-0.1831378320950544,-0.21929663222872675,-0.22230622783260642,-0.27102806170185734,-0.17659398956723515,0.03604295235665633,0.21367317770366845,-0.0343988309390485,-0.07860683111347011,-0.24645656244711645,0.09670873577341421,-0.25850946148922516,-0.24645656244711645,-0.5554450687772527,0.47066158073505715,1.236074791832073,0.9427369344276151,0.0179669965839964,-0.34636925880618086,0.34636925880618086,0.02330592562713596,438514340.2564639,0.8064087750980521,0.11904761904761904,0.023809523809523808,0.023809523809523808,0.031554183568991194,0.9359786901809497,-0.1372829428180602,-0.15862596024033615,-0.22341436627011013,1.0336698055306237,0.33133002351711527,-0.13638344205205943,0.1331998294396386,-0.3129046820061352,-0.22406788604172012,0.44371005577502326,1.3111555797721648,0.01876448921029954,-0.29058009483023783,-0.31572832572808074,0.31572832572808074,0.02330592562713596,0.7142857142857143,0.047619047619047616,353621811.98914546,19.683738575142836,0.14285714285714285,0.015873015873015872,0.047619047619047616,0.03254369594789839,-0.16249125524543973,-0.2856564492923509,-0.35133588500762003,-0.204397702116217,0.5,-0.02412464479822568,-0.204397702116217,0.12954418019860658,-0.2441819623759761,-0.204397702116217,-0.0874205515790134,0.5817729154304402,0.022440954001400833,-0.21964762106455105,0.21964762106455105,0.02330592562713596,477832927.88056874,0.002870594723923814,0.048923182397832346,0.009278927154477534,0.03978426025975912,0.012052899042108711,0.29265539692822506,0.245895162648623,1.0,3.0,1.0,1.0,0.0,63.0,126.0,0.5784905660377359,,,,,,,,0,0,0,0,0,0
2026-09-30,CAT,821.5800170898438,0.4914526869089819,0.7373478495576049,0.9544667065401453,0.9702256787680468,0.4429115008608202,0.11017477410962617,0.16403340014758006,-0.22427733742571843,-0.2393115668680369,0.5059810698829055,-0.7330408095925905,0.2587930318670144,-0.128621996780645,-0.3910931398572651,0.38056795456580234,-0.22705973970968507,0.22705973970968507,0.0002903468614339211,-0.39826615969581747,-0.5348956888497943,0.8289325546700386,-0.07527816672045684,0.13403754335665857,-0.015998012717017285,-0.06477674263193356,-0.22705973970968507,-0.06024393727813837,0.009503765382994947,-0.07527816672045684,0.16403340014758006,0.21581978711898242,-0.3559288923617894,-0.33645658010931534,-0.07743803548154748,-0.22705973970968507,-0.23342895579309253,-0.23911263875179378,-0.22705973970968507,-0.605780442849775,0.43102262862549495,0.6036285055154107,0.8696105824992877,0.020311585047760775,-0.22705973970968507,0.22705973970968507,0.23559203699882425,2457035161.9165816,0.9647782716891341,0.25396825396825395,0.047619047619047616,0.031746031746031744,0.030974404072846996,0.5609421817253798,0.022682666498842097,-0.04269731514844166,-0.009190516560314665,0.6189891882427058,-0.2058823529411764,-0.021281067865421943,0.17917990544956075,0.008308709455621566,-0.042244654129344195,0.3748218391493908,0.6941365683252884,0.017819440059650034,-0.03792443676447321,-0.22705973970968507,0.22705973970968507,0.054443304850624985,0.9682539682539683,0.2698412698412698,2370494136.9933114,21.586364267404555,0.1746031746031746,0.015873015873015872,0.031746031746031744,0.031885824432586245,0.011557201622884206,-0.005913102224796241,0.11620207837986327,0.030233171495424482,0.5,0.03902299235098159,-0.23342895579309253,0.2587930318670144,-0.009551088764334636,0.030233171495424482,0.022754244468442764,0.2601775451605314,0.013146469632200432,-0.0010942070327272235,0.0010942070327272235,0.054443304850624985,1914932876.5837169,0.024263285252340117,0.024935413094535085,0.01096138135780178,0.03978426025975912,0.012052899042108711,0.29265539692822506,0.245895162648623,1.0,3.0,1.0,1.0,0.0,63.0,126.0,0.825377358490566,,,,,,,,0,0,0,0,0,0
2026-09-30,CB,333.3699951171875,-0.05400677904184703,0.19188838360677596,0.9558952107413143,0.9690086190900749,0.07782431567096948,-0.01305361684442563,0.029117771441335316,0.04687859116633453,-0.0033675040848046844,0.04870110936731753,-0.06737500772697214,0.003282966811681387,-0.26353762548688975,-0.04779166980098992,0.14134966015315978,-0.08011810065502378,0.08011810065502378,0.0077647032735552735,0.13358153387937444,0.11241314753332965,0.8664635694338664,0.02575026735653063,0.028087994118152056,-0.0466972724046838,-0.009690227505079307,-0.07268995589808647,0.07599636260766984,0.043621467135178595,0.02575026735653063,0.07599636260766984,0.09647176489963671,-0.1958588633002324,-0.20588795662288606,-0.0034111383141561813,-0.018673898359654606,0.029171806997665417,-0.030726797401763317,-0.018673898359654606,-0.08527151485080195,0.2059981708465707,0.7318879404809748,1.063084162620397,0.0098229870228688,-0.08011810065502378,0.08011810065502378,0.08276953273330956,568098640.6758142,1.0734494089431916,0.03968253968253968,0.0,0.0,0.017840820087034855,0.7221954285623928,-0.011617480796686008,-0.023851174197732306,-0.031141324698762407,0.7170075336152961,-0.04415888828429115,-0.03444733519231136,0.05192990071332172,-0.04648952199428902,-0.018996412018847164,0.21899339295576012,0.6884571948442385,0.010154794675828359,-0.010876779349169863,-0.08011810065502378,0.08011810065502378,0.0,0.6666666666666666,0.0,609825150.0548832,20.228682836428273,0.047619047619047616,0.0,0.0,0.01689661874015829,-0.01834402652935463,-0.020421918967148622,-0.08272207842937934,-0.012471807329511253,0.5,0.005885020630412852,-0.0466972724046838,0.09647176489963671,-0.05225606758927037,-0.012471807329511253,-0.015550005425850277,0.15076757700374463,0.006299159727400609,-0.03983611973785561,0.03983611973785561,0.0,542855558.9327857,-0.014931027024905785,0.013782012283138382,-0.00572638981679674,0.03978426025975912,0.012052899042108711,0.29265539692822506,0.245895162648623,1.0,3.0,1.0,1.0,0.0,63.0,126.0,0.3170754716981132,,,,,,,,0,0,0,0,0,0
2026-09-30,CBOE,258.0299987792969,-0.18604040381554632,0.05985475883307667,1.0411981546111824,1.0528429262672632,0.03557517804613597,-0.13489553879850813,-0.07749282135444935,-0.14679435927318696,-0.05846942275549216,-0.13481118836560801,0.20106073556315085,0.06766998589692652,-0.3701482182826744,0.14374236855199218,-0.17933900487554383,-0.29291218460844737,0.29291218460844737,-0.01245975143437239,-0.376564871016692,-0.33526257601450604,1.297289766970618,-0.1359622441099415,0.0739014565966517,0.11386293266257885,-0.11928870015610815,0.16101134198326272,-0.2242871806276363,-0.1459140820306757,-0.2242871806276363,-0.07749282135444935,-0.27248473735703427,-0.37694895976494003,-0.4644708440570585,0.04237852072233039,0.06624954719754284,0.27840278090855586,0.054196648155434124,0.06624954719754284,0.1725610017326904,0.4321024386648469,0.747424743778058,0.8884920449348352,0.02021797449977563,-0.29291218460844737,0.29291218460844737,0.11764840789707542,344919635.29929507,0.8846253804725613,0.23015873015873015,0.015873015873015872,0.023809523809523808,0.036048408542559175,0.7376699646510932,-0.1346939121646754,-0.007502733873183343,-0.10489380143175964,0.8105089465416,-0.2299236581603764,-0.029642742715726755,0.19486473371729324,-0.16595179303367635,-0.03677059498350266,0.383919579350659,0.8412284027066066,0.019260443112296386,-0.09221295201951485,-0.17583450498566333,0.17583450498566333,0.11764840789707542,0.31746031746031744,0.9841269841269841,305124663.609096,19.536230987484974,0.23809523809523808,0.015873015873015872,0.0,0.036738721252800935,-0.10532966845563951,-0.12304724128110078,-0.43494950922811143,-0.14047305700524781,0.5,0.002889193731675399,-0.27248473735703427,0.27840278090855586,-0.18025731726500693,-0.14047305700524781,-0.08819616107556338,0.3229640545049472,0.017122076799718666,-0.17583450498566333,0.17583450498566333,0.0,293268662.10777646,-0.04349372882390001,0.03567691194095268,-0.031949447522212404,0.03978426025975912,0.012052899042108711,0.29265539692822506,0.245895162648623,1.0,3.0,1.0,1.0,0.0,63.0,126.0,0.570377358490566,,,,,,,,0,0,0,0,0,0
2026-09-30,CBRE,134.5500030517578,-0.3919347340079645,-0.14603957135934154,1.2079595022728316,1.2365679877149696,-0.1631941745757759,-0.08878504866051062,-0.0067178769895647195,0.08277355570517109,-0.05059308020682063,-0.005684366117649886,0.004644946805816841,0.053668896008755684,-0.2993732739177898,0.005678457677731674,-0.021012198644837658,-0.21595476619535825,0.21595476619535825,-0.005432499883212372,-0.04884491619038467,-0.0498335651530446,0.8685300944054452,-0.05731095719638535,0.06732728627554185,-0.12394027423486087,-0.038797417550390456,-0.009672320169151094,0.07605567871560637,0.0040089481765521,-0.05731095719638535,0.07605567871560637,0.07717531554080925,-0.1344027273919315,-0.20124739303827954,0.013851200828566723,-0.0010394193118330453,0.08998437075877264,-0.013092318353941756,-0.0010394193118330453,-0.003013315381917221,0.31971318675950117,1.0454636263560355,1.0789110563197357,0.015754668943702557,-0.1323273573435637,0.1323273573435637,0.07950901565017521,277046077.2220248,0.87896737392406,0.1349206349206349,0.015873015873015872,0.007936507936507936,0.02909254221583453,0.6962615727176843,-0.07261232975435195,-0.015440158662679115,-0.07085657946567214,0.9287801691069428,-0.02596891599449147,-0.006811525213743619,0.08749529015749313,-0.08350926170367123,-0.05477667478591075,0.34494209204604237,0.9689988996147723,0.017105160433645152,-0.08120290771400773,-0.1323273573435637,0.1323273573435637,0.010666251910643743,0.4126984126984127,0.8253968253968254,243514462.95180547,19.31068689893555,0.15873015873015872,0.031746031746031744,0.0,0.02862122645803415,-0.06964146574562169,-0.08730470639383558,-0.23103692682304072,-0.07722374799650555,0.5,0.0021421724772045883,-0.12394027423486087,0.08998437075877264,-0.11700800825626467,-0.07722374799650555,-0.04922410202246508,0.33424850762343256,0.017138893170082055,-0.10787696248737877,0.10787696248737877,0.0,273243497.06013995,-0.032111861870366076,0.02997291230859908,-0.027466569686871667,0.03978426025975912,0.012052899042108711,0.29265539692822506,0.245895162648623,1.0,3.0,1.0,1.0,0.0,63.0,126.0,0.4179245283018868,,,,,,,,0,0,0,0,0,0
2026-09-30,CCI,67.83999633789062,-0.5066115821176546,-0.26071641946903157,0.8989211261837897,0.9135559661914473,-0.20670831453873784,-0.21264426898504707,-0.14365345674382524,-0.09536799452792777,-0.07205342610452026,-0.05775814032145821,-0.033402441794551097,0.09187053223952724,-0.4363088536720503,0.05249287462781593,-0.45518565086724155,-0.2785124701892956,0.2785124701892956,-0.02887202777366782,-0.4885492447721267,-0.5351733933423721,1.033932644401687,-0.2157068828483455,0.04971639517377236,0.030637615820276354,-0.14422799644870066,0.05124163188101394,-0.239021451271753,-0.19946059695464124,-0.239021451271753,-0.14365345674382524,-0.16269196322932544,-0.22157398212512414,-0.296345293204732,-0.030276595259232097,-0.0911605821160093,0.007526710162274908,-0.10321348115811801,-0.0911605821160093,-0.2990044381550085,0.3155931134255436,0.7767587980206306,0.9660551881872402,0.015237588710272747,-0.26310146272957946,0.26310146272957946,0.0031051174478946564,297944534.0453678,0.9225523492940031,0.15079365079365079,0.007936507936507936,0.0,0.028291897370855097,0.7034501325535916,0.04685194314540653,-0.015986162049936414,-0.08392486396307042,0.8375503832501583,-0.22715732912671616,-0.0020969898644306317,0.09196002607618421,-0.09795005063676121,-0.014208085554275662,0.30488036458091056,0.8040521985893829,0.01433904352106409,-0.03429611427219803,-0.1379456736320902,0.1379456736320902,0.0031051174478946564,0.8412698412698413,0.015873015873015872,274869429.8428611,19.43180674594404,0.14285714285714285,0.0,0.0,0.028554726265182302,-0.07763796706931947,-0.05995866652800097,-0.39183565657016256,-0.09605448605602318,0.5,-0.02180143015461679,-0.16269196322932544,0.09187053223952724,-0.1358387463157823,-0.09605448605602318,-0.07325221163652684,0.24513972744801377,0.01189144319745775,-0.10915856341674068,0.10915856341674068,0.0031051174478946564,248387452.98069546,-0.05471483185941872,0.02858233708081732,-0.03441606420497412,0.03978426025975912,0.012052899042108711,0.29265539692822506,0.245895162648623,1.0,3.0,1.0,1.0,0.0,63.0,126.0,0.41886792452830185,,,,,,,,0,0,0,0,0,0
2026-09-30,CCL,22.25,-0.4638975984539966,-0.2180024358053736,0.9284047739649689,0.9693599063546842,-0.25973976114385844,-0.2867344586617002,-0.1304664651317694,-0.0724368469026645,-0.020664118072424853,0.11070284177324097,-0.32783500155054257,0.02434310585770061,-0.42312186205999447,-0.0866656946455322,-0.2745601913463612,-0.33487643445571935,0.33487643445571935,-0.03129729861686292,0.23889054076039695,-0.03011243808257713,0.9338236144584684,-0.15113058320419426,0.03731513994667736,0.06495162959763334,-0.15290409867906585,-0.1707520610786869,-0.2029033120344339,-0.16150012012346585,-0.2029033120344339,-0.1304664651317694,0.018175287081431346,-0.29415393466726336,-0.3426088172920416,-0.07840575159532936,-0.2171321597773016,-0.026601274489769677,-0.22918505881941031,-0.2171321597773016,-0.6544655932995974,0.475183472491044,0.5559673093305372,0.6981938285145914,0.022509029759690356,-0.27616397325108344,0.27616397325108344,0.021110558290287518,628600045.3624104,0.7878866409150311,0.2619047619047619,0.047619047619047616,0.023809523809523808,0.035268097295764814,0.8634238080715665,-0.023345047020936427,-0.11876783964346094,-0.1231487376353394,0.7051244395331395,-0.06221175977645732,-0.1364573283997781,0.07295198477391712,-0.19573775914660319,-0.1729561277388887,0.33177016790538005,0.7962936460113927,0.016889272202598917,-0.16984668211640275,-0.24615663186420977,0.24615663186420977,0.021110558290287518,0.5714285714285714,0.015873015873015872,495265578.2196257,20.02060470033161,0.1746031746031746,0.0,0.0,0.030203963453069083,-0.07096828287011503,-0.14088998632908523,-0.2598465558896002,-0.06864794606730107,0.5,-0.02070608773668059,-0.1364573283997781,0.06495162959763334,-0.10843220632706019,-0.06864794606730107,-0.02238625743558087,0.26418647663918704,0.01499875480488066,-0.10821646013534458,0.10821646013534458,0.021110558290287518,512043461.82270956,0.004696103149647968,0.0321669356589524,0.007425515643920244,0.03978426025975912,0.012052899042108711,0.29265539692822506,0.245895162648623,1.0,3.0,1.0,1.0,0.0,63.0,126.0,0.730377358490566,,,,,,,,0,0,0,0,0,0
2026-09-30,CDNS,326.1300048828125,-0.31743762175058643,-0.07154245910196344,1.125582469187292,1.125378949414743,0.043348963121841555,0.0820504694330606,0.17367837698803013,-0.30383597639664384,-0.18417624249827758,0.35070361650934356,-0.48176511464822025,0.18613021243582262,-0.11897701994019494,-0.3047398751269068,0.39126231814965096,-0.21676794973537605,0.21676794973537605,-0.005562353839486223,-0.0756734526012749,-0.19681707467288734,0.9901494617826996,-0.01049786551024745,0.15305534988488864,0.1375648437199799,-0.05978912888361654,-0.056360677545155724,-0.1301575994086137,0.011007637356389655,-0.1301575994086137,0.17367837698803013,0.0010402332596921582,0.6781780847489267,0.6155151689753255,-0.09096438036311116,-0.1310614981388767,-0.09405312166066637,-0.1431143971809854,-0.1310614981388767,-0.3236370614827054,0.44389241930934226,1.0681022021770112,0.9123030996042718,0.019961241484314864,-0.21676794973537605,0.21676794973537605,0.22762177364724567,817761873.5945444,0.9458290518618737,0.20634920634920634,0.031746031746031744,0.03968253968253968,0.03512315819977666,1.1104325210839445,0.03139360872362784,-0.0715073578691875,0.02435808365233605,0.726120619052789,0.26562280029407637,-0.0036468157003709534,0.10754141548425597,-0.04085049285235076,-0.08749264232270082,0.40496443002675203,1.170775592717289,0.018421448354660513,-0.08295972884186364,-0.15499418430418432,0.15499418430418432,0.19042931469899993,0.873015873015873,0.12698412698412698,773462937.5507174,20.466388312867902,0.19047619047619047,0.015873015873015872,0.031746031746031744,0.034253474791514596,0.05959871707844466,-0.03717392534990416,-0.07875570346134993,-0.03733984869846285,0.5,0.03161591722599908,-0.09405312166066637,0.18613021243582262,-0.07712410895822197,-0.03733984869846285,0.08870766640132977,0.4741224705939897,0.023074841309717434,-0.06163137293193022,0.06163137293193022,0.19042931469899993,803198811.7584229,0.1049074434881998,0.029173294219387313,0.04860232448305846,0.03978426025975912,0.012052899042108711,0.29265539692822506,0.245895162648623,1.0,3.0,1.0,1.0,0.0,63.0,126.0,0.7291509433962263,,,,,,,,0,0,0,0,0,0
2026-09-30,CDW,135.42999267578125,-0.37831799452190873,-0.13242283187328574,1.0428961235438958,1.0590449889290043,0.010090043337339205,0.1161432660980195,0.131084241724567,-0.04637355221196304,-0.13127563006051246,0.1690127006341713,-0.2014575653384031,0.13130075949438047,-0.16157115520365806,-0.1635291064287988,0.23430065697369862,-0.15928890872583235,0.15928890872583235,0.026546882181334608,-0.4386487366804709,-0.45686170247042257,0.9139860561371079,-0.00019138833594545268,0.06657346845846492,-0.07827163378162949,0.015790040236188574,-0.11334496627907253,0.08471068951260396,0.07186784763374184,-0.00019138833594545268,0.131084241724567,0.12108411184342782,-0.4590134529147982,-0.5166525714183303,0.0423816021081489,-0.0324448647042318,0.05098122108821368,-0.04449776374634051,-0.0324448647042318,-0.06542192981816383,0.5594702269199435,0.8650957018481226,0.8864324311731557,0.02364360434241402,-0.12012737599482759,0.12012737599482759,0.37848739976094214,251413576.34657604,1.015192456291491,0.2619047619047619,0.06349206349206349,0.031746031746031744,0.040296118057661166,0.5689939786501486,-0.10911514648950327,0.048835063507964405,-0.04609219605110193,0.9474934251403786,-0.2043965706748736,0.030404671967252606,0.09920184981241464,-0.07937923544063308,0.06038968253385635,0.49593255341764264,0.9759296607674938,0.023632642614797066,0.06937336519583703,-0.12012737599482759,0.12012737599482759,0.049005119069906344,0.23809523809523808,0.746031746031746,255233166.11630878,19.357688066179463,0.2857142857142857,0.047619047619047616,0.047619047619047616,0.04255345634647443,-0.062043910272896574,0.04373782337310406,-0.22013532076487546,-0.10654445810914837,0.6666666666666666,0.02482577875041612,-0.10654445810914837,0.13130075949438047,-0.14632871836890748,-0.10654445810914837,-0.08290620243430447,0.48399528862043695,0.02227871890692053,-0.12012737599482759,0.12012737599482759,0.0,240874886.96732295,-0.075992085976334,0.043359253151277075,-0.05279138894510127,0.03978426025975912,0.012052899042108711,0.29265539692822506,0.245895162648623,1.0,3.0,1.0,1.0,0.0,63.0,126.0,0.6433018867924528,,,,,,,,0,0,0,0,0,0
2026-09-30,CEG,263.2699890136719,-0.44138041009374673,-0.19548524744512374,0.8404517293492186,0.8588399643269217,-0.25145562065280214,-0.19838050548084496,-0.054308445529752225,-0.029359017070571536,-0.10197156741138791,-0.10920002595851952,0.1708205715673492,0.12085949008610375,-0.3469638424579773,0.1159289911385819,-0.12659125470593838,-0.34461767260493026,0.34461767260493026,-0.014907631849528147,-0.622418417085919,-0.5991516339349077,0.7487424162101667,-0.15628001294114013,0.052492435821241475,-0.07924257556855141,-0.025216670940678698,0.10968750594215992,-0.08366746260032376,-0.0980853070237387,-0.15628001294114013,-0.054308445529752225,-0.13685493259348336,-0.250689561400101,-0.2820505920382399,0.028836336071081048,0.06162054560882968,0.0578974788202431,0.04956764656672097,0.06162054560882968,0.1632927046222785,0.429006297914548,0.950157939230199,0.8796199876130267,0.020785605946309724,-0.18184413308537484,0.18184413308537484,0.11490354900253474,880311407.7878559,0.8783826815903533,0.2222222222222222,0.023809523809523808,0.031746031746031744,0.036186519211982474,0.686340560800873,-0.0925926271067814,0.02160879905512192,-0.031228184590466834,0.8722144334306692,-0.08957313907201403,0.04735442955957936,0.09673982353238282,0.003519307743070188,0.007799696482807761,0.3773625144575051,1.080191392431392,0.017992275786565745,-0.05093269040464932,-0.11964554502529268,0.11964554502529268,0.11490354900253474,0.20634920634920634,0.9523809523809523,773250295.0072758,20.46611335233866,0.19047619047619047,0.0,0.015873015873015872,0.03431080502412403,-0.04216863132377824,-0.04562257890806076,-0.10267603152981704,-0.04185318797471649,0.5,-0.005306549611804175,-0.13685493259348336,0.12085949008610375,-0.08163744823447561,-0.04185318797471649,-0.040105619602666676,0.40762373994326373,0.018627539203791992,-0.11964554502529268,0.11964554502529268,0.033606776625076495,774092462.1478126,0.006445313619934057,0.03410268995151788,0.0015292689108730162,0.03978426025975912,0.012052899042108711,0.29265539692822506,0.245895162648623,2.0,7.0,2.0,1.0,1.0,63.0,126.0,0.7121698113207547,,,,,,,,0,0,0,0,0,0
2026-09-30,CELH,27.989999771118164,-0.7590278995780433,-0.5131327369294203,1.0054536183346974,1.0606302067967959,-0.38806299204192796,-0.47789592515480084,-0.21110484407424723,0.05240329270671784,0.044885005693778846,-0.17474630596345353,0.13068889867945344,-0.05383314182793031,-0.5037602410024723,0.16704743679024714,-0.3329062001165755,-0.5684551417248831,0.5684551417248831,-0.033222814490885266,0.06866537717601551,0.021582751403462108,1.1820540572597744,-0.1662198383804684,0.028335176789770915,-0.00893652784592669,-0.06168917026596055,-0.01281745460576278,-0.1587015513675294,-0.17867541127408168,-0.21110484407424723,-0.1587015513675294,-0.11992785440996545,-0.18406297714700504,-0.2738290451867188,-0.012942666456013163,-0.044057407284000094,-0.0023907650454659812,-0.056110306326108805,-0.044057407284000094,-0.061449121537813164,0.6341271024700758,0.7915503634020195,1.1306467585913784,0.02892923359338133,-0.23062124933114347,0.23062124933114347,0.177534675308606,279042640.66807884,0.9901610408518098,0.40476190476190477,0.06349206349206349,0.07142857142857142,0.04881391967899138,0.9380867988690296,-0.09790608310362214,0.02415203005796318,-0.050658680449153115,0.7300095720176525,-0.01871409577803973,0.07668612628124083,0.07402629788067114,-0.04176649611752348,-0.029862660020522958,0.716973752942734,0.7000863509202258,0.030089507868122253,-0.11751897111202192,-0.20797963638184924,0.20797963638184924,0.177534675308606,0.3492063492063492,0.5555555555555556,276297151.5259425,19.436987484107433,0.38095238095238093,0.07936507936507936,0.047619047619047616,0.04649292072860622,-0.07639004181282061,-0.16612244764500383,-0.21917988518939596,-0.11001592711878527,0.16666666666666666,-0.03640301499447215,-0.11992785440996545,0.07668612628124083,-0.1498001873785444,-0.11001592711878527,-0.040551200937913756,0.5019435384032581,0.026666447522139,-0.15156112921971232,0.15156112921971232,0.051070246083793513,213197630.98357064,-0.013394441457661777,0.042770373241934036,-0.021397114666062533,0.03978426025975912,0.012052899042108711,0.29265539692822506,0.245895162648623,1.0,4.0,1.0,0.0,1.0,63.0,126.0,0.6856603773584906,,,,,,,,0,0,0,0,0,0
2026-09-30,CF,114.66999816894533,0.058934251819088956,0.30482941446771195,1.1414029229702307,1.159410402611359,0.5043861839734005,0.16266210328382247,-0.10866150604513847,0.1345700546812424,0.04047633721335464,-0.1628004703981839,0.2274672104509342,-0.043438176619929325,-0.40131690297336353,0.17332824609788877,-0.24376038273882755,-0.17663535110826434,0.17663535110826434,0.014210757912538563,-0.2757675263812287,-0.2289337732719633,0.8729910837902198,-0.06818516883178383,0.06904233140864674,-0.09171745141706922,-0.04117846467540165,0.01082169676949507,0.025908548636103923,-0.05031270874693946,-0.10866150604513847,0.025908548636103923,-0.036404059560201874,-0.30226058111677623,-0.3846821607562819,0.07170901435227961,0.0646667400527503,0.15638276877759338,0.05261384101064159,0.0646667400527503,0.16149450571217663,0.4457718060016413,0.918930666333631,0.8982777025713485,0.02225639031805348,-0.17663535110826434,0.17663535110826434,0.12812785667111593,356389078.7018488,0.8697604954205156,0.2619047619047619,0.023809523809523808,0.047619047619047616,0.03808765221138978,0.707558776351376,-0.17663535110826434,0.052610629316629964,-0.08331189264753058,1.0658665676100858,-0.1353371057372681,0.0440128119243417,0.10063995879692882,-0.07931286352683697,0.07582349331763427,0.4004268737662352,1.0229917359666867,0.020535282558477534,0.02370662478891128,-0.17663535110826434,0.17663535110826434,0.0935562292471146,0.25396825396825395,0.9841269841269841,309973141.6541811,19.551996215090885,0.25396825396825395,0.031746031746031744,0.015873015873015872,0.03518361514888419,-0.10376721645738762,-0.06257257124870064,-0.28837149743608936,-0.11812659197530606,0.3333333333333333,-0.014881783145095232,-0.11812659197530606,0.15638276877759338,-0.15791085223506518,-0.11812659197530606,-0.11804860817103358,0.4096333827218343,0.02184278932825716,-0.17663535110826434,0.17663535110826434,0.0,355875397.13777816,-0.08840131942247875,0.04420135400963377,-0.04059504094839239,0.03978426025975912,0.012052899042108711,0.29265539692822506,0.245895162648623,1.0,3.0,1.0,1.0,0.0,63.0,126.0,0.6071698113207548,,,,,,,,0,0,0,0,0,0
2026-09-30,CFG,65.52999877929688,0.02388163235484919,0.2697767950034722,1.0033337666774689,1.0189459824544818,0.14529051228699275,0.10367100813899954,0.10771979956665678,-0.0483644867674502,-0.09380045794535352,0.17682335191473664,-0.2355437641462289,0.09251274149220023,-0.18493559736156828,-0.16644021179814905,0.43124993928845795,-0.12310991789595749,0.12310991789595749,0.015280288313118895,-0.18516011675620792,-0.2330078506029445,0.7789298449333594,0.01391934162130326,0.04690784754515347,-0.04289020938389854,-0.037865538845103464,-0.11476003346025332,0.05935531279920658,0.06033148466238888,0.01391934162130326,0.10771979956665678,0.12544171419951966,-0.19334980526822731,-0.2324701006532769,-0.006688006956845571,-0.05872041223149227,0.02918793157676136,-0.07077331127360098,-0.05872041223149227,-0.22997843143143526,0.24978507763824703,0.9870604129586906,1.0221991100644876,0.01194849025782459,-0.12310991789595749,0.12310991789595749,0.15630904542806734,281700865.34446836,0.9886829222733725,0.05555555555555555,0.0,0.0,0.02168296185114969,0.8062084721229137,-0.04469428365113637,-0.037775463851056124,-0.07082703908560972,1.0137634015684203,0.01646437994722949,-0.038799703001998975,0.07558224528947237,-0.08541524935448297,-0.054063590469100586,0.25533008406920504,0.9656244103914549,0.011596045075525833,-0.06650964959058547,-0.12310991789595749,0.12310991789595749,0.014239253370288862,0.4603174603174603,0.031746031746031744,278512834.7557068,19.444974705158984,0.06349206349206349,0.0,0.0,0.021647423630412513,-0.055278190096281654,-0.06397806851981591,-0.19670104094109905,-0.04849722424979752,0.5,0.01949254177213104,-0.04849722424979752,0.12544171419951966,-0.08828148450955664,-0.04849722424979752,-0.041517677765793404,0.24655296188452672,0.011241423798990128,-0.07482709183602021,0.07482709183602021,0.014239253370288862,257062348.57620966,-0.021604444693883562,0.023989008322728045,-0.00021361932124364102,0.03978426025975912,0.012052899042108711,0.29265539692822506,0.245895162648623,1.0,3.0,1.0,1.0,0.0,63.0,126.0,0.24311320754716984,,,,,,,,0,0,0,0,0,0
2026-09-30,CHD,96.37999725341795,-0.13179935445127788,0.1140958081973451,0.9109049276300556,0.9213443486798538,0.16027605136225476,-0.07505732970952961,0.03932158672798036,-0.028405806136074796,-0.04004798058865111,0.04153758844055866,-0.04366521372952814,0.040077092342482246,-0.2533338102002447,-0.041449212016949843,0.17178571851189944,-0.07857226216890822,0.07857226216890822,0.005211865286507855,-0.5473273436790997,-0.548290461470313,0.7358788028082276,-0.0007263938606707487,0.02060044820488728,-0.011516463266365906,-0.008830675595513537,-0.04010070656840503,0.010915780591905566,0.016503657819738393,-0.0007263938606707487,0.03932158672798036,0.013071216531725494,-0.5700000000000001,-0.5846522416718177,-0.0006149505011722178,-0.0021276252889694813,0.01992155551802588,-0.014180524331078193,-0.0021276252889694813,-0.010033820412706429,0.22889904392871047,0.5923695697646616,0.926370766002754,0.011352333389518214,-0.06721461489313296,0.06721461489313296,0.06910817147546111,184648580.82676843,0.9496781961467732,0.047619047619047616,0.0,0.0,0.021157280042939347,0.411115842685825,-0.03290591225419892,-0.019814737167875407,-0.022079229662761102,0.7334720564773315,-0.4990794362802531,0.012895901703969148,0.02593165994052528,-0.0216185065289618,-0.042681711859821725,0.21204538266153755,0.6394519251948205,0.010342934818295913,-0.04872570745962268,-0.06721461489313296,0.06721461489313296,0.0259739700723729,0.5714285714285714,0.1746031746031746,175356731.1606271,18.98233292651737,0.031746031746031744,0.0,0.0,0.019631847465515728,-0.014667230325218994,-0.0492304172166208,-0.2513037089912481,-0.03407498063213421,0.6666666666666666,0.006729053699617109,-0.03407498063213421,0.040077092342482246,-0.07385924089189333,-0.03407498063213421,-0.0014970644937574162,0.1355928281715926,0.007135618418240429,-0.05851328838968983,0.05851328838968983,0.0259739700723729,172886703.66697764,0.010547913459720837,0.01665283957136564,0.005340655794962235,0.03978426025975912,0.012052899042108711,0.29265539692822506,0.245895162648623,1.0,3.0,1.0,1.0,0.0,63.0,126.0,0.155,,,,,,,,0,0,0,0,0,0
2026-09-30,CHRW,147.10000610351562,-0.11792855019807358,0.1279666124505494,0.9136999567494791,0.9659579197208286,-0.07472320915937403,-0.19704453027874713,-0.10736181549423529,-0.0628568877246497,-0.07727916495840292,0.13798394716364215,-0.353580804456214,0.09477930961173864,-0.40001721242246036,-0.10823504179833654,-0.24258323313172625,-0.29455402816048026,0.29455402816048026,-0.029712466639818413,-0.061660014661562235,-0.2639631665724874,1.0343063762236526,-0.18464098045263821,0.04109148279896234,-0.01738081743912534,-0.1284154449333389,-0.26668158448575496,-0.170218703218885,-0.15407383305525282,-0.18464098045263821,-0.10736181549423529,0.05785055107895243,-0.18355776045357908,-0.19406208192382024,-0.0921006191162248,-0.21559685729257183,-0.21562069773572745,-0.22764975633468054,-0.21559685729257183,-0.44709527949670447,0.4425772305373482,0.4968770523081111,1.0895653276160768,0.018526446094396437,-0.29455402816048026,0.29455402816048026,0.04310159672131619,299635552.6725648,0.9529435826466041,0.15079365079365079,0.023809523809523808,0.031746031746031744,0.031982421693209265,0.48967447132584746,-0.009194543527344723,-0.08328235911321069,-0.059864907006802914,0.6989762123525598,-0.48751408743104574,0.01306445099420106,0.10806396747910275,3.0394023767366107e-05,0.027843868907217573,0.4822168051858418,0.4560323642045926,0.01843623931730573,0.049154121524260797,-0.29455402816048026,0.29455402816048026,0.04310159672131619,0.746031746031746,0.38095238095238093,285535777.05208915,19.46987789637899,0.12698412698412698,0.031746031746031744,0.047619047619047616,0.030937660851465307,-0.010926949795879382,0.034371488777576786,-0.05850655576451399,-0.012865970134123605,0.5,-0.013362195604014046,-0.21562069773572745,0.09477930961173864,-0.052650230393882724,-0.012865970134123605,-0.022793476922393308,0.2199064697280849,0.010358056385342531,-0.06680199488114735,0.06680199488114735,0.017455167879882216,212268983.86535645,-0.03261230850086405,0.026896174532680527,-0.013241698303213312,0.03978426025975912,0.012052899042108711,0.29265539692822506,0.245895162648623,1.0,3.0,1.0,1.0,0.0,63.0,126.0,0.5566981132075471,,,,,,,,0,0,0,0,0,0
2026-09-30,CHTR,112.91000366210938,-0.8354774763628202,-0.5895823137141972,1.0509282624794232,1.13079247408004,-0.45911375491205086,-0.5187742346998501,-0.47697794557953144,0.26080301513916415,0.1605766918035192,-0.34125438439255207,0.13522104167068083,-0.23489904375995552,-0.7696333425077565,0.2709446028576602,-0.7436396173663202,-0.6006578214545684,0.6006578214545684,-0.09648833457284356,-0.39645200984413453,-0.5208030197490146,0.7707779333520023,-0.31640125377601225,0.13156012728382835,-0.12786822880257442,-0.19839719651225507,0.12907543767372043,-0.21617493044036729,-0.33651804326530366,-0.47697794557953144,-0.21617493044036729,-0.012773316896282916,0.039306399208927756,-0.23020147296416416,0.012007412597527578,-0.20603334272187124,0.019478158237100862,-0.21808624176397995,-0.20603334272187124,-0.35767347139942435,0.641410078807797,0.9896188080670679,0.8980799463910449,0.028320710086223232,-0.5385589826492934,0.5385589826492934,0.0,482131595.9733509,0.8953098749305495,0.38095238095238093,0.047619047619047616,0.05555555555555555,0.05040399970815257,0.7533149029846926,-0.25644701534292436,-0.0195622420811864,-0.20522629804398018,0.9133014050162807,0.026425930662450137,0.05145542098019362,0.1333874311926565,-0.22120287633128943,-0.09008409708625975,0.5760375291903822,1.101927297278905,0.02936541351267039,-0.16140993598102082,-0.2897401849714223,0.2897401849714223,0.0,0.25396825396825395,0.0,431657178.890967,19.88314226610174,0.4126984126984127,0.07936507936507936,0.031746031746031744,0.05017796001481667,-0.20375448654589057,-0.2239389216417067,-0.4085301686470128,-0.259315128222273,0.3333333333333333,-0.09398702307729856,-0.259315128222273,0.05145542098019362,-0.2990993884820321,-0.259315128222273,-0.1786332421496022,0.6347514776719761,0.03503546480093561,-0.2897401849714223,0.2897401849714223,0.0,405670733.65086144,-0.11008296789886418,0.05842831504648178,-0.039358135910246284,0.03978426025975912,0.012052899042108711,0.29265539692822506,0.245895162648623,1.0,3.0,1.0,1.0,0.0,63.0,126.0,0.7532075471698114,,,,,,,,0,0,0,0,0,0
2026-09-30,CI,272.010009765625,-0.2808476699279818,-0.034952507279358835,0.8844919207106771,0.898069266077557,0.0050541236177610305,-0.04554201795809376,0.0313235391107447,-0.039594858043363046,-0.08457728813380316,0.03946677527708986,-0.04730082669655389,0.08933469559190588,-0.26133185781748036,-0.03915759053020873,0.11013057138018562,-0.10554692479146255,0.10554692479146255,0.0019453481731805944,0.24900589606471968,0.23922111965173487,0.9010298336677668,-0.05325374902305846,0.04231723342481911,-0.04535759724325639,-0.03464445841673536,-0.023816372281762588,-0.008271318932618343,-0.010067176281644033,-0.05325374902305846,0.0313235391107447,-0.0004407201373720637,0.28151378728193577,0.26963227645669385,-0.010477423100534455,-0.007834051419464028,0.012224272624722143,-0.01988695046157274,-0.007834051419464028,-0.02721084367431117,0.28442183417546807,0.8850480249311362,1.0122352979834968,0.014694459389989475,-0.10173952592428659,0.10173952592428659,0.06597002239461447,455373997.60335284,1.0083183679458207,0.0873015873015873,0.0,0.0,0.024168606214965183,0.9338972190183262,-0.008406128092775744,-0.009284849084014613,-0.02588770656240802,0.9285792213082743,0.005908011705593186,-0.010643300320451465,0.04510590177373893,-0.01981608679682667,0.004742933947243122,0.2879018200696176,0.8743500910255413,0.01471899413864794,-0.0015693045437532582,-0.10173952592428659,0.10173952592428659,0.024519810793314445,0.8412698412698413,0.015873015873015872,459161966.06837684,19.94491357521106,0.07936507936507936,0.0,0.0,0.024012158226365633,-0.02029536537197063,-0.02229864253074587,-0.036831432898357504,-0.009271465467759255,0.3333333333333333,0.005974314174631475,-0.04535759724325639,0.08933469559190588,-0.04905572572751837,-0.009271465467759255,-0.021661143493737822,0.25172698258428916,0.012349630305197598,-0.06219609993647124,0.06219609993647124,0.024519810793314445,413776536.344837,-0.016121231658539847,0.024836259344221897,0.004475704131831071,0.03978426025975912,0.012052899042108711,0.29265539692822506,0.245895162648623,1.0,3.0,1.0,1.0,0.0,63.0,126.0,0.3825471698113207,,,,,,,,0,0,0,0,0,0
2026-09-30,CIEN,356.9100036621094,1.2042318926711135,1.4501270553197365,1.0303074938670875,1.0439270829862448,0.5261042934698359,0.023544568877742478,-0.0806738439530933,-0.3042079862243603,-0.24282213371709638,0.2635808249658198,-0.5360245516488559,0.35893671833737484,-0.37332924088131836,-0.19176988272994278,-0.10560037014138796,-0.43076554439854964,0.43076554439854964,-0.0641308487872908,-0.33882641586587614,-0.5189590111117568,0.7622157665203532,-0.32349597767018967,0.16086915510938674,0.0997952190633109,-0.18905082572761267,-0.05483606728685386,-0.3848818301774536,-0.2630172172669122,-0.3848818301774536,-0.0806738439530933,-0.15454214006266032,-0.1147549958937859,-0.17462693904710658,-0.09782367139099413,-0.27244372668303607,-0.23138863814933675,-0.2844966257251448,-0.27244372668303607,-0.35820889651870985,0.7639541778601664,0.8957711429191658,0.9955730553112683,0.037428109354731884,-0.43076554439854964,0.43076554439854964,0.12426766606466555,1155928899.2902,0.7593051255606506,0.5158730158730159,0.12698412698412698,0.1746031746031746,0.06330962175333746,0.6753169006731311,0.11702997699643947,-0.07249198397240852,-0.05295551493594097,0.7046811185560087,-0.10035609629437292,0.015249967341617321,0.2102170098944281,-0.05341462613153014,-0.13479825217188024,0.7605721949700539,0.8997543054628984,0.03769113983766239,-0.14246894715877112,-0.27244372668303607,0.27244372668303607,0.12426766606466555,0.9682539682539683,0.23809523809523808,877702738.0147299,20.59281852823052,0.5396825396825397,0.09523809523809523,0.20634920634920634,0.06099020459976088,-0.026749759495906633,-0.07487027711675898,-0.0988315237174824,-0.06763318954143127,0.5,0.0034029894981457884,-0.23138863814933675,0.35893671833737484,-0.10741744980119039,-0.06763318954143127,0.024004193091011095,0.684328107039673,0.031901987665371945,-0.10739027581830196,0.10739027581830196,0.12426766606466555,947542409.1211228,0.021701621986892627,0.06175826502310979,-0.0117512035487507,0.03978426025975912,0.012052899042108711,0.29265539692822506,0.245895162648623,1.0,3.0,1.0,1.0,0.0,63.0,126.0,0.884056603773585,,,,,,,,0,0,0,0,0,0
2026-09-30,CINF,162.5399932861328,-0.19468112048882746,0.051214042159795525,0.7988739563850915,0.811629836037373,0.01232324981332944,0.00824878429602749,0.044566015947834714,-0.0004644206579957899,-0.0399055519782463,0.1830610052337045,-0.3001259652595919,0.03972043631593958,-0.24808938098039035,-0.1616309759737221,0.2058983488887743,-0.14874446809260466,0.14874446809260466,0.007979304127009978,-0.4021024967148489,-0.472095344036503,0.8734582822706678,0.004660463969588413,0.022906591500618828,-0.037775185382512344,-0.04742062026817273,-0.1432652942782876,0.044101595289838924,0.031109358402420684,0.004660463969588413,0.044566015947834714,0.18253500882743512,-0.3039265680775115,-0.33028392585733557,-0.024651854683223284,-0.1170649600258874,-0.04029389224205315,-0.1291178590679961,-0.1170649600258874,-0.5086616703292405,0.21644668929282743,0.6618530414361696,1.0632783247762103,0.010145690295255465,-0.14874446809260466,0.14874446809260466,0.06951116060738372,122094105.07980831,0.999884400974027,0.03968253968253968,0.0,0.0,0.019230212630180894,0.567843028496152,-0.033502027923191346,-0.03543008920863211,-0.0560752591922179,0.7924962538862299,-0.3674698795180723,-0.04378659282821595,0.09016278282204068,-0.07999435156579948,-0.025221298428198535,0.23014307319463445,0.6224645288198372,0.01057298957918121,-0.018715966474245005,-0.14874446809260466,0.14874446809260466,0.0012936084070069853,0.9365079365079365,0.015873015873015872,122079991.12018403,18.620187060954088,0.06349206349206349,0.0,0.0,0.019714430098578085,-0.03689246183509387,-0.03357783596205166,-0.26432260014330805,-0.03786577187269957,0.3333333333333333,0.010422333802982279,-0.04378659282821595,0.18253500882743512,-0.07765003213245869,-0.03786577187269957,-0.03381934030059819,0.14325589961724744,0.006985221054923834,-0.06440825313221754,0.06440825313221754,0.0012936084070069853,105189526.20166597,-0.02481288871070031,0.017052468901750394,-0.0067636574343353795,0.03978426025975912,0.012052899042108711,0.29265539692822506,0.245895162648623,1.0,3.0,1.0,1.0,0.0,63.0,126.0,0.10584905660377357,,,,,,,,0,0,0,0,0,0
2026-09-30,CL,86.05999755859375,-0.14241690492649006,0.10347825772213293,0.9418522090935885,0.9579581610891592,0.10889108983890194,-0.12153235770432935,0.02183824163528092,-0.061521270500835556,-0.00785787697990803,0.08236265221509531,-0.1382814428865481,0.007749535645671823,-0.27081715529294415,-0.0777570323067337,0.09750191656549549,-0.12153235770432935,0.12153235770432935,0.010255699942725904,-0.05546810383927858,-0.10828518522320041,0.7694119952116641,0.01398036465537289,0.03348226585037287,0.05588091758654823,-0.04261931672037422,-0.08236471868693507,-0.03968302886555464,-0.0012881408583002758,-0.03968302886555464,0.02183824163528092,0.017197420778500172,-0.3998542101069691,-0.4249772279171946,-0.015770505875397522,-0.05591879067145278,0.00156425445071795,-0.06797168971356149,-0.05591879067145278,-0.27456238505188674,0.22397756274474254,0.5896618459130072,0.9093105236448236,0.011323536522041242,-0.09015693424416127,0.09015693424416127,0.057980316223869455,453138370.2949948,0.9325738079565947,0.023809523809523808,0.0,0.0,0.020141127488221215,0.6244546619786215,-0.03975147534192347,-0.031080671349364652,-0.046175084341718575,0.7562349623871182,-0.34035998658435096,-0.016210331954694124,0.03285578569775391,-0.057393267448123786,-0.04287393849565213,0.20366515486411316,0.6484713753772952,0.010746873157457313,-0.05076902450795495,-0.09015693424416127,0.09015693424416127,0.008673205185377286,0.9365079365079365,0.015873015873015872,422584975.51724875,19.861901112389486,0.0,0.0,0.0,0.019159065913313077,-0.03310616069637551,-0.05714660712112907,-0.31696222021489995,-0.0418615247050278,0.6666666666666666,0.0040533786336193756,-0.0418615247050278,0.05588091758654823,-0.08164578496478692,-0.0418615247050278,-0.020949612710246757,0.13207102309116128,0.007363733145100637,-0.053869850211062276,0.053869850211062276,0.008673205185377286,462781318.65034556,-0.008216873616692433,0.017579104723796205,-0.0007431493000142897,0.03978426025975912,0.012052899042108711,0.29265539692822506,0.245895162648623,1.0,3.0,1.0,1.0,0.0,63.0,126.0,0.2633962264150943,,,,,,,,0,0,0,0,0,0
2026-09-30,CLX,83.80000305175781,-0.5345759629181305,-0.2886808002695075,0.9845212485622707,1.01761286664503,-0.1391596428430355,-0.3248848002743773,-0.1715945243863286,0.11337386431284568,0.05067967296108711,-0.06742179108888036,-0.04428222719295427,-0.057650471109940704,-0.46424992131455367,0.05989050610449398,-0.4765770063890607,-0.3248848002743773,0.3248848002743773,-0.017455554717470068,0.0939485816339245,-0.028249870728298432,1.7225466362207051,-0.1209148514252415,0.056792933817980694,-0.06656993702649117,-0.11651817878952875,-0.12135785482348405,-0.05822066007348292,-0.11691001196168434,-0.1715945243863286,-0.05822066007348292,0.06020893858475285,-0.8042655965518523,-0.8320787924340367,-0.019712726164529126,-0.11170401828183463,0.0009428987046646853,-0.12375691732394334,-0.11170401828183463,-0.34721095407900165,0.36005623873142734,0.88280163809596,0.8935215627963247,0.017160694994873698,-0.22335494099451803,0.22335494099451803,0.02444987683844624,269256101.74234176,0.996258816562824,0.1111111111111111,0.015873015873015872,0.023809523809523808,0.028489499675733134,0.5079078377744282,-0.1286376001587819,-0.06523289272517085,-0.13310858554893157,0.8843502506930598,-0.5896307991129623,0.03445121162957543,0.07470242587356998,-0.11254080240968523,-0.14299106700832975,0.3217180131258715,0.988002612195708,0.015902860827993852,-0.19769206879530188,-0.22335494099451803,0.22335494099451803,0.02444987683844624,0.4126984126984127,0.015873015873015872,268248765.27414474,19.407425340300087,0.07936507936507936,0.015873015873015872,0.0,0.02773740057525659,-0.11582542892029923,-0.20317165691928574,-0.44704398638613446,-0.1420966135345365,0.5,-0.028452328791995902,-0.1420966135345365,0.06020893858475285,-0.18188087379429563,-0.1420966135345365,-0.06135361195674449,0.3178582373587741,0.018918084364442058,-0.19135380418053716,0.19135380418053716,0.02444987683844624,319366287.3406547,-0.015276118678341888,0.03062563191895081,-0.00609624029408995,0.03978426025975912,0.012052899042108711,0.29265539692822506,0.245895162648623,1.0,3.0,1.0,1.0,0.0,63.0,126.0,0.45339622641509436,,,,,,,,0,0,0,0,0,0
