sample_source,month,ticker,adj_close,rel_mom_12m_vs_qqq,mom_12m,up_day_volume_ratio_3m,up_day_dollar_volume_ratio_3m,mom_9m,mom_7m,mom_6m,mom_4m_vs_6m,mom_5m_vs_6m,mom_6m_first3m,mom_6m_acceleration,ret_lag_6m,rel_mom_6m_vs_qqq,mom_3m_vs_6m,return_vol_ratio_6m,drawdown_12m,drawdown_12m_abs,ma100_slope_1m,volume_ma3_to_12m,volume_change_3m,dollar_volume_change_3m,mom_5m,core_mom_456_std,ret_lag_5m,price_ma100_ratio,drawdown_change_3m,mom_4m,core_mom_456_avg,core_mom_456_min,core_mom_456_max,ret_lag_4m,ma50_slope_1m,mom_6m_last3m,ret_lag_3m,rel_mom_3m_vs_qqq,mom_3m,return_vol_ratio_3m,volatility_6m,volatility_1m_to_6m,volatility_3m_to_6m,volume_change_1m,dollar_volume_change_1m,avg_abs_daily_return_6m,drawdown_6m,drawdown_6m_abs,recovery_from_6m_low,avg_dollar_volume_6m,dollar_volume_3m_to_6m,large_move_freq_6m,up_big_move_freq_6m,down_big_move_freq_6m,intraday_range_mean_6m,volume_ma1_to_6m,drawdown_change_1m,ma30_slope_1m,price_ma50_ratio,atr_14_to_100d,ret_lag_2m,ret_lag_6m_std,mom_2m,ma20_slope_1m,volume_ratio_3m,volatility_3m,volatility_1m_to_3m,avg_abs_daily_return_3m,ma10_slope_1m,drawdown_3m,drawdown_3m_abs,recovery_from_3m_low,days_since_3m_high_norm,days_since_3m_low_norm,avg_dollar_volume_3m,log_avg_dollar_volume_3m,large_move_freq_3m,up_big_move_freq_3m,down_big_move_freq_3m,intraday_range_mean_3m,price_ma30_ratio,ma5_slope_1m,return_vol_ratio_1m,ret_lag_1m,positive_month_ratio_6m,ret_lag_6m_mean,ret_lag_6m_min,ret_lag_6m_max,rel_mom_1m_vs_qqq,mom_1m,price_ma20_ratio,volatility_1m,avg_abs_daily_return_1m,drawdown_1m,drawdown_1m_abs,recovery_from_1m_low,avg_dollar_volume_1m,price_ma10_ratio,atr_14_to_price,price_ma5_ratio,qqq_mom_1m,qqq_mom_3m,qqq_mom_6m,qqq_mom_12m,source_count,source_weight_sum,theme_count,in_large_cap_core,in_manual_core,trading_day_count_3m,trading_day_count_6m,liquid_vol_score,future_return_1m,future_return_2m,future_return_3m,future_max_return_1_3m,future_max_return_1_3m_pct_rank,monthly_top10_threshold_1_3m,monthly_top5_threshold_1_3m,label_top10_1_3m,label_top5_1_3m,label_boom30_top10_1_3m,label_boom40_top10_1_3m,label_boom50_top5_1_3m,label_mega100_1_3m
historical_mega100_examples,2016-01-31,FCX,4.142922878265381,-0.7622627853026143,-0.721864283005111,1.0196245552559053,0.9923874920221063,-0.7996267086068871,-0.7495872154735228,-0.6069920923814808,0.08354954016049054,0.040999773138526874,0.005587931002662749,-0.614763920986299,-0.09446785150670678,-0.542250234481486,-0.002183897602155427,-0.6458523773624563,-0.8029295976218922,0.8029295976218922,-0.10596110290141525,1.1824812713666863,0.927503747198196,-0.24668525619843362,-0.5659923192429539,0.04177716627549767,-0.08928570358152277,-0.47576781876300533,-0.5052139561185711,-0.5234425522209902,-0.5654756546151417,-0.6069920923814808,-0.5234425522209902,0.21936584131322,-0.2916100138080344,-0.6091759899836362,-0.30501274311854054,-0.5308033118374837,-0.6091759899836362,-0.6442890226615027,0.9398310103933134,1.3171967013737356,1.0060331119015364,0.7202501973843001,0.16885514792296852,0.04302331025715889,-0.6576840471387868,0.6576840471387868,0.2299463257247294,345503070.2729119,0.8436337470775739,0.5396825396825397,0.11904761904761904,0.20634920634920634,0.07318008564079878,1.1320343290332306,-0.13313123078472766,-0.2700987581644916,-0.276092325268816,1.0468874533333536,-0.1723717289774368,0.19680026064653178,-0.4376529840704335,-0.3160031075312393,0.25398228065275097,0.9455011160475503,1.3092975626657641,0.04721531287046996,-0.3666467745654419,-0.6293313488885792,0.6293313488885792,0.2299463257247294,0.9365079365079365,0.1746031746031746,291478049.801143,19.49047526349665,0.6031746031746031,0.09523809523809523,0.2857142857142857,0.08040012270505652,-0.15508500421175186,-0.3814520368841602,-0.25892312562745573,-0.3205318914072771,0.16666666666666666,-0.12705067954637733,-0.3205318914072771,0.21936584131322,-0.25142759334283127,-0.3205318914072771,-0.042066047961180186,1.2379423067388173,0.06312733729263253,-0.3205318914072771,0.3205318914072771,0.2299463257247294,281595762.49469346,0.08337234967560692,0.14363361015047693,0.05456188365368808,-0.06910429806444585,-0.07837267814615245,-0.06474185789999476,0.0403985022975033,1.0,3.0,1.0,1.0,0.0,63.0,126.0,0.9396160350932825,0.6586959832023129,1.2478268861286375,2.0434797721405666,2.0434797721405666,0.997907949790795,0.26112969708912964,0.29010127525678064,1,1,1,1,1,1
historical_mega100_examples,2016-01-31,LEU,1.3700000047683716,-0.7004481466042158,-0.6600496443067125,,,-0.7375478812580426,-0.6682808797079587,-0.6522842677990056,0.10146460425374626,0.013761845254849026,-0.3147208100325568,-0.17787178975510942,-0.03807108964187478,-0.5875424098990109,0.15969166801133938,-0.7965876857464621,-0.7566607501029476,0.7566607501029476,-0.19794164284476556,1.0986706609249204,3.1711711711711708,1.1164831198045997,-0.6385224225441566,0.05503972540690709,-0.195250664112128,-0.3699121522548703,-0.1870973700516717,-0.5508196635452594,-0.6138754512961405,-0.6522842677990056,-0.5508196635452594,-0.11475406888671102,-0.3114052494366252,-0.49259259978766623,-0.3777778081933162,-0.4142199216415138,-0.49259259978766623,-0.5330736242502262,0.818848043310846,1.1331762593761696,1.1284891108797082,1.392764857881137,1.4833998003388227,0.03753176348947247,-0.6522842677990056,0.6522842677990056,0.3173077452112254,84978.92850533365,0.8755218018444355,0.46825396825396826,0.10317460317460317,0.1746031746031746,0.08637090804220866,2.664748201438849,0.09818179824135487,-0.16824643971645525,-0.009972536757208328,0.8180466504364898,-0.21428565853306858,0.1463768616670471,-0.18452378122511814,-0.20257888729369222,0.8936605316973416,0.9240611003414454,1.0041534725069767,0.044795624734714656,-0.2579155577850244,-0.5018181800842285,0.5018181800842285,0.3173077452112254,0.9523809523809523,0.14285714285714285,74400.90460379918,11.217236820006951,0.5873015873015873,0.14285714285714285,0.23809523809523808,0.11301476931572967,0.06449106451505449,-0.21715814798299393,0.04082205456323748,0.03787875024959453,0.16666666666666666,-0.15037675651958402,-0.3777778081933162,0.03787875024959453,0.10698304831404037,0.03787875024959453,0.1659574449521053,0.9278991627164802,0.045666570332735086,-0.007246369925949403,0.007246369925949403,0.3173077452112254,55745.33319984163,0.21777776911229285,0.12043796523243058,0.1729451789151759,-0.06910429806444585,-0.07837267814615245,-0.06474185789999476,0.0403985022975033,1.0,3.0,1.0,0.0,1.0,63.0,126.0,0.6461072793897433,-0.036496315432303805,2.2919709585288284,1.3284671869470528,2.2919709585288284,1.0,0.26112969708912964,0.29010127525678064,1,1,1,1,1,1
yearly_top_future_return_examples,2016-01-31,TRGP,14.12857723236084,-0.7619241668308692,-0.7215256645333659,1.1904545480883166,1.088331073113124,-0.7714410312437171,-0.7310935838494175,-0.7313582023612226,0.19256481148521987,0.09105193374149756,-0.3430178820514431,-0.2480793635210572,-0.25313739383808087,-0.6666163444612279,0.1402609567887223,-0.8869385221589605,-0.7744831156207322,0.7744831156207322,-0.18590852923108536,1.8997812078126766,3.131095123900879,0.6892161749650829,-0.6403062686197251,0.09632975103623338,-0.22010282536178938,-0.4428047176104213,-0.29413913066389985,-0.5387933908760028,-0.6368192872856501,-0.7313582023612226,-0.5387933908760028,0.12791269838650865,-0.31212349688240704,-0.5910972455725003,-0.31233585803384245,-0.5127245674263479,-0.5910972455725003,-0.5798393624593424,0.8245872561504841,1.5705192603486937,1.2362736787917326,0.5532846715328468,0.34140444340296505,0.03750634300749993,-0.7313582023612226,0.7313582023612226,0.458725866346017,35357621.71425668,1.0393252685902101,0.4365079365079365,0.09523809523809523,0.15079365079365079,0.0672843371059247,2.114751702569199,-0.019062476618037727,-0.30179558759377234,-0.1699469773772705,0.9138206272939224,-0.31145080780604384,0.16634383174778447,-0.40537432523619454,-0.2671943437326538,0.5196169033016886,1.0194155206459397,1.2703653626951235,0.04663333270487317,-0.2538643101856882,-0.5985433584067478,0.5985433584067478,0.458725866346017,0.9523809523809523,0.12698412698412698,36748069.684880875,17.419596283874444,0.5079365079365079,0.12698412698412698,0.19047619047619047,0.08529118875083813,0.00768275937689622,-0.16431213307024117,-0.10533179615937761,-0.13640785363624908,0.16666666666666666,-0.18425367338158283,-0.31233585803384245,0.12791269838650865,-0.06730355557180323,-0.13640785363624908,0.09077950827358339,1.2950301676224172,0.05868511577515952,-0.13640785363624908,0.13640785363624908,0.458725866346017,37844073.623452865,0.16240221339389604,0.10819070367619228,0.03807053762374002,-0.06910429806444585,-0.07837267814615245,-0.06474185789999476,0.0403985022975033,1.0,3.0,1.0,1.0,0.0,63.0,126.0,0.691911984919754,0.19626197621352093,0.32888290001806975,0.8439718102473546,0.8439718102473546,0.99581589958159,0.26112969708912964,0.29010127525678064,1,1,1,1,1,0
historical_mega100_examples,2016-02-29,LEU,1.3200000524520874,-0.6385992922262179,-0.6834532306231449,1.2674367211773785,1.3560958507117105,-0.725,-0.6649746108421877,-0.65171502223269,0.14060392191418924,0.08450193144219009,-0.5567282415679715,0.34244258303490294,-0.195250664112128,-0.6397621255746677,0.4374293636996214,-0.7674436586731228,-0.7655417361242507,0.7655417361242507,-0.18131717989614993,1.4181240063593006,3.5064935064935066,2.5408165777795477,-0.5672130907904999,0.07077837783065333,-0.11475406888671102,-0.265646700929992,0.2922343900997455,-0.5111111003185007,-0.5766797377805635,-0.65171502223269,-0.5111111003185007,-0.3777778081933162,-0.0751072927521047,-0.21428565853306858,-0.21428565853306858,-0.11599666236311479,-0.21428565853306858,-0.24063249294512998,0.849202433126462,1.1075157937794633,1.048642864067242,-0.25053995680345575,-0.2778924869438648,0.03974201209600528,-0.65171502223269,0.65171502223269,0.26923086622057957,81496.63483888384,0.7180315963264146,0.5158730158730159,0.1111111111111111,0.19047619047619047,0.09915699224096977,1.5370985603543743,0.2518182139505042,-0.034937885635803134,0.020881707711476016,0.7311896312204296,0.03787875024959453,0.1466197168786567,0.0,0.10902895773861654,0.03736920777279518,0.8905100716466038,1.056142021015504,0.04385551849716202,0.1350364743983643,-0.24999996613372433,0.24999996613372433,0.26923086622057957,0.9841269841269841,0.4603174603174603,58517.15880859466,10.977092392038191,0.6190476190476191,0.14285714285714285,0.1746031746031746,0.1225267889677249,0.06194693914949845,0.06227756172803245,-0.0388050156966652,-0.036496315432303805,0.16666666666666666,-0.1501142941513222,-0.3777778081933162,0.03787875024959453,-0.020843003113024783,-0.036496315432303805,0.013824921922378941,0.9405051068035053,0.044702696906548864,-0.09589039865545002,0.09589039865545002,0.17857147038591137,42760.000313463664,0.0610932950399361,0.10064936032542897,0.10552767682261921,-0.015653312319279022,-0.09828899616995379,-0.011952896658022238,-0.04485393839692697,1.0,3.0,1.0,0.0,1.0,63.0,126.0,0.6468553459119497,2.41666670429586,1.4166666139857957,1.2954544325669652,2.41666670429586,1.0,0.27108642704571356,0.35109090512910296,1,1,1,1,1,1
yearly_top_future_return_examples,2016-02-29,AMD,2.140000104904175,-0.26704311077058207,-0.31189704916750904,0.9172317478421791,0.9725019419251024,-0.061403450983492314,0.10880837464429449,0.18232053732436393,-0.17288647108628097,0.06186554948245315,0.30386738657663837,-0.39708764080157233,-0.04972371105774864,0.19427343398238617,-0.2755407915492979,0.29106414278326764,-0.3333333085754334,0.3333333085754334,0.01762032754287368,1.200324059127738,0.1487142799564709,0.04163084274711659,0.24418608680681708,0.1216727778774808,0.23255805249727524,-0.02487919931562277,-0.2782631785963421,0.009434066238082961,0.14531356345642132,0.009434066238082961,0.24418608680681708,0.11320755777939628,-0.05237329307153116,-0.09322025422493396,0.21610170048018107,0.005068741945019828,-0.09322025422493396,-0.12780971399622348,0.6263929853431777,0.8495111664584402,1.1643928616927066,-0.0498245555546295,-0.0757384060371652,0.02997867830211506,-0.2866666316986084,0.2866666316986084,0.28915671562314604,23431669.21293641,1.2868624849184709,0.40476190476190477,0.07936507936507936,0.07936507936507936,0.05376393069889252,1.2426410878273428,-0.019999980926513672,-0.17638163165960918,-0.04464280726007941,0.8379563255797415,-0.23344943017126596,0.17932014320416942,-0.254355334412392,-0.13892529080348615,-0.008223984688773278,0.7293675207479803,0.7295743510686632,0.03492486967439081,-0.034634136974917795,-0.2866666316986084,0.2866666316986084,0.1888889786637884,0.6666666666666666,0.42857142857142855,30153336.06914698,17.22180615723974,0.4603174603174603,0.09523809523809523,0.12698412698412698,0.06214207136424162,0.07160746850918276,-0.018234147961428526,-0.051252159435510126,-0.027272700672307915,0.5,0.04190357814258835,-0.23344943017126596,0.23255805249727524,-0.011619388353028892,-0.027272700672307915,0.08574333192994787,0.5321278356402674,0.026502384089936173,-0.027272700672307915,0.027272700672307915,0.16939893700492736,19284413.68097521,0.08135427439576248,0.04839785507961349,0.04594335333050714,-0.015653312319279022,-0.09828899616995379,-0.011952896658022238,-0.04485393839692697,2.0,8.0,2.0,1.0,1.0,63.0,126.0,0.6648846960167715,0.33177559108586396,0.6588784010715021,1.1355139942229178,1.1355139942229178,0.997907949790795,0.27108642704571356,0.35109090512910296,1,1,1,1,1,1
yearly_top_future_return_examples,2016-02-29,DVN,13.514752388000488,-0.6289013020102938,-0.6737552404072208,0.7870936376793461,0.8422909352981108,-0.6932106887176485,-0.5966502024085922,-0.532734435257784,0.005281874419061583,0.06694620398348461,0.08504026901580697,-0.6543967453740047,-0.1253177258583742,-0.5207815385997617,-0.03662204110041378,-0.8106367145418746,-0.7101433668179352,0.7101433668179352,-0.09342012840275193,1.8199543427220513,3.0579249608461767,0.7475191038128197,-0.46578823127429936,0.03722047368005688,0.13049341601315345,-0.4261644485681424,-0.5371616417347825,-0.5274525608387224,-0.5086584091236018,-0.532734435257784,-0.46578823127429936,0.09730534239806654,-0.23790365912277656,-0.5693564763581977,-0.29976665243672374,-0.47106748018824396,-0.5693564763581977,-0.6965023258407436,0.6571802457267865,1.1277941280050838,1.2438763013541065,0.5862087322219167,0.11887389864739828,0.03243851280161257,-0.5851357022804231,0.5851357022804231,0.05522779599629457,181067862.43446895,1.185948100007056,0.4444444444444444,0.07142857142857142,0.1349206349206349,0.054867207947855254,2.1309208801163315,-0.16194882655783283,-0.19090335593722885,-0.23047444077995183,0.8145430576685274,-0.12812480009915517,0.18504423577218004,-0.38499997873510683,-0.1838351553487777,0.5961074904026427,0.8174509333776181,0.906677076150857,0.043634527648436006,-0.18795604310823877,-0.5738026802178089,0.5738026802178089,0.05522779599629457,0.9523809523809523,0.09523809523809523,214737087.42649743,19.184924993279562,0.6666666666666666,0.1111111111111111,0.25396825396825395,0.06980721101806486,-0.13637493816360102,-0.2124114997773442,-0.3975149689368338,-0.29462379325064547,0.3333333333333333,-0.10333903553894642,-0.29976665243672374,0.13049341601315345,-0.27897048093136645,-0.29462379325064547,-0.10085664083678647,0.7411640221716078,0.042031404289691564,-0.29462379325064547,0.29462379325064547,0.05522779599629457,288988273.0018116,-0.006512192627891378,0.08286155933299605,0.005620805804901208,-0.015653312319279022,-0.09828899616995379,-0.011952896658022238,-0.04485393839692697,1.0,3.0,1.0,1.0,0.0,63.0,126.0,0.8872117400419287,0.40935521190975077,0.7812110368566769,0.8536309265699662,0.8536309265699662,0.99581589958159,0.27108642704571356,0.35109090512910296,1,1,1,1,1,0
yearly_top_future_return_examples,2016-04-30,AMD,3.549999952316284,0.5779378191555152,0.5707964457064454,1.3279877736404189,1.4603230405336007,0.8393782636246183,1.063953426317502,0.6745283697881359,-0.4375945391706699,-0.17029103499277132,0.03773592756753197,0.5759003794197903,0.11320755777939628,0.7360528120287124,-0.06089206280081361,0.6632738539280669,-0.11027570330044811,0.11027570330044811,0.07491251570509783,1.239758051491564,0.4767171468815896,1.3828844033588634,0.5042373347953646,0.22058225248067295,0.21610170048018107,0.4267915163547482,0.1563909474716466,0.23693383061746598,0.47189984506698884,0.23693383061746598,0.6745283697881359,-0.23344943017126596,0.18841220763912347,0.6136363069873223,-0.027272700672307915,0.5953553429728378,0.6136363069873223,0.4936769569000072,1.016968128312939,1.9223109400429057,1.2222522596308933,0.9531279281265501,1.4328436083266323,0.03748759952468651,-0.11027570330044811,0.11027570330044811,0.9722222479773164,37166650.395334624,1.2268343710500764,0.46825396825396826,0.12698412698412698,0.10317460317460317,0.058411734884544854,1.4931107808905282,-0.06665150410284659,0.208253619247319,0.3211760218034512,1.6454307295682613,0.33177559108586396,0.2076593246953071,0.6588784010715021,0.14500190356530251,0.39182918909860276,1.24299159280309,1.5727612077587179,0.04038004761957895,0.16169155120374135,-0.11027570330044811,0.11027570330044811,0.939890638833448,0.07936507936507936,0.8412698412698413,45597324.161798425,17.635359614031632,0.4603174603174603,0.14285714285714285,0.1111111111111111,0.058389691968818845,0.20447861727102845,0.2729844747853545,0.12563835577794782,0.2456140600376484,0.6666666666666666,0.10766279642325265,-0.23344943017126596,0.33177559108586396,0.27748223496900637,0.2456140600376484,0.1784232253491067,1.9549289587309202,0.053633453203787936,-0.11027570330044811,0.11027570330044811,0.35496187304555904,77116016.05462006,0.08595900030396364,0.0784708279225827,-0.013888902134365555,-0.03186817493135796,0.018280964014484535,-0.061524442240576516,-0.007141373449069843,2.0,8.0,2.0,1.0,1.0,63.0,126.0,0.7081761006289309,0.2873240093086673,0.44788730578204006,0.9323944297628595,0.9323944297628595,1.0,0.19488250145688663,0.2391057328457315,1,1,1,1,1,0
yearly_top_future_return_examples,2016-08-31,LEU,3.4600000381469727,-0.21582044541643342,-0.08707122085159846,0.9702916563201588,1.0251205334387867,1.0595238965317262,1.5255474643096525,1.6212120459537345,-1.5365725550184983,-1.8540280409531826,1.2954544325669652,-1.153540217775744,2.41666670429586,1.4788077812714686,-1.4792978311625131,0.8396622903700316,-0.23956046305392498,0.23956046305392498,0.00501980660415513,0.02032194624517445,-0.6697819314641744,-0.6229192935580391,-0.23281599499944805,0.9915688897757599,-0.29268295003804123,0.04107117095161983,0.24459230552343525,0.08463949093523615,0.4910118472965075,-0.23281599499944805,1.6212120459537345,-0.050156765818399784,0.03070308199436278,0.14191421479122135,0.08250825160415176,0.08381979416740437,0.14191421479122135,0.23431084432172555,1.9307905863430892,0.21960646256231356,0.3136883117598532,0.5820895522388059,0.7377872207523462,0.04868507649582884,-0.23956046305392498,0.23956046305392498,1.306666692097982,1409973.0943534109,0.10638769951503246,0.42857142857142855,0.11904761904761904,0.11904761904761904,0.09464821778647156,0.012182274407646484,0.06828032459729372,0.011405341397151103,0.01645124476427995,0.712582047592934,-0.039634108889109565,1.0127914199767396,0.05487806961197439,0.030792011981537915,0.13978494623655924,0.6056664393917807,0.7000785631134232,0.026099347350929565,0.05768062659065598,-0.08947366274624957,0.08947366274624957,0.10191080336048697,0.20634920634920634,0.3333333333333333,150003.7938863512,11.918422531810048,0.30158730158730157,0.07936507936507936,0.09523809523809523,0.06292643104693958,0.017846642867701545,0.08947698837109286,0.23209765771027735,0.09841267726799252,0.5,0.36918563473707566,-0.29268295003804123,2.41666670429586,0.08791199468672861,0.09841267726799252,-0.0061754897428513145,0.42401409061542106,0.01753658572199023,-0.08947366274624957,0.08947366274624957,0.09841267726799252,143722.3343292872,-0.006888627154622351,0.05181665997349003,0.0005783684411466705,0.01050068258126391,0.05809442062381698,0.14240426468226586,0.12874922456483495,1.0,3.0,1.0,0.0,1.0,63.0,126.0,0.6512517214459269,0.1502890101715153,0.12138730394895592,0.8815029355804032,0.8815029355804032,1.0,0.20136045626797572,0.2737042809970022,1,1,1,1,1,0
yearly_top_future_return_examples,2017-01-31,PLUG,1.059999942779541,-0.6427734639712304,-0.43315511225849535,1.170937617604106,1.261697026681986,-0.48543690668782646,-0.4301075620284063,-0.4078212483970012,0.02770424204196098,0.09169220026090386,-0.14525139441573054,-0.16193817251171616,-0.13407822047565432,-0.49479004833115536,0.10063168146955448,-0.8330568814801046,-0.5225225544509902,0.5225225544509902,-0.06046848315886255,2.06107198537713,9.079554586155435,5.983220578012788,-0.3161290481360973,0.04702737396601125,0.10322586500185893,-0.2576511346504501,-0.19982315583468635,-0.3801170063550402,-0.36802243429604625,-0.4078212483970012,-0.3161290481360973,-0.10526319458580713,-0.0842665206412937,-0.3071895669274467,-0.10457514353811614,-0.3751302582210023,-0.3071895669274467,-0.5751263319305925,0.489547901786033,0.8632685086262271,1.0910584473599427,1.003856950498665,0.7700734737194082,0.021927968046391553,-0.39080463392540155,0.39080463392540155,0.0,3705988.8325195466,1.3026598404503602,0.25396825396825395,0.03968253968253968,0.047619047619047616,0.04884068474161139,2.6041552355671556,-0.010168028307466548,-0.12126285754236943,-0.18985023748888663,0.6943124447850636,-0.12408755948391248,0.09058272862665134,-0.22627741672252244,-0.13064046805072593,0.7176756742657417,0.5341253736309869,0.7912211400911622,0.02549512726923765,-0.12586340964807707,-0.32051283226916116,0.32051283226916116,0.0,0.5714285714285714,0.015873015873015872,4827642.821280729,15.38986908492404,0.3333333333333333,0.047619047619047616,0.047619047619047616,0.05637499913351565,-0.13445839734640763,-0.13112165133003673,-0.27606160322436357,-0.11666674945089228,0.16666666666666666,-0.08024083375542057,-0.13407822047565432,0.10322586500185893,-0.16806770938790405,-0.11666674945089228,-0.11259945249652725,0.42261128707592743,0.018970802282058014,-0.18461539872299337,0.18461539872299337,0.0,3811955.611013231,-0.06935911650654858,0.049191386636747166,-0.03636366749598041,0.05140095993701177,0.06794069129355562,0.08696879993415418,0.20961835171273502,1.0,3.0,1.0,0.0,1.0,63.0,126.0,0.6407333442603153,0.01886802001456611,0.3018868582322567,1.113207670240996,1.113207670240996,1.0,0.17248210003266676,0.21357288594991206,1,1,1,1,1,1
yearly_top_future_return_examples,2017-02-28,PLUG,1.0800000429153442,-0.7633860513655776,-0.4807691910915811,1.2976653153993782,1.403937931234424,-0.4374999650754028,-0.3966480078595551,-0.30322575732894885,0.009108151519015228,-0.06519528429530919,-0.11612900199056442,-0.09554980154495685,0.10322586500185893,-0.42596041433824106,0.09154695379342759,-0.391233932008224,-0.5135135004518676,0.5135135004518676,-0.07444289869086429,2.323892585861278,2.372170071783545,1.6583531456701115,-0.36842104162425804,0.04052650180695129,-0.10526319458580713,-0.18742002364237464,-0.09504857505288788,-0.2941176058099336,-0.32192146825438017,-0.36842104162425804,-0.2941176058099336,-0.10457514353811614,-0.12245206072111914,-0.21167880353552126,-0.12408755948391248,-0.32150441577784106,-0.21167880353552126,-0.22561960573175666,0.7750497401196144,1.9657375664336696,1.2105171903407987,-0.1653588146190904,-0.14961078802834238,0.02833345101077071,-0.3793103235655252,0.3793103235655252,0.27058825014371735,5362452.730908469,1.3540791932842442,0.3253968253968254,0.05555555555555555,0.07142857142857142,0.058722005319395774,1.7598437487492695,0.01282057748038623,-0.12657211916412003,-0.07088777860504003,1.5184187271654976,-0.11666674945089228,0.09386319360356578,-0.09999999999999998,-0.1293923085426979,0.07295123570062079,0.9382110337839618,1.6238824050736962,0.03196418440132941,-0.041631246973241165,-0.30769225478877493,0.30769225478877493,0.27058825014371735,0.873015873015873,0.19047619047619047,7261185.667893432,15.798053826321896,0.3492063492063492,0.047619047619047616,0.07936507936507936,0.06550858379163514,-0.007352895859087161,2.0987551252460435e-08,0.012384292927933513,0.01886802001456611,0.3333333333333333,-0.05474979367371716,-0.12408755948391248,0.10322586500185893,-0.024882396128250273,0.01886802001456611,0.025641066280226443,1.5235443900077787,0.05079459867766306,-0.09999999999999998,0.09999999999999998,0.27058825014371735,12678898.552016417,-0.04255316113389551,0.11177249005757509,-0.04929574804394987,0.043750416142816384,0.10982561224231979,0.1227346570092922,0.28261686027399646,1.0,3.0,1.0,0.0,1.0,63.0,126.0,0.6531120331950208,0.27777772258829403,1.0740740004880958,0.7222221670327384,1.0740740004880958,1.0,0.17832455609141487,0.24138514760449098,1,1,1,1,1,1
yearly_top_future_return_examples,2017-04-30,CVNA,2.220000028610229,,,,,,,,,,,,,,,,,,,,,,,,,,,,,,,,,,,,,,,,,,,,,,,,,,,,,,,,,,,,,,,,,,,,,,,,,,,,,,,,,,,,,,,,,,,,,,,,,,0.027269555904263054,0.09394585639254105,0.16826929411357106,0.29950085529999093,1.0,3.0,1.0,1.0,0.0,1.0,1.0,0.0,-0.09459461055882823,0.8441440585177993,0.7585585556559709,0.8441440585177993,1.0,0.1489420269916302,0.18879233218430427,1,1,1,1,1,0
yearly_top_future_return_examples,2017-05-31,CVNA,2.009999990463257,,,,,,,,,,,,,,,,,,,,,,,,,,,,,,,,,,,,,,,,,-0.917895519481669,-0.9256621608414354,,,,,,,,,,,,,,,,,,,,-0.8482503639962701,,,,,,,,,,,,,,,,,,-0.10819887828554432,-0.09459461055882823,0.0,-0.09459461055882823,-0.09459461055882823,-0.09459461055882823,-0.13356834325866584,-0.09459461055882823,-0.07086395782690191,0.8742660927517798,0.03664282729047913,-0.14540816662701483,0.14540816662701483,0.15252295804188343,8672294.24624216,-0.07789705318003126,0.07798864934383126,-0.04322162970403165,0.038973732699837615,0.08893945545709925,0.20853289784749363,0.293615727572756,1.0,3.0,1.0,1.0,0.0,23.0,23.0,0.0,1.0368158617390488,0.9422885882547891,0.7761193781995981,1.0368158617390488,1.0,0.15165399232480392,0.19758385472561946,1,1,1,1,1,1
historical_mega100_examples,2017-08-31,ENPH,0.9200000166893004,-0.7630283406728539,-0.494505499903814,1.7892561398542006,1.9100755449701734,-0.17857141716747882,-0.38255032832158287,-0.48603349927621975,0.259142719823813,0.15756635583620682,-0.5754189906928844,0.7859453436320678,-0.23463685253371014,-0.6158844688259563,0.6965598522154032,-0.6986362471057573,-0.5157894588243266,0.5157894588243266,-0.0908010704276545,0.49153006144125766,-0.7663736046626495,-0.7171890917019492,-0.32846714344001293,0.13057556142589624,-0.13138682257037326,0.0019603793773206313,0.41415908503463195,-0.22689077945240677,-0.34713047405621317,-0.48603349927621975,-0.22689077945240677,-0.3613445765385711,0.04961464513228364,0.21052635293918343,0.1447368627439909,0.17295629898658404,0.21052635293918343,0.35339647178766376,0.6956889243718921,0.9680260947744334,0.8563063575664336,-0.2530006317119393,-0.268894220175527,0.032751437175951637,-0.34285711974513744,0.34285711974513744,0.3142857605097251,733955.7600887995,0.8184103603991847,0.4444444444444444,0.07142857142857142,0.1349206349206349,0.06958278242097105,0.4617637487796941,0.1466634857466368,0.035782989134359955,0.05553007921250752,0.7948774040139208,0.08045976145262146,0.19240360763698813,0.057471277755039685,0.0028686180190129473,-0.2818825910931174,0.595722848828205,1.130467018282452,0.02922063479232139,-0.03961454913910334,-0.08910888576610387,0.08910888576610387,0.21052635293918343,0.4126984126984127,0.9682539682539683,600676.998131332,13.30581429311791,0.3968253968253968,0.07936507936507936,0.047619047619047616,0.06821410444937269,0.025260052220975604,-0.02105261176576878,-0.03159363344677678,-0.021276575507703344,0.3333333333333333,-0.08724136715895758,-0.3613445765385711,0.1447368627439909,-0.042012521931893865,-0.021276575507703344,0.05263160048343174,0.6734450326375488,0.03136014894733055,-0.03157891764865328,0.03157891764865328,0.17948724414705275,634675.7136455603,0.025641040975382223,0.055900617697546125,-0.01075267783478262,0.02073594642419052,0.03757005395259938,0.12985096954973652,0.26852284076903987,1.0,3.0,1.0,0.0,1.0,63.0,126.0,0.6510309278350516,0.6521738623400954,0.6630434169942818,2.1521739595215803,2.1521739595215803,1.0,0.23182772866624446,0.2968646502791561,1,1,1,1,1,1
yearly_top_future_return_examples,2017-09-30,ENPH,1.5199999809265137,0.0507478714181997,0.2881356343151835,1.6330677301021257,1.7060059136239996,0.504950490375089,-0.15083798138576865,0.10948903331099102,0.890510966689009,0.16782181361186677,-0.3649635023793565,1.112089907661616,-0.13138682257037326,0.005353502519675368,0.6376373719712685,0.14802130720593684,-0.19999999999999996,0.19999999999999996,0.020379403175232902,0.45974848365398063,-0.1933777879972407,0.40927096567720533,0.2773108469228578,0.47319015819800647,-0.3613445765385711,0.6147880460436987,0.3720354729811115,1.0,0.46226662674461627,0.10948903331099102,1.0,0.1447368627439909,0.23821567688695078,0.7471264052822595,0.08045976145262146,0.6880708464341325,0.7471264052822595,0.9339169913305974,0.7396842750392874,1.3991963953909219,1.0815321220330008,0.4832980972515857,1.4506663463378668,0.033460381928869895,-0.00653594160147164,0.00653594160147164,1.171428581159942,784065.3126878397,1.0475683760986487,0.4365079365079365,0.10317460317460317,0.10317460317460317,0.07441063158023532,0.7208712925542846,0.08257294416463223,0.3375558886541259,0.4113277517787457,1.9010703552010113,-0.021276575507703344,0.34030368388516957,0.6170212604061625,0.5388571382892375,0.1642880849651509,0.7999923036176821,1.2937169103778394,0.03519356623270232,0.642615549651657,-0.00653594160147164,0.00653594160147164,0.9487179957433112,0.15873015873015872,0.5079365079365079,821362.0263676795,13.618720466547337,0.47619047619047616,0.15873015873015872,0.06349206349206349,0.0787168256241798,0.2701949751949375,0.5538793033958989,0.6301418527046723,0.6521738623400954,0.5,0.06056041865334335,-0.3613445765385711,0.6521738623400954,0.6551260811649713,0.6521738623400954,0.12885257379542003,1.0349635713623182,0.04576598899764973,-0.00653594160147164,0.00653594160147164,0.6521738623400954,1189910.5582274143,0.043239524976588006,0.0968045042020603,0.05409152072429513,-0.0029522188248758408,0.059055558848126966,0.10413553079131566,0.23738776289698382,1.0,3.0,1.0,0.0,1.0,63.0,126.0,0.6520618556701031,0.006578941176802688,0.9078948235247617,0.585526392152766,0.9078948235247617,1.0,0.21628377831310097,0.2548383377272327,1,1,1,1,1,0
yearly_top_future_return_examples,2017-10-31,ENPH,1.5299999713897705,0.21647264316137504,0.5299999713897705,1.2922268301204636,1.3408217906654312,0.026845611810072167,0.11678829639745181,0.2857141998492554,0.472906447281795,0.72744368250435,-0.21008407359961145,0.8377436217596255,-0.3613445765385711,0.16137811154605353,0.3419453483107586,0.37914622474849685,-0.19473684705855776,0.19473684705855776,0.1408033838038354,0.5980621359748104,0.6396083385975995,1.6687241675611602,1.0131578823536054,0.3691440602282802,0.1447368627439909,0.4177168052476965,0.19803648426163412,0.7586206471310504,0.6858309097779705,0.2857141998492554,1.0131578823536054,0.08045976145262146,0.19552458084796198,0.627659548160014,-0.021276575507703344,0.5630568483284892,0.627659548160014,0.7718183359933868,0.7535725828175693,0.8827085623289052,1.0791553269251497,0.4797605473204105,0.48949580491698486,0.034805623014549765,-0.03773588725110655,0.03773588725110655,1.1857142820650215,813237.3758871404,1.040203337984909,0.4603174603174603,0.11904761904761904,0.0873015873015873,0.07520964812887776,1.0851508605672078,-0.031199945649634908,0.16356674091716417,0.173672888016557,1.1228189842466785,0.6521738623400954,0.3292205393041322,0.6630434169942818,0.014192143668746215,0.40753796095444694,0.8132218669723235,0.8179624751925354,0.03669574850019487,-0.07196708973844956,-0.03773588725110655,0.03773588725110655,0.9615384968074834,0.31746031746031744,0.8571428571428571,845932.2329718915,13.64819571463694,0.5238095238095238,0.1746031746031746,0.06349206349206349,0.07937168471866321,0.07898446900512646,-0.055555551068605546,0.00989039359238572,0.006578941176802688,0.6666666666666666,0.083554712611206,-0.3613445765385711,0.6521738623400954,-0.039484881523115245,0.006578941176802688,0.09795477407414288,0.6651849711893765,0.03415158262569248,-0.03773588725110655,0.03773588725110655,0.2142857007699217,705408.0942369642,0.12998520105601807,0.06069093082199092,0.09756095058068603,0.04606382269991793,0.06460269983152478,0.12433608830320186,0.31352732822839546,1.0,3.0,1.0,0.0,1.0,63.0,126.0,0.6529896907216495,0.895424934376454,0.5751634842460636,0.4379085547860193,0.895424934376454,1.0,0.24598065689793353,0.2990116180599109,1,1,1,1,1,0
yearly_top_future_return_examples,2017-12-31,ENPH,2.4100000858306885,1.0595035200175391,1.386138721372951,1.09142299225134,1.0592038454043131,0.7591241441186356,2.171052784305532,1.7701150260020122,-0.1505497628368202,-0.20628514095591077,0.7471264052822595,-0.16160001312949346,0.08045976145262146,1.6336185429385286,-1.1845886338492462,2.079085338799972,-0.23248407474042554,0.23248407474042554,0.26933197429282596,1.1577089833935188,0.3520524515393386,1.1437148454904702,1.5638298850461014,0.10671240387407391,-0.021276575507703344,0.3876893455554904,-0.2259481331389539,1.619565263165192,1.651170058071102,1.5638298850461014,1.7701150260020122,0.6521738623400954,0.2862335401661005,0.585526392152766,0.006578941176802688,0.5124037655177813,0.585526392152766,0.6461133222424753,0.851391231022631,0.6632361383557359,1.0644091682063073,-0.6802184466019418,-0.7342505014508469,0.03861379198566192,-0.23248407474042554,0.23248407474042554,2.0897438131140618,1475982.2489456525,1.4435149698077951,0.5,0.15079365079365079,0.0873015873015873,0.08155683862229143,0.8418281319331461,-0.15605095323769014,0.36907182615134215,0.06411165578267641,0.9322640945438296,0.895424934376454,0.4277669078427235,0.5751634842460636,0.1551648504402079,-0.4254623273843172,0.9062286320309426,0.6231026170822924,0.04203401773862153,-0.09935667458057862,-0.23248407474042554,0.23248407474042554,0.9126984952949229,0.3492063492063492,0.7936507936507936,2130602.4715236253,14.57191581752223,0.5238095238095238,0.14285714285714285,0.1111111111111111,0.08439685162040307,-0.10553009753004072,-0.1505524741344657,-0.2992269607712609,-0.16896551497342627,0.6666666666666666,0.24073256814414065,-0.16896551497342627,0.895424934376454,-0.1749962300247424,-0.16896551497342627,-0.08295279049076398,0.5646734322933861,0.027602971855142062,-0.16896551497342627,0.16896551497342627,0.0,2084990.7837095715,-0.04365076140061108,0.06135147913001556,-0.020325183553227655,0.006030715051316138,0.0731226266349847,0.1364964830634836,0.3266352013554119,1.0,3.0,1.0,0.0,1.0,63.0,126.0,0.6548246152543449,-0.08713694218587087,0.3775932842336174,0.8962655638604142,0.8962655638604142,1.0,0.18603954901919947,0.24004777914907513,1,1,1,1,1,0
yearly_top_future_return_examples,2018-01-31,ENPH,2.200000047683716,0.10423662475991846,0.4765100896661867,1.1443231787225236,1.1073037340286949,0.848739446973106,1.5287356731330628,1.340425588578431,-0.893057117992853,0.050878767698220084,0.627659548160014,-0.1897509933739947,-0.021276575507703344,1.1526449258485432,-0.9025170337924118,1.5411197143122375,-0.2993630655465044,0.2993630655465044,0.15656129477710223,1.323204947131351,0.2373338470429589,0.7791729237893665,1.3913043562766512,0.5309040436361956,0.6521738623400954,0.09529027557852898,-0.26162717829539783,0.44736847058557805,1.0596994718135535,0.44736847058557805,1.3913043562766512,0.006578941176802688,0.09952313726240214,0.4379085547860193,0.895424934376454,0.3222053324309977,0.4379085547860193,0.47174805254925756,0.8697738249209465,0.8468244135605231,1.0672520056680275,0.3542061986084757,0.23620481137258098,0.039877253237468525,-0.2993630655465044,0.2993630655465044,1.820512985101589,1681447.7424147583,1.5004378897968245,0.5238095238095238,0.16666666666666666,0.11904761904761904,0.0837484873091841,1.0398251578436135,-0.06687899080607884,-0.1480885835421616,-0.11653680851864845,1.0238361764934663,-0.16896551497342627,0.44543287663892567,-0.2413793188496519,-0.16552511827711558,-0.2588276021232403,0.9282678591244319,0.7934624709657663,0.04315419127441349,-0.18928571317066145,-0.2993630655465044,0.2993630655465044,0.5714286322496385,0.6825396825396826,0.9682539682539683,2522907.9024324343,14.740923120127267,0.5238095238095238,0.15873015873015872,0.1746031746031746,0.08831843138916949,-0.04153352741007277,-0.14715448399436004,-0.11830486702348739,-0.08713694218587087,0.5,0.21279978420439194,-0.16896551497342627,0.895424934376454,-0.17470769021399002,-0.08713694218587087,0.0031919931539841073,0.7365457092189736,0.03654702367910312,-0.15384610446952318,0.15384610446952318,0.13402060968790508,1862667.5301881065,0.07684779270434716,0.08311687171670337,0.048617752947395676,0.08757074802811915,0.11570322235502162,0.18778066272988791,0.3722734649062682,1.0,3.0,1.0,0.0,1.0,63.0,126.0,0.6550308008213552,0.509090846038063,1.0772727602769514,0.8863636388266383,1.0772727602769514,1.0,0.10322687943179533,0.146735118452296,1,1,1,1,1,1
yearly_top_future_return_examples,2018-03-31,TKO,32.58992004394531,0.43034673931945977,0.6504384457551482,1.0147693246293699,1.018079749240889,0.7899300495940353,0.6725171717693772,0.5398103491921189,-0.26699383444174596,-0.1729602306142093,0.3034200246402039,-0.12205843736739208,0.12653928054244856,0.43479047399503234,-0.3584487619193071,1.6276528354009927,-0.06166181677035343,0.06166181677035343,0.09611001536859698,1.5523384526224282,0.09922449791210974,0.2985815976226096,0.3668501185779096,0.13542726685864817,0.07387836560714223,0.10057526633483649,0.00941971237878969,0.27281651475037294,0.39315899417346717,0.27281651475037294,0.5398103491921189,0.07741484780175223,0.07248504436198422,0.18136158727281182,0.1559839426403158,0.1516378187393661,0.18136158727281182,0.7441693366070671,0.33164956153511066,0.5110765073461391,0.7348422353415897,-0.7286338422266948,-0.7430306210639783,0.013389559338990468,-0.06166181677035343,0.06166181677035343,0.6827163752250318,22399974.173813775,1.2196008833786927,0.07936507936507936,0.015873015873015872,0.007936507936507936,0.024503606134032296,0.602408325614341,-0.05826600841364471,0.05708854503429128,0.0027154512792293417,0.8655134576352528,0.07920849343372804,0.0715827988532957,0.0219532847268904,0.04095031280346251,-0.5046890866734365,0.24371010514851882,0.6954914711843779,0.011931815920972767,-0.007463304738731469,-0.06166181677035343,0.06166181677035343,0.19070660212910395,0.25396825396825395,0.9841269841269841,27319028.29004318,17.123094060924462,0.06349206349206349,0.0,0.0,0.02571063717378998,-0.025963784851935734,-0.024685479811587863,-0.3129999742613544,-0.05305296340345533,0.8333333333333334,0.07666199443698858,-0.05305296340345533,0.1559839426403158,-0.01226452317872373,-0.05305296340345533,-0.028596074776338742,0.1694982995722428,0.008071874131003324,-0.06166181677035343,0.06166181677035343,0.0053044336348020416,26160079.22345116,-0.00848068125755208,0.020341123938457228,-0.0054134506930245685,-0.040788440224731604,0.029723768533445716,0.10501987519708655,0.22009170643568843,1.0,3.0,1.0,1.0,0.0,63.0,126.0,0.5627924394923756,0.1049709173977309,0.6076090228873032,1.0261565502223275,1.0261565502223275,1.0,0.18417872854394285,0.25508338961319704,1,1,1,1,1,1
yearly_top_future_return_examples,2018-04-30,TKO,36.01091384887695,0.6972041510455826,0.8909159050207884,1.1884001199780914,1.2108195956567265,0.9039791967061312,0.701445654165336,0.5103296294702302,-0.20495943260295157,-0.103904397487528,0.33748786662317,-0.2082592080608734,0.07387836560714223,0.44862595705969466,-0.3811009709079336,1.7811990747019144,-0.012899687454579478,0.012899687454579478,0.07012405986295334,1.4046081239346466,-0.4218646973493341,-0.3471530477202811,0.4064252319827022,0.10248301725355081,0.07741484780175223,0.1364137181094669,-0.012899687454579478,0.3053701968672786,0.4073750194400703,0.3053701968672786,0.5103296294702302,0.1559839426403158,0.04611721109845357,0.1292286585622966,0.07920849343372804,0.17762822294690428,0.1292286585622966,0.47789292520557586,0.28650903580535175,0.9924595175236527,0.943821599226537,-0.20694645441389292,-0.12369889618819596,0.013403442007956769,-0.012899687454579478,0.012899687454579478,0.5831310476596478,24951136.249642145,1.1496407181392236,0.07142857142857142,0.007936507936507936,0.007936507936507936,0.0252825534733656,0.5395913678509888,0.04876212931577395,0.0204974305512311,0.05912740975314579,0.9586668348246711,-0.05305296340345533,0.06907474868119497,0.04634893575514676,0.039504660011690396,-0.5656969256678666,0.2704134163666602,1.0515329574328185,0.013120192867755662,0.08376000889381552,-0.012899687454579478,0.012899687454579478,0.17961620420058821,0.031746031746031744,0.873015873015873,28684842.19642821,17.17187942960708,0.07936507936507936,0.0,0.0,0.026631535577387313,0.0546637923913309,0.09572995598173395,0.36916274678558736,0.1049709173977309,0.8333333333333334,0.07306726724620231,-0.05305296340345533,0.1559839426403158,0.09991225097490064,0.1049709173977309,0.03258131272453779,0.2843486194415463,0.01422588657872692,-0.012899687454579478,0.012899687454579478,0.13880982033008316,26957066.908518475,0.01092493011131257,0.022977798852101605,0.002974506464522353,0.00505866642283026,-0.048399564384607685,0.06170367241053554,0.1937117539752058,1.0,3.0,1.0,1.0,0.0,63.0,126.0,0.4723974571725502,0.45488808580891305,0.8336740979518635,0.9920621141106849,0.9920621141106849,1.0,0.19686473342515573,0.25182652112348,1,1,1,1,1,0
yearly_top_future_return_examples,2018-05-31,CVNA,5.769999980926514,1.6565353570911567,1.870646770300067,0.6964661791242198,0.7138615820705461,0.6162465234797225,1.0345557301754025,0.7797655143788755,-0.2685031092600074,-0.2708742593157538,0.23627383395154,0.20334695676774284,0.17951874159706915,0.6795265279337237,-0.3401447236595927,1.1926390372379718,-0.041528239334233885,0.041528239334233885,0.057070136462716636,1.3985668735214454,0.7161314839445183,1.4705785638944637,0.5088912550631217,0.15570934803597836,-0.0015689863307092322,0.2699404811457169,0.0961653706166441,0.5112624051188681,0.5999730581869551,0.5088912550631217,0.7797655143788755,0.04976422601106689,0.12391468285793583,0.43962079071928284,0.14421159768410363,0.42086648779806257,0.43962079071928284,0.6522504758123921,0.6538151863490327,0.7599152212368723,1.0308816630825275,-0.5057458684469738,-0.455962175963441,0.030651094184406168,-0.041528239334233885,0.041528239334233885,0.8505451970661821,16182945.413777752,1.478718920846686,0.3888888888888889,0.1111111111111111,0.07142857142857142,0.06100504929132144,1.3429484796669393,0.08770762119644149,0.08762258130567879,0.12562523714812457,1.090506591922933,0.1430440781160336,0.06772008949106491,0.2581770658793274,0.004876386709082636,-0.11433614434202788,0.6740060866521034,0.7371507792316189,0.029453103334006858,-0.05624933952006628,-0.041528239334233885,0.041528239334233885,0.6960611596225725,0.49206349206349204,0.9206349206349206,23930027.578382265,16.990644654132996,0.2857142857142857,0.1111111111111111,0.07936507936507936,0.059508089322517645,0.06747739196910874,-0.016449511225421598,0.20272936009435097,0.10072488888884856,0.8333333333333334,0.10261575766106877,-0.0015689863307092322,0.17951874159706915,0.04399585636117065,0.10072488888884856,0.08950150618776354,0.49684411198245204,0.021473960802180114,0.0,-0.0,0.16518574645956607,29191297.57137526,0.0753690111373504,0.05237681955611787,0.06749056020867483,0.056729032527677914,0.018754302921220267,0.10023898644515183,0.21411141320891036,1.0,3.0,1.0,1.0,0.0,63.0,126.0,0.6646179053940796,0.44194102639983734,0.4904680086478592,1.244020796711427,1.244020796711427,1.0,0.20861996244681894,0.2689553323797014,1,1,1,1,1,1
yearly_top_future_return_examples,2018-06-30,AMD,14.989999771118164,-0.05603234888832165,0.2011218205887899,1.0540396617020928,1.0465601030428042,0.1756862565582873,0.3764921302605231,0.4581712218377323,-0.2203512221606112,-0.3671959655915471,-0.022373496907655332,0.5139157343831836,0.3365758879399252,0.35200486918137486,0.03337101563779599,0.955684331938481,-0.12390419424946109,0.12390419424946109,0.05692924850775394,0.8229210750536115,-0.14694729403838014,0.27236414173454837,0.09097525624618519,0.18482014542417585,-0.11863174247405883,0.22019713419815967,0.14465473164948806,0.23781999967712109,0.2623221592536795,0.09097525624618519,0.4581712218377323,-0.17010731002015633,0.2077329325546513,0.4915422374755283,0.08258705551779344,0.41730622733488354,0.4915422374755283,1.0279890307914765,0.47941690213586713,1.0848876431610772,0.9973762450605834,-0.11261023511839252,-0.031174594613184836,0.023796953169062187,-0.12390419424946109,0.12390419424946109,0.5729276171180642,770251200.0760978,1.0224198765754635,0.2857142857142857,0.03968253968253968,0.031746031746031744,0.04040415397180625,0.6698374379336579,-0.11739188205153839,0.25569011379802564,0.11086407266517151,1.5703963511450616,0.2619484740641347,0.20054277951089444,0.3777573174123485,0.2461758773404077,-0.10329270741638319,0.47815902967084833,1.0877416105846578,0.023021437690430722,0.18757065002629125,-0.12390419424946109,0.12390419424946109,0.5729276171180642,0.14285714285714285,0.9206349206349206,787520136.9139067,20.48439950029127,0.25396825396825395,0.031746031746031744,0.015873015873015872,0.03769929803536345,0.0038394406797852554,0.11818452055294681,0.17644201032130802,0.09176986678009813,0.6666666666666666,0.08069037196795605,-0.17010731002015633,0.3365758879399252,0.08031931790967972,0.09176986678009813,-0.044157522549654105,0.5201134730497657,0.027580913476417182,-0.12390419424946109,0.12390419424946109,0.04097223390399707,1220785460.2101507,-0.04915955432721686,0.05508435841584377,-0.012256210562038627,0.011450548870418409,0.07423601014064474,0.10616635265635743,0.25715416947711156,2.0,8.0,2.0,1.0,1.0,63.0,126.0,0.9673824130879345,0.22281522372156393,0.6791194436700392,1.0607071288396845,1.0607071288396845,1.0,0.20791241675826785,0.2583694613229559,1,1,1,1,1,1
yearly_top_future_return_examples,2018-12-31,ENPH,4.730000019073486,0.9639176510765227,0.9626555396752738,1.089180303806709,1.131058490349966,0.03501090621489911,-0.17452006922710195,-0.2971768193657952,0.2644570132756776,0.09213483124809674,-0.2793462272084415,0.2546039822767536,-0.11589899072774912,-0.20005899997124688,0.27243457443410735,-0.45556806883737255,-0.3676470578860547,0.3676470578860547,-0.04192126297769838,0.544886293291138,-0.739229386194497,-0.7456814365922593,-0.20504198811769847,0.13423938407347394,-0.17815125659818432,-0.04537013909269605,0.15739647498028675,-0.0327198060901176,-0.17831287119120376,-0.2971768193657952,-0.0327198060901176,-0.008179951522529372,0.06006153803128278,-0.024742244931687862,-0.06391751523199796,0.1425898905979487,-0.024742244931687862,-0.04079993064921537,0.652321441500942,0.816938787834291,0.9296468950206527,-0.09843418050200647,-0.21029513553529844,0.032324663255643815,-0.3676470578860547,0.3676470578860547,0.21593827545410926,13356437.696197297,0.6432731597059332,0.4444444444444444,0.09523809523809523,0.1111111111111111,0.06832355529915116,0.41061477539464963,-0.12363985683494316,0.058445856024391674,-0.08471689495600143,0.9704060075582408,0.18942734377543702,0.13078253186402716,0.041850233219585586,0.0066917960598302795,-0.23801290150960963,0.606428602646747,0.8787624550890822,0.030873148713073464,-0.06179353168603108,-0.19420781749760074,0.19420781749760074,0.13975901454881834,0.25396825396825395,0.6666666666666666,8591837.87924827,15.966323343139715,0.4126984126984127,0.09523809523809523,0.07936507936507936,0.06463011127421615,-0.11262584761673977,-0.09025682686558123,-0.2328251622198555,-0.12407408601135528,0.16666666666666666,-0.05013240938606317,-0.17815125659818432,0.18942734377543702,-0.03746681608366542,-0.12407408601135528,-0.11431513103195878,0.5329066876980969,0.026652632099378556,-0.19420781749760074,0.19420781749760074,0.019396585167589242,9184860.262609664,-0.050200793926213017,0.06991846948723933,-0.01826482300978227,-0.08660726992768986,-0.16733213552963655,-0.09711781939454833,-0.0012621114012488777,1.0,3.0,1.0,0.0,1.0,63.0,126.0,0.6481670061099797,0.528541224084329,0.9175474964587536,0.951374102540554,0.951374102540554,0.9979716024340771,0.33487717031071357,0.3926403439953387,1,1,1,1,1,0
yearly_top_future_return_examples,2018-12-31,PLUG,1.2400000095367432,-0.47331413238862874,-0.4745762437898776,1.1199864212833994,1.160597521416956,-0.3439153339036457,-0.3368983923129262,-0.38613860334395045,0.015580223409064176,0.00613860811232203,-0.04950496276539107,-0.30466168449872155,-0.009900980750178201,-0.2890207839494021,0.03197195607983783,-0.6325120060792707,-0.4876033179983559,0.4876033179983559,-0.06558755595952226,0.7236149632142846,2.200921816319563,1.0672620684791094,-0.3799999952316284,0.007848247898360207,-0.014999985694885365,-0.30258717011695313,-0.24155865450257596,-0.3705583799348863,-0.37889899283682177,-0.38613860334395045,-0.3705583799348863,-0.025380746598692494,-0.11069317198011064,-0.3541666472641126,-0.0364582993788638,-0.18683451173447607,-0.3541666472641126,-0.4646093097814711,0.6104842273864394,2.035298937046145,1.248663176544285,2.426404751027867,1.4278525279721697,0.022211088117827082,-0.4311926735941479,0.4311926735941479,0.2277227933120991,4483631.5161980335,0.8931501728697695,0.20634920634920634,0.031746031746031744,0.05555555555555555,0.044671262257062964,1.8555548225359546,-0.2491496164000616,-0.18317992934307692,-0.2507552801673222,1.446208223707995,-0.05405406624492348,0.1086395884910113,-0.3297297332128353,-0.24986360844348798,0.8607105054247155,0.762289174598535,1.629982348545666,0.025147195594425385,-0.33164700546532044,-0.36082475620472043,0.36082475620472043,0.2277227933120991,0.7619047619047619,0.09523809523809523,4004556.2637766204,15.202943586500448,0.2222222222222222,0.015873015873015872,0.07936507936507936,0.05260743398675409,-0.1780821852863298,-0.2949886152412634,-0.23454677489480827,-0.2914285659790039,0.0,-0.07203710744109121,-0.2914285659790039,-0.009900980750178201,-0.20482129605131405,-0.2914285659790039,-0.098181811246005,1.2425178990830572,0.04389852305877516,-0.2994350153113221,0.2994350153113221,0.2277227933120991,4630439.297109558,0.0428932177402237,0.09447004453236023,0.0016155266191746342,-0.08660726992768986,-0.16733213552963655,-0.09711781939454833,-0.0012621114012488777,1.0,3.0,1.0,0.0,1.0,63.0,126.0,0.6120162932790224,0.10483870502565207,0.44354834523086883,0.9354839329913056,0.9354839329913056,0.9959432048681541,0.33487717031071357,0.3926403439953387,1,1,1,1,1,0
yearly_top_future_return_examples,2018-12-31,SE,11.31999969482422,-0.1495256035564424,-0.15078771495769128,1.3018667804805024,1.3524026809559178,0.004436489354896711,-0.23461800378490694,-0.24533335367838527,0.03971929717482181,0.048170189746915115,-0.07800000508626292,-0.10348952801051137,-0.05999997456868478,-0.14821553428383694,0.06384382058161098,-0.4830735030041024,-0.31518455991537964,0.31518455991537964,-0.047213845836170276,1.290971781645657,-0.4728824447095531,-0.5685487637063293,-0.19716316393147015,0.025720962052965916,0.010638270529935712,-0.1322013309931941,-0.05543215300868687,-0.20561405650356346,-0.21603685803780628,-0.24533335367838527,-0.19716316393147015,-0.02947368956448726,-0.052403288593085295,-0.1814895330967743,-0.0563991133242302,-0.014157397567137742,-0.1814895330967743,-0.34808873655792494,0.5078592639685763,0.8346928495481487,1.0266401242632086,-0.8166789008393707,-0.8444381737019255,0.025585674367087193,-0.31518455991537964,0.31518455991537964,0.0540037184419484,19803437.563222554,0.8596277628322734,0.3333333333333333,0.07142857142857142,0.07142857142857142,0.049283738798721624,0.37502040283354554,-0.13247019203365473,-0.04975969394975854,-0.08451275659762603,0.8211732030428857,0.02222221897428933,0.06250028261590361,-0.1325670858716841,-0.07194216549593047,-0.7054459676592253,0.5213886978689208,0.813033535141815,0.025767927528060744,-0.11360593322021217,-0.21877157531861857,0.21877157531861857,0.0540037184419484,0.9841269841269841,0.07936507936507936,17023584.72886161,16.650110336291565,0.3492063492063492,0.07936507936507936,0.07936507936507936,0.052647909667949334,-0.0664944238403532,-0.1372669977204084,-0.35721160631528265,-0.1514243204391419,0.3333333333333333,-0.044072768065386514,-0.1514243204391419,0.02222221897428933,-0.06481705051145203,-0.1514243204391419,-0.04149027981575848,0.4239064962113564,0.021034721667840723,-0.1514243204391419,0.1514243204391419,0.0540037184419484,13030805.047839029,0.006132776082149682,0.0487190687690187,0.010714275678809893,-0.08660726992768986,-0.16733213552963655,-0.09711781939454833,-0.0012621114012488777,1.0,4.0,1.0,0.0,1.0,63.0,126.0,0.640122199592668,0.23763256241849096,0.8992933374221135,1.0777386123532837,1.0777386123532837,1.0,0.33487717031071357,0.3926403439953387,1,1,1,1,1,1
historical_mega100_examples,2019-04-30,ENPH,10.039999961853027,1.2313860489685924,1.4192770436464555,0.9799929969780165,1.0045833639424324,0.6873950056635434,1.0701031256233908,1.2114537546725317,-0.08883220681476534,-0.3521945353132261,0.592511030798009,-0.20385267182615974,0.18942734377543702,1.090100724010729,-0.8227953957006824,2.2370196610571296,-0.037392169886056315,0.037392169886056315,0.13740412490649967,0.8868439574391741,-0.2872789442752578,-0.01027394835259543,0.8592592193593056,0.1831628909578446,-0.12407408601135528,0.31207527059750073,-0.037392169886056315,1.1226215478577664,1.0644448406298679,0.8592592193593056,1.2114537546725317,0.528541224084329,0.1380174703894328,0.3886583589718493,0.2544951135403355,0.25946622582412804,0.3886583589718493,0.8279956373994404,0.541548103381463,0.7933825554927394,0.866768110889893,0.44897626676804436,0.5761346028791192,0.027605942948206622,-0.037392169886056315,0.037392169886056315,1.4192770436464555,13972125.597471282,1.3313329420825375,0.3968253968253968,0.1111111111111111,0.023809523809523808,0.055263090679903204,1.1278958345076378,0.008109436172487494,0.10365080836135543,0.09480295489289237,0.9767093571681312,0.017640557088817843,0.22440801783401837,0.10694600878347726,0.09303878666856802,-0.0035728957884646473,0.46939662652395514,0.9153342693678357,0.023572552961248196,0.07455996223920947,-0.037392169886056315,0.037392169886056315,0.4342857088361467,0.031746031746031744,0.9523809523809523,18601551.078828175,16.73875558030037,0.36507936507936506,0.07936507936507936,0.0,0.046587732021494827,0.04768861558503401,0.12419176632244455,0.20425085256846695,0.0877573629240338,0.8333333333333334,0.15896458590026633,-0.12407408601135528,0.528541224084329,0.03276473347850484,0.0877573629240338,0.022247110420945404,0.4296548181830313,0.022577047173853802,-0.037392169886056315,0.037392169886056315,0.08423323042027375,18696037.24339803,0.021467093617286492,0.03884462193292714,-0.0043633531673128445,0.05499262944552896,0.12919213314772127,0.1213530306618027,0.18789099467786308,1.0,3.0,1.0,0.0,1.0,63.0,126.0,0.6484180079655049,0.51095618863868,0.8157370130977288,1.803784833215755,1.803784833215755,1.0,0.15344373695514912,0.20611168740172825,1,1,1,1,1,1
yearly_top_future_return_examples,2019-09-30,BE,3.25,-0.9299744653165664,-0.9046361553584629,0.8886018658277912,0.9472714896999874,-0.6743486824577813,-0.7753973780217948,-0.7484520138693179,0.049377934480700936,-0.012928307180031906,-0.05030956770061579,-0.6848167665495506,0.05417955148077147,-0.8038289314698753,0.013325679619151543,-0.8520256527708829,-0.9046361553584629,0.9046361553584629,-0.17561346864462346,1.0934540202861558,-0.7269777650539173,-0.9276835997986188,-0.7613803210493498,0.032882085522888446,-0.20704843748304202,-0.6384912296207095,-0.5552114806768156,-0.699074079388617,-0.7363021381024283,-0.7613803210493498,-0.699074079388617,0.1361111334321916,-0.3609348545687865,-0.7351263342501664,-0.1483293056722712,-0.7482501703482252,-0.7351263342501664,-0.6694143423651485,0.8784383562106001,1.1760272705386106,1.2501314386554951,0.09177637855371112,-0.20797472875158973,0.03453879254974063,-0.7870249048981737,0.7870249048981737,0.0030864168005624304,15267026.023806088,0.8850130805119062,0.4444444444444444,0.09523809523809523,0.1349206349206349,0.0668713708503613,0.7545701804994642,-0.09418070287547409,-0.4511417483677629,-0.4674924606237624,0.6869595523143164,-0.5712918563786531,0.2520934761844398,-0.6889952096345018,-0.3714556543608897,0.054535960560871066,1.0981634060197258,0.9407228985485053,0.04176298013249434,-0.3011351903324312,-0.7511485531716863,0.7511485531716863,0.0030864168005624304,0.873015873015873,0.06349206349206349,13511517.731584065,16.419053118983463,0.5238095238095238,0.09523809523809523,0.20634920634920634,0.07580222082107232,-0.23463379947668628,-0.2372575540082067,-0.26576538755925555,-0.27455357451714113,0.3333333333333333,-0.16848874818969073,-0.5712918563786531,0.1361111334321916,-0.2837322500627709,-0.27455357451714113,-0.18321185904682769,1.0330674623907756,0.04770326884711329,-0.33537830496184673,0.33537830496184673,0.0030864168005624304,10592493.594639642,-0.040165383913447816,0.12298901002485674,-0.039030164546463686,0.009178675545629789,0.013123836098058783,0.05537691760055741,0.02533830995810349,1.0,3.0,1.0,0.0,1.0,63.0,126.0,0.6533132530120482,-0.05846155606783354,1.006153840285081,1.2984614739051232,1.2984614739051232,1.0,0.23979443324318223,0.31444021395964816,1,1,1,1,1,1
historical_mega100_examples,2019-10-31,BE,3.059999942779541,-1.042053358753067,-0.8711578971461246,0.8579264703650048,0.8058888691446936,-0.6761904757099146,-0.7631579005642475,-0.7753303987892117,0.024719137877918795,0.05866372182050794,-0.23274596937809156,-0.4744310642457277,-0.20704843748304202,-0.8195113387701745,0.0681533651653925,-0.8686652268205408,-0.8711578971461246,0.8711578971461246,-0.20401958558616928,1.0047392614980497,-0.07610178260665068,-0.7294613833532139,-0.7166666769687038,0.029452512100829307,0.1361111334321916,-0.5622505559518078,-0.3667095158282214,-0.7506112609112929,-0.7475361122230696,-0.7753303987892117,-0.7166666769687038,-0.1483293056722712,-0.380796525443712,-0.7071770336238192,-0.5712918563786531,-0.740548894873678,-0.7071770336238192,-0.6082574501163313,0.892553742052102,0.8418955080006414,1.3025857893761235,-0.14177735057672147,-0.19195038211466509,0.035789782373357365,-0.7921195728757148,0.7921195728757148,0.14606736155113875,13547723.558596013,0.8257848880073573,0.4365079365079365,0.0873015873015873,0.15873015873015872,0.07200119043265815,0.6585496686521463,0.06923586909494461,-0.2490224789683292,-0.14872309950647944,0.46585429627216246,-0.27455357451714113,0.2358668035778793,-0.31696430139471676,-0.23172951770017358,-0.07191117410819747,1.1626278206515501,0.6463263417021226,0.04623819841256614,-0.156259330032396,-0.6819126840767417,0.6819126840767417,0.14606736155113875,0.9841269841269841,0.07936507936507936,11187505.381589845,16.230308211986525,0.5555555555555556,0.12698412698412698,0.23809523809523808,0.08833582613881967,-0.004230415565702583,-0.13304982090795947,-0.07779967868308996,-0.05846155606783354,0.16666666666666666,-0.1872622661144582,-0.5712918563786531,0.1361111334321916,-0.10226228461888043,-0.05846155606783354,0.03588352551876395,0.7514369860828278,0.03541291086424983,-0.09198811670823315,0.09198811670823315,0.14606736155113875,6516105.410355614,0.08356937532289721,0.07462651372704458,0.07217937872094637,0.043800728551046886,0.0333718612498588,0.04418093998096273,0.17089546160694247,1.0,3.0,1.0,0.0,1.0,63.0,126.0,0.6535681648750691,1.1307189878585726,1.4411764476721856,1.5751634842460636,1.5751634842460636,1.0,0.2272667506897027,0.2922366831056679,1,1,1,1,1,1
historical_mega100_examples,2019-10-31,PCG,6.0641961097717285,-1.039086021861432,-0.8681905602544895,0.9019189997448124,0.925859169435556,-0.5253845576251264,-0.6533707652633027,-0.7260213258668039,-0.004781478016955609,0.08684001267089492,-0.19493784264189262,-0.46474225580878503,-0.2406749313348211,-0.7702022658477666,0.06634122741612625,-0.6092567322416206,-0.8735655464714587,0.8735655464714587,-0.13587823479461858,1.2575360796626116,5.970670235307238,1.37225780821255,-0.639181313195909,0.0515728415101264,0.3403508357802063,-0.5670114401507327,-0.4236605143949602,-0.7308028038837595,-0.6986684809821574,-0.7308028038837595,-0.639181313195909,-0.2089877938648088,-0.27775939945811745,-0.6596800984506777,-0.4236072792446177,-0.6930519597005365,-0.6596800984506777,-0.4264554547920472,1.1916508877884282,1.969878661246917,1.2981075251862269,1.0085260440655093,0.23926056275705032,0.0461292837528387,-0.742379919347703,0.742379919347703,0.6236844591523545,138816239.05052912,0.9482906833858472,0.5,0.12698412698412698,0.15079365079365079,0.07270047565364388,1.9949996808306913,-0.11309524591994724,-0.20137865335972982,-0.3576797034294399,0.7238682567868951,-0.043062227169014755,0.2800540220201967,-0.40956939722742947,-0.2731956092959422,0.6886262055633767,1.5468909848330066,1.5175003788413581,0.06081294696330334,-0.3868640170676252,-0.666666640456147,0.666666640456147,0.6236844591523545,0.9365079365079365,0.047619047619047616,131638146.19427939,18.69556740714759,0.5555555555555556,0.1746031746031746,0.2222222222222222,0.08443332186474616,-0.28990675571907976,-0.47383251453048236,-0.16315870926933776,-0.3830000032020341,0.16666666666666666,-0.15983023317251502,-0.4236072792446177,0.3403508357802063,-0.426800731753081,-0.3830000032020341,-0.2119547665910957,2.347407655510369,0.09525844315695599,-0.46347824780977065,0.46347824780977065,0.6236844591523545,160719282.33830133,-0.0571515695860636,0.12942810074518465,0.18018365055355012,0.043800728551046886,0.0333718612498588,0.04418093998096273,0.17089546160694247,1.0,3.0,1.0,1.0,0.0,63.0,126.0,0.8171584541759853,0.20907603128623675,0.7617503257901823,1.4651536016278617,1.4651536016278617,0.99800796812749,0.2272667506897027,0.2922366831056679,1,1,1,1,1,1
yearly_top_future_return_examples,2019-10-31,TSLA,20.994667053222656,-0.23730126731540058,-0.06640580570845811,1.0471249828227196,1.0716886146525475,0.02573122096122793,0.12527694244095344,0.31936819208803535,0.08992210495211306,0.38143116685492506,0.012233332839895139,0.2911896520428996,-0.22426582233190806,0.2751872521070726,-0.01594520720524062,0.6035494513927228,-0.16420285403725898,0.16420285403725898,0.05987007392371568,0.8342133073474315,-0.44793096685624634,-0.2804205329584101,0.7007993589429604,0.19939627762272208,0.20684812952665022,0.31103046082201646,0.04759272565219119,0.4092902970401484,0.4764859493570481,0.31936819208803535,0.7007993589429604,0.08122252974300093,0.06624757243347479,0.30342298488279473,-0.06622236595163389,0.27005112363293593,0.30342298488279473,0.5515214140958496,0.5291499998071013,1.390496391641222,1.03969821044525,-0.13823599442157897,0.12669371898537385,0.02175331461543347,-0.04025843634675308,0.04025843634675308,0.759624660366405,2125438097.558521,0.9150965333202058,0.23015873015873015,0.031746031746031744,0.047619047619047616,0.03495381825547969,0.6509548494016534,0.0503863490965073,0.11549096881292464,0.2701531927076499,1.4563967941256366,0.0676388894701141,0.18973973238272088,0.3958601463089684,0.12907948268551372,-0.24997779685603483,0.5501563078565476,1.3374038520714036,0.02174556016409923,0.22084267123804358,-0.04025843634675308,0.04025843634675308,0.48968783248480463,0.06349206349206349,0.7619047619047619,1944981034.862496,21.388518063770057,0.19047619047619047,0.047619047619047616,0.031746031746031744,0.03352730412009709,0.21348974141772792,0.3202706099664878,0.4178242601009731,0.3074272210164204,0.6666666666666666,0.06210809691210728,-0.22426582233190806,0.3074272210164204,0.2636264924653735,0.3074272210164204,0.1652245873717888,0.7357811653687277,0.02524494840191008,-0.04025843634675308,0.04025843634675308,0.36075702197967274,2895408702.041422,0.07761483391410318,0.042405329037360384,-0.017097486659638506,0.043800728551046886,0.0333718612498588,0.04418093998096273,0.17089546160694247,2.0,8.0,2.0,1.0,1.0,63.0,126.0,0.9680933314094702,0.047694647129001844,0.32836906068835336,1.0658262389195774,1.0658262389195774,0.9960159362549801,0.2272667506897027,0.2922366831056679,1,1,1,1,1,1
yearly_top_future_return_examples,2019-11-30,ENPH,21.8700008392334,2.828218140082831,3.0500000838880172,0.7108216758723026,0.7419763272409658,1.411246039149646,1.1782869444550248,0.44166122143990627,-0.6647517672444948,-0.2419902730910759,0.9558338778560096,-1.2187256613748332,0.20171387281165698,0.2575968065658889,-0.7045530049587299,0.5269454258038138,-0.3720930321705024,0.3720930321705024,0.00976452021237928,1.005020772538307,-0.3994656738052267,-0.5573412138828456,0.19967094834883037,0.33644749101561244,0.5441579991985581,-0.10159343886552319,-0.06685538570921445,-0.22309054580458854,0.1394138746613827,-0.22309054580458854,0.44166122143990627,0.05399646459544183,-0.14071330954922,-0.2628917835188236,-0.2507583591144682,-0.3591398409060502,-0.2628917835188236,-0.3090814629931464,0.8381536299820552,0.7422452650542698,1.0147999175800346,-0.5333590989399293,-0.47475878859940923,0.03539211751226926,-0.3720930321705024,0.3720930321705024,0.3947704345397478,118973960.13696913,1.0732269540313484,0.4365079365079365,0.11904761904761904,0.11904761904761904,0.0641241893947062,0.4643004290430856,0.22714401804585815,-0.14109105079192796,-0.007938273370601268,0.734896202025133,-0.12595588370303978,0.2771433171201093,-0.01619427397283313,-0.19412032799529533,-0.30839352346869753,0.8505582346251964,0.7314203048264742,0.03680643261510066,-0.1624999774495759,-0.21500357644976287,0.21500357644976287,0.2183843960824443,0.9682539682539683,0.2857142857142857,127686060.84684645,18.665085167409448,0.4603174603174603,0.1111111111111111,0.15873015873015872,0.07446657692292116,0.056317652403678586,-0.08715319855203019,0.2018580380843965,0.12557902705784563,0.6666666666666666,0.0914555201409991,-0.2507583591144682,0.5441579991985581,0.08488472666666924,0.12557902705784563,0.13084621959873166,0.6221155632422289,0.03308487383920624,-0.050781251293503527,0.050781251293503527,0.2183843960824443,102984814.70884596,0.08805972259559969,0.06032398786528127,0.022536017390510255,0.040694300391176386,0.09624805738722664,0.18406441487401737,0.22178194380518645,1.0,3.0,1.0,0.0,1.0,63.0,126.0,0.8031653560349181,0.19478729575039777,0.441243678473884,1.2391403448350142,1.2391403448350142,1.0,0.13999775788155003,0.19909373801611238,1,1,1,1,1,1
yearly_top_future_return_examples,2019-11-30,PCG,7.332074165344238,-0.9389919504664364,-0.7172100066612499,0.9726043278269654,1.019867316208923,-0.5619495266089796,-0.6687389520219701,-0.563742774144998,-0.02478458992202459,-0.1107773483413953,-0.3888889141082077,0.10276440405840792,0.3403508357802063,-0.7478071890190153,0.2776182640951982,-0.44577526570846127,-0.724824824617025,0.724824824617025,-0.2079754527540426,1.3754597047497532,0.4634165008418798,0.04469717153970443,-0.6745201224863933,0.05813870097122055,-0.2089877938648088,-0.34495904225999074,0.1751497105657822,-0.5885273640670226,-0.6089300868994713,-0.6745201224863933,-0.563742774144998,-0.4236072792446177,-0.17464069830246431,-0.2861245100497998,-0.043062227169014755,-0.3823725674370264,-0.2861245100497998,-0.18389967306796648,1.2646344862787606,0.9113078689034901,1.2302945045218237,-0.5921244893823526,-0.5068474963635676,0.050708755074720065,-0.6885177353052805,0.6885177353052805,0.9631579619330688,136565125.2963929,0.9802786703439469,0.5238095238095238,0.16666666666666666,0.15079365079365079,0.0794409532139626,0.8436758871480732,0.2781421096166786,-0.22684664402555965,-0.07082188642758747,0.6232274087994656,-0.3830000032020341,0.312408254773986,-0.2540000925678946,-0.12008504305196233,-0.35793017184207654,1.5558728586975388,0.7407233516479752,0.06289929296024437,0.08345750741733005,-0.38852453083946836,0.38852453083946836,0.9631579619330688,0.7936507936507936,0.36507936507936506,133871879.44090253,18.712393784431953,0.5714285714285714,0.20634920634920634,0.1746031746031746,0.08972550900753731,0.08535394100189087,0.3687890858492542,0.18141538157990483,0.20907603128623675,0.3333333333333333,-0.08487173940233872,-0.4236072792446177,0.3403508357802063,0.16838173089506037,0.20907603128623675,0.05996014380436332,1.1524713586325575,0.055819589620079636,-0.06750009308944016,0.06750009308944016,0.23920266342992447,130930988.12418893,0.026134717458484724,0.07995022320095937,0.002957707811342525,0.040694300391176386,0.09624805738722664,0.18406441487401737,0.22178194380518645,1.0,3.0,1.0,1.0,0.0,63.0,126.0,0.8165644614385688,0.4571046652177866,1.038873931695914,1.0777479934606595,1.0777479934606595,0.9980119284294234,0.13999775788155003,0.19909373801611238,1,1,1,1,1,1
yearly_top_future_return_examples,2019-11-30,TSLA,21.996000289916992,-0.28038728166025506,-0.05860533785506861,1.119713801233057,1.1582137469207574,0.03144934053723003,0.38229499244290355,0.7819183842049775,-0.41632909999836754,-0.30541248374517305,0.21845971707146572,0.24397548635714594,0.20684812952665022,0.5978539693309601,-0.31948318077636584,1.5451465535792244,-0.12433980408913914,0.12433980408913914,0.09948760606528184,0.5706347973885685,-0.7354676737549084,-0.6131386136543158,0.47650590045980445,0.21560349428750944,0.08122252974300093,0.25438068855209894,0.06597944398128552,0.36558928420660997,0.5413378562904639,0.36558928420660997,0.7819183842049775,-0.06622236595163389,0.18277405894091348,0.46243520342861166,0.0676388894701141,0.366187146041385,0.46243520342861166,0.8744018027060089,0.5060480395168458,0.6437769683422334,1.0450765354268226,-0.5134004341819618,-0.49019223959714486,0.020780546132093146,-0.08227637217012229,0.08227637217012229,0.7042355478995606,2145385153.051944,1.1033080212254458,0.1984126984126984,0.031746031746031744,0.031746031746031744,0.032441738091494796,0.38164622600135184,-0.04201793582336921,0.2554333413755687,0.1336991250674493,1.0428277625316027,0.3074272210164204,0.13105454842156772,0.3697845009696501,0.2709874538240631,-0.4485103337210342,0.5288589318978011,0.6160093988516417,0.01997166693204454,0.19475296231529549,-0.08227637217012229,0.08227637217012229,0.49510606644994204,0.1111111111111111,0.9682539682539683,2367020647.9801908,21.584897891132726,0.15873015873015872,0.047619047619047616,0.031746031746031744,0.031656643498920556,0.021656881562542418,0.04586733151423905,0.14640046559782796,0.047694647129001844,0.8333333333333334,0.10743484182225893,-0.06622236595163389,0.3074272210164204,0.007000346737825458,0.047694647129001844,-0.024711783335265358,0.32578207271568577,0.014901150974990425,-0.08227637217012229,0.08227637217012229,0.053078455641130784,2612420613.175801,-0.037587568786610626,0.03012234410235269,-0.005923356865532692,0.040694300391176386,0.09624805738722664,0.18406441487401737,0.22178194380518645,2.0,8.0,2.0,1.0,1.0,63.0,126.0,0.9622658297862107,0.2678971533628465,0.9717827561499546,1.0245801357394693,1.0245801357394693,0.9960238568588469,0.13999775788155003,0.19909373801611238,1,1,1,1,1,1
historical_mega100_examples,2020-01-31,EQT,5.618960857391357,-1.0001865194437147,-0.6867034195061343,0.9379686248344502,1.0233777004619884,-0.7021829593814043,-0.6153320212719771,-0.597511561819014,0.1677088132934983,0.19406020240688893,-0.28749014598290834,-0.14762161294677079,-0.32530491095520775,-0.748676398971864,0.16239980288933487,-1.00985478204785,-0.7197257426718453,0.7197257426718453,-0.06210083774273634,0.995815445349124,-0.1458734673723303,-0.5175139653324636,-0.40345135941212507,0.10526158204106052,0.046214514442586285,-0.37702679944951867,-0.3017187849261782,-0.4298027485255157,-0.4769218899188849,-0.597511561819014,-0.40345135941212507,0.009398337614718644,-0.08963662581078735,-0.4351117589296791,-0.1848805077707868,-0.5491007113291775,-0.4351117589296791,-0.7008769471380625,0.5916806776983723,0.9816921125635472,1.0492323147783567,1.7426083072800358,0.5222737323307631,0.02954293974509436,-0.5444493584343718,0.5444493584343718,0.0,58992518.42347176,0.9836280324474924,0.3968253968253968,0.07142857142857142,0.10317460317460317,0.0585921413577825,1.5497295432941038,-0.4184639178874656,-0.06296530595981664,-0.32206809361745026,0.8827760005075714,0.24856825683372863,0.2574389223130074,-0.30698720070422125,-0.1775811107734071,0.8257599032715237,0.62081048707109,0.9356289343518008,0.03084152292139635,-0.349156731388062,-0.47799837585132254,0.47799837585132254,0.0,0.8888888888888888,0.0,58026694.82600197,17.876413735479733,0.3968253968253968,0.06349206349206349,0.12698412698412698,0.0551316160326622,-0.31979163292821955,-0.4092353425374018,-0.7660417510328462,-0.44495401392535405,0.5,-0.1084930539600525,-0.44495401392535405,0.24856825683372863,-0.47533830658315135,-0.44495401392535405,-0.2472783846082468,0.5808482544527463,0.03469228588312356,-0.4216059012831086,0.4216059012831086,0.0,63483845.751639776,-0.11923132682050586,0.08500592749032516,-0.042721560634013,0.030384292657797296,0.11398895239949836,0.15116483715285,0.3134830999375804,1.0,3.0,1.0,1.0,0.0,63.0,126.0,0.6827452664392331,-0.024207695046128963,0.175272609082882,1.4253505337617742,1.4253505337617742,1.0,0.09641180580537563,0.1909109745482012,1,1,1,1,1,1
historical_mega100_examples,2020-02-29,EQT,5.482938766479492,-0.870106762955432,-0.6720240516996079,1.0105184920468688,1.0258171873944326,-0.6757169360641058,-0.607254879190092,-0.41789242698365914,-0.03089397422099449,-0.025713482721691716,-0.13919534935852296,-0.18456809385411466,0.046214514442586285,-0.5202666767683414,0.09412898377102152,-0.6566316725816507,-0.7265105364225255,0.7265105364225255,-0.12155611568752911,1.5284790476250212,4.786394995322731,2.91297182784867,-0.44360590970535085,0.016545182224344337,0.009398337614718644,-0.3151315028457099,-0.16211899798107998,-0.44878640120465363,-0.4367615792978879,-0.44878640120465363,-0.41789242698365914,-0.1848805077707868,-0.15884286952538917,-0.3237634432126376,0.24856825683372863,-0.32935177001164406,-0.3237634432126376,-0.48555715196747423,0.6364183216149921,1.2447801998414412,1.0477189060506455,0.6117136482811405,0.5726977757818668,0.03168872616273949,-0.5241129945635291,0.5241129945635291,0.1834678624967001,56763704.17648308,0.9815563239035188,0.42857142857142855,0.0873015873015873,0.11904761904761904,0.061872504768448106,1.958729085406582,0.01960797795849556,-0.33443308637865743,-0.2270188343235927,0.9088093594764638,-0.44495401392535405,0.23510028148172918,-0.458390397892827,-0.3445925939115857,0.6245311666461488,0.6667875077130475,1.1880860340046873,0.03416872271352259,-0.23907431767504017,-0.458390397892827,0.458390397892827,0.1834678624967001,0.6349206349206349,0.031746031746031744,55716772.802615546,17.835791805031178,0.47619047619047616,0.07936507936507936,0.12698412698412698,0.062106779026558825,-0.02933385760014484,-0.18401451152724413,-0.03055751926688969,-0.024207695046128963,0.5,-0.05831018464187271,-0.44495401392535405,0.24856825683372863,0.036366435437414246,-0.024207695046128963,0.06113458317708842,0.7922009255626644,0.04181455213575758,-0.04627736459813081,0.04627736459813081,0.1834678624967001,52012112.09341685,0.0561353915900602,0.07988421855048604,0.09188997813685784,-0.06057413048354321,0.005588326799006449,0.10237424978468224,0.1980827112558241,1.0,3.0,1.0,1.0,0.0,63.0,126.0,0.6752988047808766,0.20442906048376863,1.4855192251966245,1.2725723125582031,1.4855192251966245,1.0,0.23599943603332976,0.35086183101980245,1,1,1,1,1,1
historical_mega100_examples,2020-03-31,APA,3.5508437156677246,-0.9437781018927693,-0.8749333406335613,1.1533764945447431,1.417605942591064,-0.8513843937167546,-0.8025178784266984,-0.8336058580212888,0.022664821730664086,0.028076440824632676,0.010871283824336775,-0.846266606016884,-0.14437371668199672,-0.846367027451894,-0.0017894641712583592,-0.6277428909818613,-0.8839203653812387,0.8839203653812387,-0.10494838913428395,2.216802572438665,8.332118532680129,0.5361103643327718,-0.8055294171966562,0.014895560270765742,0.028623975228635468,-0.8133609215616485,-0.8391669977377788,-0.8109410362906248,-0.81669210383619,-0.8336058580212888,-0.8055294171966562,0.14856373602290907,-0.28019265776741276,-0.8353953221925472,0.08056268155531465,-0.7328402175560828,-0.8353953221925472,-0.4756958296738745,1.3279415346582968,2.0818924476342064,1.3224636398848306,2.050681613999453,-0.48828852961745806,0.04291743256244108,-0.8745985690615468,0.8745985690615468,0.017031864110017114,124744761.3912783,1.0424282270564609,0.31746031746031744,0.06349206349206349,0.11904761904761904,0.06678252561870732,3.121372036056079,-0.6222070591490754,-0.4832734990648818,-0.793040592115952,0.9458524759200878,-0.09183671381992631,0.35826675324386453,-0.8476676266752725,-0.6831354007007748,1.0028722183398835,1.756154395478459,1.5742530719525207,0.05776761655461284,-0.8159548330967549,-0.8745985690615468,0.8745985690615468,0.017031864110017114,0.8412698412698413,0.015873015873015872,130037460.4516915,18.683333131921305,0.3333333333333333,0.07936507936507936,0.15873015873015872,0.08794259092298957,-0.7124182588206655,-0.8022959028651754,-0.3010394867115912,-0.8322632332281681,0.5,-0.13512054515387198,-0.8322632332281681,0.14856373602290907,-0.7594047877498301,-0.8322632332281681,-0.5179332674799073,2.764631451904886,0.1270622389912997,-0.8336648796270063,0.8336648796270063,0.017031864110017114,113082122.9157198,-0.1453689736873488,0.29357489825559646,-0.15725800277432922,-0.07285844547833797,-0.10255510463646444,0.012761169430605124,0.06884476125920802,1.0,3.0,1.0,1.0,0.0,63.0,126.0,0.728386454183267,2.1384383251603167,1.5889720477330842,2.239214525601347,2.239214525601347,1.0,0.548722750563942,0.7292339962599484,1,1,1,1,1,1
historical_mega100_examples,2020-03-31,CELH,1.4033329486846924,-0.08058209147306361,-0.01173733021385559,1.0420829117441677,1.0985517761380592,-0.05180207391942415,0.026828712171922398,0.2097698181595833,-0.341729015262341,-0.013747128697791933,0.38793108675199384,-0.5162957226427711,0.011494036709268629,0.19700864872897816,-0.3381344540503606,0.23053541720158635,-0.36691754393041043,0.36691754393041043,0.06324153169523927,1.7904048288063275,-0.45019710906701704,-0.5207723569733262,0.19602268946179136,0.19345103658464574,0.3778415547631522,-0.1520134469864859,-0.3387483464054538,-0.13195919710275772,0.09127777017287231,-0.13195919710275772,0.2097698181595833,-0.004123927688103768,0.008646615539502633,-0.1283646358907773,0.11801238280930981,-0.025809531254312845,-0.1283646358907773,-0.10713179931822109,0.9099244736705898,2.147274723664204,1.3168055490921027,-0.6970750072400811,-0.7842108542404623,0.03386462783476359,-0.36691754393041043,0.36691754393041043,0.3280749641949172,1789281.4270130226,1.33979911611173,0.38095238095238093,0.1111111111111111,0.07142857142857142,0.06297864475332303,0.6262223109159848,-0.28461927655941677,-0.11995481176949196,-0.22553370622998448,1.751754754369193,0.09444448933189409,0.21563061175073486,-0.22037056341093286,-0.2168614915520809,-0.5136014880260404,1.1981935961841435,1.6306695587246611,0.0437598441587259,-0.34256565438499165,-0.36691754393041043,0.36691754393041043,0.3074534333951222,0.30158730158730157,0.1746031746031746,2397277.6743871826,14.68984476631145,0.5079365079365079,0.12698412698412698,0.12698412698412698,0.07484390574732656,-0.18872067057780184,-0.3297101837233074,-0.14722067102011668,-0.2876482597440885,0.6666666666666666,0.051670046030238746,-0.2876482597440885,0.3778415547631522,-0.2147898142657505,-0.2876482597440885,-0.10253700421205736,1.953857822756312,0.07638312521449915,-0.36691754393041043,0.36691754393041043,0.3074534333951222,2319296.3980351174,0.037201072111862965,0.14658994391903218,0.03439781025585753,-0.07285844547833797,-0.10255510463646444,0.012761169430605124,0.06884476125920802,1.0,4.0,1.0,0.0,1.0,63.0,126.0,0.6361553784860559,0.192399173972839,1.2019007799007988,1.795724944168413,1.795724944168413,0.996039603960396,0.548722750563942,0.7292339962599484,1,1,1,1,1,1
historical_mega100_examples,2020-03-31,SE,44.310001373291016,0.8150838318911724,0.8839285931503804,0.9031326365121348,0.9430569473833218,0.333835031459194,0.379514409924389,0.4316639832316018,-0.23538967766817898,0.057247341785409356,0.2995153547415699,-0.19782465289040796,-0.038449127777811176,0.4189028138009967,-0.3299732813804399,0.7250380893821816,-0.15696346621848334,0.15696346621848334,0.09014359822438922,1.241409824170184,-0.23726259524621862,-0.15969929322867282,0.4889113250170112,0.1550924367642861,0.24462367710536248,0.059290155962555824,-0.15696346621848334,0.19627430556342285,0.37228320460401193,0.19627430556342285,0.4889113250170112,0.08585313786649262,0.04926185390018789,0.10169070185116191,0.12481353320247135,0.20424580648762636,0.10169070185116191,0.14990104726478837,0.5953673187010502,1.7667018362081923,1.139440328223984,-0.4692347261791706,-0.4780690347285169,0.024225783641272473,-0.15696346621848334,0.15696346621848334,0.6595505658110268,180378761.45523918,1.219587327670364,0.23015873015873015,0.06349206349206349,0.06349206349206349,0.03978585853004397,0.892973248859942,-0.015249206662121706,-0.010121677053457012,-0.03492644561714031,2.035573236706001,-0.003978786438937232,0.10807067014262274,-0.020557035160731263,-0.058600778986801605,-0.23508781934306566,0.678385533034558,1.5504996553544006,0.03014998053528006,-0.12673238082180627,-0.15696346621848334,0.15696346621848334,0.1660526677181846,0.2857142857142857,0.1111111111111111,219987651.6516852,19.209081978431087,0.30158730158730157,0.1111111111111111,0.1111111111111111,0.045725308643992615,-0.03600562980099753,-0.03809069792779918,-0.01582420173748522,-0.01664447352734788,0.5,0.06603632673837169,-0.038449127777811176,0.24462367710536248,0.056213971950990094,-0.01664447352734788,-0.009788119474582357,1.0518365351674934,0.05393634751934865,-0.15696346621848334,0.15696346621848334,0.1660526677181846,267340242.33976093,0.04645398158291236,0.09253795206734705,-0.0041801351871901815,-0.07285844547833797,-0.10255510463646444,0.012761169430605124,0.06884476125920802,1.0,4.0,1.0,0.0,1.0,63.0,126.0,0.7066733067729084,0.2543443942332386,0.80094788035505,1.4202210458158815,1.4202210458158815,0.994059405940594,0.548722750563942,0.7292339962599484,1,1,1,1,1,1
historical_mega100_examples,2020-03-31,TRGP,6.04266881942749,-0.8863751681663884,-0.8175304069071804,0.9897654049337867,1.070706034995617,-0.8111154975440116,-0.799469893539429,-0.8196875917399001,0.013481969835015817,0.0017685949151834413,0.03995445887644977,-0.8665695507960455,-0.009713231387905807,-0.8324487611705053,-0.006927500179695567,-0.6326583722259954,-0.8326058103840129,0.8326058103840129,-0.13803549328006104,1.7830847350047603,3.6976924834361435,-0.18549102056941802,-0.8179189968247167,0.007326829585148536,-0.06044228442005328,-0.78680663249801,-0.8283945187302793,-0.8062056219048843,-0.8146040701565004,-0.8196875917399001,-0.8062056219048843,0.11771191760961597,-0.29011345740836725,-0.8266150919195957,-0.08414608624229258,-0.7240599872831313,-0.8266150919195957,-0.4577578495828924,1.2956243491346622,2.3554951722593747,1.3937613870741599,1.7516259401011696,-0.41315631390487595,0.037322588997060244,-0.8313246031273616,0.8313246031273616,0.46088777061087915,66978139.00146333,1.085202447596659,0.21428571428571427,0.05555555555555555,0.10317460317460317,0.06290989511407809,2.9320803684743395,-0.6222193652060976,-0.45662306591074164,-0.7434483456799652,1.409428096741576,-0.1123289719331294,0.31948012085702787,-0.8106849733610748,-0.6618224222341107,0.9605321705081429,1.8057911899769823,1.6900275715085815,0.060952755819965565,-0.8057914498647807,-0.8313246031273616,0.8313246031273616,0.46088777061087915,0.9206349206349206,0.14285714285714285,72684840.37985726,18.10164341154476,0.36507936507936506,0.1111111111111111,0.20634920634920634,0.10002220041224401,-0.6555276826028793,-0.7857269666379934,-0.2577884791769092,-0.7867283930047747,0.16666666666666666,-0.1559411748964233,-0.7867283930047747,0.11771191760961597,-0.7138699475264367,-0.7867283930047747,-0.43919166459095427,3.051836899448391,0.14297561096604877,-0.7965253450355017,0.7965253450355017,0.46088777061087915,72595520.68125407,-0.009319029457166561,0.3125904070081586,-0.045843688528031556,-0.07285844547833797,-0.10255510463646444,0.012761169430605124,0.06884476125920802,1.0,3.0,1.0,1.0,0.0,63.0,126.0,0.6069721115537848,0.891017601645151,1.6103630765928618,1.9284500680415975,1.9284500680415975,0.998019801980198,0.548722750563942,0.7292339962599484,1,1,1,1,1,1
historical_mega100_examples,2020-04-30,CELH,1.6733330488204956,0.04772678060467883,0.21256018449451686,0.8463099688606166,0.8503181389585045,0.006012019308468064,0.4425285318707586,0.42613646696701313,-0.38679917879766124,-0.39108533061762163,0.5340912404417071,-0.6044617442479936,0.3778415547631522,0.31058899881357704,-0.49650697077329964,0.4531928839975885,-0.24511300232592537,0.24511300232592537,0.004471559245259327,1.6238960383547818,-0.008194622279129371,-0.0779884663871313,0.0350511363493915,0.22456614157090532,-0.004123927688103768,0.006637227352797703,-0.1347341806857485,0.03933728816935189,0.16684163049525216,0.0350511363493915,0.42613646696701313,0.11801238280930981,-0.11081680364326962,-0.07037050380628651,0.09444448933189409,-0.07176954438975058,-0.07037050380628651,-0.05779034072780601,0.9402982306520079,0.7453568481990905,1.2950000534832795,0.8513384321223709,1.2075344172068858,0.035921072721855456,-0.24511300232592537,0.24511300232592537,0.5590063939882961,1907125.2804347447,1.0008381714736103,0.40476190476190477,0.12698412698412698,0.0873015873015873,0.06779499342069638,1.022079521463758,0.12180454160448506,-0.17272612013922517,0.03856322605390927,0.8921148056920191,-0.2876482597440885,0.22145831868101726,-0.15059237334073672,-0.058516302505914775,-0.09727293916556601,1.2176862589845834,0.5755651099737303,0.04446029957090815,0.13944333645486062,-0.24511300232592537,0.24511300232592537,0.5590063939882961,0.6349206349206349,0.5079365079365079,1908723.7784414063,14.4619459217755,0.47619047619047616,0.14285714285714285,0.14285714285714285,0.07904661207750908,0.16934527465930627,0.18132697028671108,0.2745195878628167,0.192399173972839,0.6666666666666666,0.08182090224083381,-0.2876482597440885,0.3778415547631522,0.04266190605755482,0.192399173972839,0.13664648437043736,0.700857725565962,0.03097548962031444,0.0,-0.0,0.31758509759955666,1337447.3631484169,0.08540518168971967,0.0641718794024479,0.044092893442570835,0.1497372679152842,0.001399040583464073,0.11554746815343608,0.16483340388983803,1.0,4.0,1.0,0.0,1.0,63.0,126.0,0.6278884462151395,0.8466138084987926,1.3446216713263972,1.9223111740561598,1.9223111740561598,1.0,0.39041636023757126,0.49341845745546464,1,1,1,1,1,1
historical_mega100_examples,2020-05-31,PLUG,4.210000038146973,0.2915211786249907,0.6445313016593002,1.0812198084409128,1.1177424765621335,0.9400921152671387,0.5886792025051761,0.07948716287155233,0.008368176312462117,0.25279129402610456,0.11282052473360382,-0.1427744671000345,-0.18974358754907306,-0.0631957064369284,-0.109441105237983,0.08936192387302251,-0.26398598032012943,0.26398598032012943,0.0578690634153316,1.1130664819565188,-0.5717265713686616,-0.5845550489669583,0.3322784568976569,0.14359440865567968,0.2246834748239419,0.02174547036712604,0.12571243375030117,0.08785533918401445,0.16654031965107455,0.07948716287155233,0.3322784568976569,0.12144710101481304,-0.008302220768691915,-0.029953942366430675,-0.1843318347023173,-0.1662866133570281,-0.029953942366430675,-0.03184384104709265,0.8894969963325591,0.5698589606785067,1.057508961975801,0.48399664273992515,0.4946474112723198,0.038959044967144835,-0.26398598032012943,0.26398598032012943,0.5253623379325947,57245997.561987616,0.849174533869725,0.42857142857142855,0.1349206349206349,0.12698412698412698,0.07413344281900396,0.9234336998773567,0.15368451943527406,0.0954873145186641,0.0427502961078563,0.7465519397618888,0.1807909246842434,0.1809319669992086,0.1892655603146478,0.028291499170192358,0.249486689074212,0.9406510452722373,0.5388691549372864,0.042337825437151894,-0.04791099308224478,-0.1155462530017699,0.1155462530017699,0.5253623379325947,0.9523809523809523,0.8253968253968254,48611843.295608245,17.699377768964496,0.49206349206349204,0.14285714285714285,0.14285714285714285,0.07693717673793772,-0.01088573407341864,-0.04261108414221648,0.014159116675465827,0.007177083980951515,0.6666666666666666,0.026670527042093255,-0.18974358754907306,0.2246834748239419,-0.05883183378605761,0.007177083980951515,0.002858506985269571,0.5068878338567256,0.0250524382133498,-0.07472530512860875,0.07472530512860875,0.0739795806655188,40794830.38097336,0.004054389549894566,0.06006108191712806,-0.003314379507742382,0.06600891776700912,0.13633267099059743,0.14268286930848073,0.35301012303430945,1.0,3.0,1.0,0.0,1.0,63.0,126.0,0.6252268702965914,0.950118756236543,0.831353911706975,2.0831352552551192,2.0831352552551192,1.0,0.3271880400074786,0.45593671859538865,1,1,1,1,1,1
historical_mega100_examples,2020-05-31,TSLA,55.66666793823242,3.156603337556552,3.5096134605908613,1.0040303455284345,1.0827986653471386,2.70107718573544,1.6514670509951075,1.5307631935134194,-1.2472733234351794,-0.5347312702607563,1.0245801357394693,-0.7745613546409038,0.2678971533628465,1.3880803242049387,-1.280744412414854,1.609233891693329,-0.08983884315149504,0.08983884315149504,0.14527377209463066,1.57846343905784,-0.5143232230657766,-0.3928949072888023,0.9960319232526631,0.6257454823767864,0.5551598573434688,0.2434323613553333,0.2718820144057198,0.28348987007824,0.9367616622814409,0.28348987007824,1.5307631935134194,0.02677646887053875,0.07501118018003572,0.25001878109856546,-0.2155570713684315,0.11368611010796803,0.25001878109856546,0.23341773541981248,0.9512372324588949,0.586107723838041,1.1260299489279644,-0.5868031286988223,-0.5587310008618869,0.04066175852431288,-0.08983884315149504,0.08983884315149504,1.5307631935134194,10919258735.603016,1.0171570034993007,0.40476190476190477,0.1746031746031746,0.0873015873015873,0.05993179606331702,0.6521594518634315,0.14774039616602574,0.31094913721139683,0.21626363891605505,0.5950813070810619,0.492137319488021,0.29537151501430337,0.5935114403786859,0.2155151740104102,-0.3915742510933855,1.0711216122840677,0.5205081129467687,0.047531450940836294,0.09342997781631479,0.0,-0.0,1.3116107221908835,0.0,0.7936507936507936,11106600495.939528,23.13080540790069,0.47619047619047616,0.2222222222222222,0.12698412698412698,0.07171442165658591,0.066473466721378,0.07834101333903498,0.12185743243232974,0.06793886833783369,0.8333333333333334,0.1990587660057129,-0.2155570713684315,0.5551598573434688,0.0019299505708245679,0.06793886833783369,0.04450011057390091,0.5575274891464804,0.022340290475736786,0.0,-0.0,0.19061204891626504,11319697839.74811,0.023189039813583,0.037306250380021645,0.019090572673183592,0.06600891776700912,0.13633267099059743,0.14268286930848073,0.35301012303430945,2.0,8.0,2.0,1.0,1.0,63.0,126.0,0.9662405931828243,0.2931856328270819,0.7134850390431973,1.983952162875052,1.983952162875052,0.998019801980198,0.3271880400074786,0.45593671859538865,1,1,1,1,1,1
historical_mega100_examples,2020-09-30,LEU,8.369999885559082,0.812715616817947,1.2931505936622463,0.6954216828583417,0.7708281433909442,0.21656973057176243,0.048872163603187024,0.6508874954961463,-0.671940162298521,-0.40349556733297853,0.980276059549529,-1.1466107291350975,0.3234713631080979,0.18910655293035883,-0.817222165081715,0.7156520745970085,-0.5571428542594881,0.5571428542594881,0.07307026144176598,1.8053882725832013,5.185393258426966,4.156547914529713,0.2473919281631678,0.33822447061415173,0.2742176068744142,-0.2368082824750437,-0.4051158130823447,-0.02105266680237472,0.29240891895231313,-0.02105266680237472,0.6508874954961463,0.17426897519052575,-0.014775231921748344,-0.16633466958556864,0.47410361025572234,-0.28846676275285577,-0.16633466958556864,-0.1613046074057313,0.9095027019416777,1.0894005763698256,1.1337884115213253,-0.6175755470649531,-0.7105883810253717,0.04379515141496863,-0.5571428542594881,0.5571428542594881,0.7846481414585706,1109130.945870233,1.6283305855159311,0.5555555555555556,0.1984126984126984,0.12698412698412698,0.09375644194379487,1.1350515463917525,-0.14232807345774956,-0.29237147206280467,-0.31632170691240935,0.9636526293614732,-0.25270268398101026,0.30469721732774474,-0.43445947448035227,-0.3042354668575,-0.2268258426966292,1.0311836237088081,0.960849983382755,0.04954510562738415,-0.13772568913651917,-0.5571428542594881,0.5571428542594881,0.0,0.5714285714285714,0.0,1806031.842502715,14.406643198011169,0.6349206349206349,0.20634920634920634,0.15873015873015872,0.10075746731333805,-0.15460239382528407,-0.16014935188095247,-0.24547407289960826,-0.24321884556952333,0.6666666666666666,0.1250233376463711,-0.25270268398101026,0.47410361025572234,-0.18543213118606572,-0.24321884556952333,-0.1364011638310001,0.9908127677051773,0.047315149883455365,-0.29247675912605064,0.29247675912605064,0.0,1814100.7599376496,-0.08243806746732507,0.12792286980219617,-0.0208235926085375,-0.057786714383457616,0.12213209316728713,0.4617809425657875,0.48043497684429926,1.0,3.0,1.0,0.0,1.0,63.0,126.0,0.6428571428571428,0.16009559986969868,0.7909199493515755,1.7634407977320552,1.7634407977320552,0.9980276134122288,0.4463500762313657,0.5925190501457953,1,1,1,1,1,1
historical_mega100_examples,2020-09-30,MSTR,15.055999755859377,-0.465674589687362,0.014760387156937282,1.1792228220724066,1.1798839977730742,0.0555984187847971,0.11393903413167705,0.27485175452246335,-0.06534020156404252,-0.08305255319920146,0.0016088105614460169,0.2711952433564231,0.0696866998291219,-0.18692918804332415,-0.002047700604594249,0.6416743327504277,-0.13916523997205166,0.13916523997205166,0.04195525103549036,1.0510291595197254,0.7274633123689727,1.198722306977619,0.1917992013232619,0.043743182199788594,-0.01464421864498533,0.15752698072312965,-0.051685505458848646,0.20951155295842083,0.22538750293471535,0.1917992013232619,0.27485175452246335,-0.049726822258795544,0.10457184772585126,0.2728040539178691,0.047594868782513844,0.15067196075058198,0.2728040539178691,0.5648003941629509,0.42833527927532666,1.6064737015483566,1.1276439199963089,0.026151930261519407,0.06963050057821984,0.018655138591044226,-0.13916523997205166,0.13916523997205166,0.3415308143119644,12537027.882795485,1.2398881507866708,0.19047619047619047,0.03968253968253968,0.015873015873015872,0.03120269303778569,1.0849242922975642,-0.11130149229253283,0.1191981634735173,0.0758066221542062,1.6353445331234122,0.16559070472313486,0.07440687462410751,0.21497736562712189,0.08007188940022991,0.008567931456548328,0.4830096733947431,1.4246285312775109,0.019069452945845645,0.04699753967013298,-0.13916523997205166,0.13916523997205166,0.3002849245008554,0.15873015873015872,0.8888888888888888,15544512.317960225,16.559218293037652,0.19047619047619047,0.06349206349206349,0.015873015873015872,0.03087483010872278,0.014666918911154125,0.017828047774402167,0.06157524126411268,0.0423704999566874,0.6666666666666666,0.04347862206461286,-0.049726822258795544,0.16559070472313486,0.10015721434014502,0.0423704999566874,0.006299384839189459,0.6881093616011831,0.03022356219831346,-0.13916523997205166,0.13916523997205166,0.08456993149098291,23008085.01075563,-0.01063879641574006,0.04868016927104067,0.011963965545781274,-0.057786714383457616,0.12213209316728713,0.4617809425657875,0.48043497684429926,1.0,4.0,1.0,0.0,1.0,63.0,126.0,0.35535714285714287,0.1096573461300685,1.2766339654001682,1.5806987362041527,1.5806987362041527,0.9960552268244576,0.4463500762313657,0.5925190501457953,1,1,1,1,1,1
historical_mega100_examples,2020-09-30,PLTR,9.5,,,,,,,,,,,,,,,,,,,,,,,,,,,,,,,,,,,,,,,,,,,,,,,,,,,,,,,,,,,,,,,,,,,,,,,,,,,,,,,,,,,,,,,,,,,,,,,,,,-0.057786714383457616,0.12213209316728713,0.4617809425657875,0.48043497684429926,2.0,7.0,2.0,1.0,1.0,1.0,1.0,0.0,0.06631580152009664,1.8536842747738485,1.4789472881116366,1.8536842747738485,1.0,0.4463500762313657,0.5925190501457953,1,1,1,1,1,1
historical_mega100_examples,2020-09-30,PLUG,13.40999984741211,3.6184240588568413,4.098859035701141,1.1374460865551639,1.2039922890446615,3.243670722523712,2.089861607358674,2.7881355909372916,-0.6028624968984357,-0.5800015244002532,1.3192090753157562,-0.6858351672641314,0.1807909246842434,2.3263546483715043,-2.154761682885667,2.9828786930853632,-0.050955432498048236,0.050955432498048236,0.24249919528523578,1.2436240299652614,-0.3137167829288664,0.120957100297719,2.2081340665370384,0.3416546947179263,0.007177083980951515,0.5082328449156008,-0.050955432498048236,2.185273094038856,2.3938475838377284,2.185273094038856,2.7881355909372916,0.950118756236543,0.17624575341232296,0.6333739080516247,-0.06090133954650401,0.5112418148843376,0.6333739080516247,0.6947214554709848,0.9347130332187134,0.9795689614709088,0.9753739638939276,0.41968669201520914,0.4667179502856049,0.04318350545573514,-0.050955432498048236,0.050955432498048236,3.002985143034783,194027760.95035303,1.5376270199423625,0.5079365079365079,0.18253968253968253,0.11904761904761904,0.07212002596502559,1.2876273680338424,-0.00047989992989627694,0.17490670118365914,0.15891177172180537,1.226033895516953,0.6835278181601607,0.417413036144665,0.7392995824984561,0.039923239461745474,0.2750248600370806,0.9116947563138529,1.0043009119909596,0.04349274532415487,-0.02202610003862049,-0.050955432498048236,0.050955432498048236,0.7392995824984561,0.31746031746031744,0.6666666666666666,298342327.8561804,19.513752139706988,0.6031746031746031,0.19047619047619047,0.15873015873015872,0.07570301537172254,0.056071814124684316,-0.035109342491191575,0.036181017210474536,0.033127913739640746,0.8333333333333334,0.29897352620917256,-0.06090133954650401,0.950118756236543,0.09091462812309836,0.033127913739640746,0.07589858095954338,0.9156158752233781,0.043256724075146774,-0.050955432498048236,0.050955432498048236,0.19306050893967863,293417613.83723307,0.05234245590962594,0.06887184136906144,0.07006065146549956,-0.057786714383457616,0.12213209316728713,0.4617809425657875,0.48043497684429926,1.0,3.0,1.0,0.0,1.0,63.0,126.0,0.8996031746031745,0.043997029030671486,0.9679343542081575,1.5287099353663405,1.5287099353663405,0.9921104536489151,0.4463500762313657,0.5925190501457953,1,1,1,1,1,1
historical_mega100_examples,2020-09-30,UUUU,1.6799999475479126,-0.609968659121145,-0.1295336822768457,1.3366949015181986,1.4023704856138313,-0.12041886025806248,0.423728832394459,0.423728832394459,-0.4469846930903668,-0.47990862197264694,0.2796610657492804,-0.16707831200204293,0.5084746190783163,-0.03805211017132848,-0.31114607864722155,0.6032223946665951,-0.25333335664537215,0.25333335664537215,0.005335411469769458,0.9836410786359117,-0.37741443578447986,-0.30732203852181905,-0.05617978957818792,0.2680769747646559,-0.03370783356400553,0.0017888793398321834,0.07096248851941389,-0.023255860695907793,0.1147643940401211,-0.05617978957818792,0.423728832394459,-0.12209304340340854,0.0375859596469148,0.11258275374723747,0.13245036354096773,-0.009549339420049652,0.11258275374723747,0.19441158923207555,0.7024421442918356,0.9429018352164945,0.8244022279165623,-0.5464979944461585,-0.5813827892384724,0.03154374485430018,-0.13846158642740536,0.13846158642740536,0.5272726464862683,2741817.8776759002,0.9832598299629919,0.3968253968253968,0.09523809523809523,0.10317460317460317,0.07067264124849999,0.5470448116718774,-0.07179492383626984,-0.015849066159189573,-0.0401097303053628,1.0525617498069921,0.06432749231065249,0.23020590888474154,-0.01754391223965679,-0.01318430142602911,-0.41730098319061215,0.5790948687366766,1.14374003767482,0.02781702201496388,-0.04169047732093978,-0.13846158642740536,0.13846158642740536,0.11999996503194166,0.7301587301587301,0.9841269841269841,2695919.380193097,14.807250218008914,0.38095238095238093,0.07936507936507936,0.1111111111111111,0.061645081434420525,-0.033742356421328945,-0.07743363392008562,-0.11613949134007966,-0.07692313234582204,0.5,0.07875474426945006,-0.12209304340340854,0.5084746190783163,-0.019136417962364427,-0.07692313234582204,-0.02410690575611607,0.6623339869861814,0.032312049304414656,-0.12500000776102171,0.12500000776102171,0.08387096724574694,2268669.5490031014,0.001191879787020289,0.06760203927769831,0.007194223523709464,-0.057786714383457616,0.12213209316728713,0.4617809425657875,0.48043497684429926,1.0,3.0,1.0,0.0,1.0,63.0,126.0,0.5864087301587302,-0.10119045380494418,0.23809523133734167,1.5357145011222348,1.5357145011222348,0.9940828402366864,0.4463500762313657,0.5925190501457953,1,1,1,1,1,1
historical_mega100_examples,2020-10-31,BE,12.640000343322754,2.7555932034278072,3.1307191436877124,1.1475481377969816,1.230245204403657,0.6040609339787497,1.4168260606549627,0.6479791678737838,-0.48621444265601443,-0.07388193703292933,0.5853976175301003,-0.5459238920421188,0.04693606950408191,0.41528761550430104,-0.6085054423858023,0.5345614929577379,-0.44851656626318037,0.44851656626318037,0.16211389765623618,1.4763114196346816,1.9404377112684745,2.0565077422975953,0.5740972308408545,0.2620054452552618,0.3549191128572047,-0.14425177098330355,-0.0984364188784399,0.1617647252177694,0.4612803746441359,0.1617647252177694,0.6479791678737838,0.11764703304297397,0.1005408048311851,0.03947372548798156,0.28782895098019834,0.025966627801314646,0.03947372548798156,0.03804066482380301,1.2121695565621533,0.9118324058665815,0.8560450998840365,0.3513669815278897,-0.04945577277938329,0.05242380306550425,-0.44851656626318037,0.44851656626318037,0.7220708556615252,72794335.67210492,1.3073946676705672,0.6190476190476191,0.1984126984126984,0.14285714285714285,0.09278594777360202,1.332519576747185,-0.40896553433756755,0.11468627211460714,-0.24438065737087722,0.9938503233787899,0.14750954587806864,0.2290757292034026,-0.19284799064595293,0.17130049938403658,0.35626790083647863,1.0376718091236368,1.0651686529017013,0.049284836013473395,-0.04269281338827147,-0.44851656626318037,0.44851656626318037,0.007974512103184228,0.23809523809523808,0.9365079365079365,95170926.29433133,18.37118506755818,0.6507936507936508,0.19047619047619047,0.15873015873015872,0.08769156406555252,-0.28176375182339464,-0.13221664843492387,-0.26834942519181415,-0.29660540755116915,0.8333333333333334,0.10970588411855973,-0.29660540755116915,0.3549191128572047,-0.26615657375797264,-0.29660540755116915,-0.30386891235996505,1.1052954830782955,0.055516156152953855,-0.44851656626318037,0.44851656626318037,0.0,135834997.50729516,-0.2049314235708386,0.1200553812284413,-0.13483914132079755,-0.030448833793196517,0.013507097686666913,0.2326915523694828,0.3751259402599052,1.0,3.0,1.0,0.0,1.0,63.0,126.0,0.7642558541568443,0.9398734012469141,1.2674049896329418,1.761867001519013,1.761867001519013,0.9921104536489151,0.49255872292270286,0.6238046667103793,1,1,1,1,1,1
historical_mega100_examples,2020-10-31,CELH,6.703332901000977,4.337943258412685,4.71306919867259,1.014743523540232,1.0342845818881685,2.7240739325437,3.7767230914686616,3.0059765183781213,-2.297395314267752,-1.8366130597376888,1.9223111740561598,-1.5514864124966858,0.8466138084987926,2.7732849660086387,-2.6351517568186473,3.352380529820317,-0.20764386870272,0.20764386870272,0.186355693592275,1.8822886795029359,1.4540745168360232,2.364106114390923,1.1693634586404325,1.2154212608055055,0.2696870675046348,0.1302069735977669,-0.17341085127166822,0.7085812041103692,1.6279737270429742,0.7085812041103692,3.0059765183781213,0.24638921911992417,0.0699786740837034,0.37082476155947397,0.32378999154857313,0.35731766387280706,0.37082476155947397,0.3693570890255597,0.896669244925855,0.9118839296399326,1.1196699258943568,0.2090900166879357,0.07066482237044402,0.041016047605278855,-0.20764386870272,0.20764386870272,3.4295162168129725,15543887.759379545,1.4938748305719982,0.5396825396825397,0.21428571428571427,0.11904761904761904,0.08183055723251419,1.4635798312670811,-0.1024429393324483,0.03171056004863382,-0.046241458452220274,1.165565022930742,0.16941308437815805,0.3135046695956141,0.03553038647457929,0.04560968368200746,0.07228670922809055,1.003973587017881,0.8144220975762555,0.04249862507598917,0.029870723123346155,-0.20764386870272,0.20764386870272,0.4112279791581004,0.8095238095238095,0.9841269841269841,23220622.692973275,16.960551394035793,0.5238095238095238,0.19047619047619047,0.15873015873015872,0.08487967092599573,-0.06016331047385981,0.008247994378312251,-0.1400182580776891,-0.1144870873193381,0.8333333333333334,0.29023434728845743,-0.1144870873193381,0.8466138084987926,-0.08403825352614158,-0.1144870873193381,-0.06878752215337058,0.8176582746502599,0.043214709855188736,-0.12679126050102807,0.12679126050102807,0.0,24571598.046439033,-0.06525986358103852,0.08641757771802581,-0.054536962331801164,-0.030448833793196517,0.013507097686666913,0.2326915523694828,0.3751259402599052,1.0,4.0,1.0,0.0,1.0,63.0,126.0,0.6568218607575043,0.6036798647423216,1.5017406572869874,1.655395383153738,1.655395383153738,0.9901380670611439,0.49255872292270286,0.6238046667103793,1,1,1,1,1,1
historical_mega100_examples,2020-10-31,MRNA,67.47000122070312,2.6529338341104305,3.0280597743703357,1.2092635538568952,1.2332573634239414,2.289614844844955,1.252754574356854,0.4670580290996942,-0.4162870871480877,-0.36998483851915553,0.6112197384157918,-0.7006933874028892,0.3372471788535554,0.23436647673021138,-0.5565316780867916,0.5472224594164,-0.288666290921326,0.288666290921326,0.02699972670751216,1.046160278477287,-0.5024418735573946,-0.5469602147133981,0.09707319058053865,0.22815477856358118,0.04406502576378313,-0.026305039084264292,0.07869512854241723,0.050770941951606474,0.2049673872106131,0.050770941951606474,0.4670580290996942,0.15402584536152175,-0.009897898789162585,-0.08947364898709742,-0.1242914881798437,-0.10298074667376433,-0.08947364898709742,-0.15623267853341105,0.8535066882996738,0.6728137270940342,0.6709904548158477,-0.5493827553901356,-0.5702735541498596,0.0387544711285749,-0.288666290921326,0.288666290921326,0.3783452537100951,1296224500.546086,0.5241694456572227,0.4523809523809524,0.14285714285714285,0.07936507936507936,0.06627562905075672,0.4148177844703674,0.11401403764113593,0.07586799800932442,-0.013042384735701185,0.8983282605402424,0.09030668308630596,0.16164852308915825,0.039759621749453355,0.09435770499005125,-0.44228696132306156,0.5726948409705661,1.00271728497045,0.027130547033281053,0.008546609846305397,-0.1400713483559608,0.1400713483559608,0.24162681323603064,0.9841269841269841,0.6031746031746031,679441277.8985523,20.33678136971754,0.3492063492063492,0.07936507936507936,0.047619047619047616,0.05170545944411925,-0.04919155017082222,-0.016850750892298483,-0.08073195428200516,-0.04636040677451414,0.6666666666666666,0.07583213968513473,-0.1242914881798437,0.3372471788535554,-0.015911572981317623,-0.04636040677451414,-0.06186123684411049,0.5742510160545896,0.027410243540086334,-0.1382041073993432,0.1382041073993432,0.026315841392611672,456374952.4492536,-0.03256330791631212,0.060298764881026416,-0.02330627659299067,-0.030448833793196517,0.013507097686666913,0.2326915523694828,0.3751259402599052,1.0,3.0,1.0,1.0,0.0,63.0,126.0,0.9544255854156843,1.2638209979207158,0.5483918679498494,1.5664739962828893,1.5664739962828893,0.9881656804733728,0.49255872292270286,0.6238046667103793,1,1,1,1,1,1
historical_mega100_examples,2020-10-31,MSTR,16.707000732421875,-0.28494643354818483,0.09017950671172037,1.1280283486888731,1.1647639906265659,0.09892788640166317,0.41464861463265823,0.32248873886030593,0.08988762975378917,0.019654641109193127,-0.01907703382761894,0.36728559297751273,-0.01464421864498533,0.08979718649082313,0.025719820289587858,0.7167719909061518,-0.09348885210110547,0.09348885210110547,0.06980259512170028,1.4318283816533524,1.8652912621359223,2.863010204069053,0.34214337996949906,0.04725597597806621,-0.049726822258795544,0.19833370396604977,-0.04944039988513138,0.4123763686140951,0.3590028291479667,0.32248873886030593,0.4123763686140951,0.047594868782513844,0.10912858618036836,0.3482085591498938,0.16559070472313486,0.3347014614632269,0.3482085591498938,0.6373191944583683,0.449918164983835,1.1487382259952938,1.2143640889997966,1.8652912621359223,2.179491497831422,0.018866150622511985,-0.09348885210110547,0.09348885210110547,0.4757530771180589,15163649.08812538,1.3801841889844726,0.19047619047619047,0.05555555555555555,0.031746031746031744,0.03205878179233154,2.3496433902803116,0.04567638787094619,0.08209383085006206,0.07206801893681836,1.529597356342297,0.0423704999566874,0.07887762636874947,0.15667408266621052,0.11350210733168975,0.7760782347041124,0.546364462545055,0.9459586596812533,0.02260046735191481,0.14347042259895182,-0.09348885210110547,0.09348885210110547,0.3547681667343203,0.07936507936507936,0.9841269841269841,20928628.718739465,16.856628622557945,0.25396825396825395,0.09523809523809523,0.047619047619047616,0.035914442539064714,0.038811703023146515,0.12715588278055323,0.21216958664706442,0.1096573461300685,0.6666666666666666,0.050140396448103954,-0.049726822258795544,0.16559070472313486,0.14010617992326502,0.1096573461300685,0.003173435254435475,0.5168381946865885,0.022109778646193182,-0.09348885210110547,0.09348885210110547,0.1407210731160733,23840472.28272756,-0.030562169309168108,0.047383917399603626,-0.0076149606592353924,-0.030448833793196517,0.013507097686666913,0.2326915523694828,0.3751259402599052,1.0,4.0,1.0,0.0,1.0,63.0,126.0,0.4956142935722143,1.0516549305422362,1.3256717447096107,2.694918075458257,2.694918075458257,0.9980276134122288,0.49255872292270286,0.6238046667103793,1,1,1,1,1,1
historical_mega100_examples,2020-10-31,PLTR,10.130000114440918,,,,,,,,,,,,,,,,,,,,,,,,,,,,,,,,,,,,,,,,,-0.9418003310252924,-0.9379407733290304,,,,,,,,,,,,,,,,,,,,-0.8900024812309808,,,,,,,,,,,,,,,,,,0.09763865075829455,0.06631580152009664,1.0,0.06631580152009664,0.06631580152009664,0.06631580152009664,0.09676463531329316,0.06631580152009664,0.028217632602729248,0.6791962097495803,0.03099812938354138,-0.07488581818333839,0.07488581818333839,0.12181621417476918,273773530.1083837,0.014623407347655437,0.05404736967924955,-0.0376211198542834,-0.030448833793196517,0.013507097686666913,0.2326915523694828,0.3751259402599052,2.0,7.0,2.0,1.0,1.0,23.0,23.0,0.0,1.6762093093863482,1.3247777858845846,2.4728529030344824,2.4728529030344824,0.9960552268244576,0.49255872292270286,0.6238046667103793,1,1,1,1,1,1
historical_mega100_examples,2020-10-31,PLUG,14.0,3.9078927375408776,4.283018677800783,1.0338184877701944,1.0425258902366592,2.6175711664077945,2.9548023025038797,2.3492824341967546,-1.644044926894641,-0.023866787368854503,0.8444976925301402,-0.02867409580746494,0.007177083980951515,2.116590881827272,-1.5334588374740794,2.473687418233599,-0.24036897622468756,0.24036897622468756,0.2708915109885026,1.2530371427537244,0.3748893205936381,1.4965564712159352,2.3254156468279,0.9423755929373874,0.950118756236543,0.22560821118389063,-0.012914105662570119,0.7052375073021135,1.7933118627755895,0.7052375073021135,2.3492824341967546,-0.06090133954650401,0.20628501950343714,0.8158235967226752,0.6835278181601607,0.8023164990360083,0.8158235967226752,0.9701406323699648,0.9497086886888567,0.8215053714035718,0.8854645054000515,-0.10836429394800329,-0.06913497190405038,0.04322012482092383,-0.24036897622468756,0.24036897622468756,2.448275910667963,266764852.4966823,1.4262389226536154,0.5238095238095238,0.1746031746031746,0.11904761904761904,0.07312610362624718,1.0269749581703884,-0.18941354372663932,0.1839020145146284,-0.005681815487909803,1.0322490674986002,0.033127913739640746,0.4287412597079367,0.07858247255284079,0.28823858971888683,0.03038911604152461,0.84093333430401,0.927767704288064,0.039732045952460694,0.16953107769047548,-0.24036897622468756,0.24036897622468756,0.5334063334628227,0.23809523809523808,0.9841269841269841,380470415.82671875,19.756918984087672,0.5714285714285714,0.1746031746031746,0.14285714285714285,0.07132986481086623,-0.06958197222790352,0.11372671335239248,0.05639265375789372,0.043997029030671486,0.8333333333333334,0.2761745436002439,-0.06090133954650401,0.950118756236543,0.074445862823868,0.043997029030671486,-0.1310824198499757,0.7801907890265384,0.033444763284004975,-0.24036897622468756,0.24036897622468756,0.0,459028749.0510986,-0.06908704248689146,0.06862244314076951,-0.039253370661449405,-0.030448833793196517,0.013507097686666913,0.2326915523694828,0.3751259402599052,1.0,3.0,1.0,0.0,1.0,63.0,126.0,0.9212780920949237,0.8849999564034601,1.4221428462437222,3.512142726353237,3.512142726353237,1.0,0.49255872292270286,0.6238046667103793,1,1,1,1,1,1
historical_mega100_examples,2020-10-31,UUUU,1.5099999904632568,-0.6238821603456386,-0.2487562200857334,1.310481345989058,1.387477712860827,0.0633803071116823,0.2796610657492804,-0.1516853849810491,0.1516853849810491,0.02959234157764057,-0.039325805824673044,-0.07763328377888301,-0.03370783356400553,-0.3843769373505319,0.034726295377493055,-0.26954685687621405,-0.3288888931274414,0.3288888931274414,-0.0005364815970487768,0.7685750578707434,-0.5627363114409747,-0.6138782743715312,-0.12209304340340854,0.08040612947655529,-0.12209304340340854,-0.09942148621073366,-0.09046472909706915,0.0,-0.09125947612815255,-0.1516853849810491,0.0,0.13245036354096773,-0.029973690055606572,-0.11695908960355605,0.06432749231065249,-0.13046618729022297,-0.11695908960355605,-0.21112129549080783,0.5627421767737721,0.9447340534302647,0.984447296857549,-0.1502245203429038,-0.2362136867617195,0.027864086186864388,-0.22564104946720798,0.22564104946720798,0.05594408800680317,2372896.4572136365,0.9536535913661075,0.373015873015873,0.06349206349206349,0.10317460317460317,0.06090996634192774,0.5445350307363648,-0.07508006762760122,-0.05615178388444064,-0.10956480863810969,0.7695535353734771,-0.07692313234582204,0.10074355802324018,-0.17032969948059473,-0.047007296534401166,-0.3712876271015806,0.553990014752673,0.9596593504253069,0.027331680988502347,-0.056085908872832935,-0.21354165405500658,0.21354165405500658,0.04137926952167148,0.6507936507936508,0.031746031746031744,2262921.2283616974,14.632167557415185,0.38095238095238093,0.06349206349206349,0.1111111111111111,0.05658330895865926,-0.08020304481537599,-0.10550997636413784,-0.19033581121041102,-0.10119045380494418,0.3333333333333333,-0.022856101211093344,-0.12209304340340854,0.13245036354096773,-0.07074162001174766,-0.10119045380494418,-0.07475490401964813,0.5316416976996563,0.02664214095027559,-0.1371428625924247,0.1371428625924247,0.04137926952167148,1811734.6632656597,-0.045512012114316325,0.05203405447397656,-0.01048491808728047,-0.030448833793196517,0.013507097686666913,0.2326915523694828,0.3751259402599052,1.0,3.0,1.0,0.0,1.0,63.0,126.0,0.5868992613547068,0.3774834018826225,1.8211922223753785,1.5165562757059834,1.8211922223753785,0.9940828402366864,0.49255872292270286,0.6238046667103793,1,1,1,1,1,1
historical_mega100_examples,2020-11-30,UUUU,2.0799999237060547,-0.419181729189422,0.050505001853162534,1.3757163689749656,1.5233433077426806,0.7627118781050612,0.16853930176305187,0.20930226110909267,0.007071936145329083,0.16818114077352986,0.058139547778181644,0.08471752022226653,-0.12209304340340854,-0.07686975609459323,-0.0664451931086445,0.3574844786656122,-0.07555558946397567,0.07555558946397567,0.02735562407422698,0.9931763482474524,1.019561863622339,1.3080705501049468,0.3774834018826225,0.09512367757176352,0.13245036354096773,0.20663645819726018,0.03410844465793372,0.21637419725442175,0.26771995341537896,0.20930226110909267,0.3774834018826225,0.06432749231065249,-0.00047086336487123237,0.14285706800044817,-0.07692313234582204,0.12678285067065587,0.14285706800044817,0.21842823914208917,0.5854862898953219,1.2448382632939197,1.1170592723968706,4.240512409927942,6.218718862035643,0.028251656486021924,-0.032558217933201794,0.032558217933201794,0.4545454545454546,2544246.3270058706,0.9606454914548338,0.373015873015873,0.0873015873015873,0.10317460317460317,0.05918839789871663,2.2159752629440708,0.18098343612180479,0.039370087230321316,0.22482624565077192,1.147959373739289,-0.10119045380494418,0.19116515095948836,0.23809523133734167,0.08819042527643206,1.1195785928628483,0.6540228889888116,1.1143887294564718,0.032186462495932135,0.21141781793437353,-0.032558217933201794,0.032558217933201794,0.43448265883075265,0.031746031746031744,0.3492063492063492,2444118.7631887104,14.70919560101439,0.47619047619047616,0.12698412698412698,0.1111111111111111,0.058539338355627225,0.21212116721177665,0.32858990876541294,0.5179265821969455,0.3774834018826225,0.5,0.045675771363344664,-0.12209304340340854,0.3774834018826225,0.2652255645622996,0.3774834018826225,0.1665731456532058,0.7288357362956929,0.03713339266493477,-0.032558217933201794,0.032558217933201794,0.43448265883075265,3131415.7427736693,0.0771620558620536,0.05872254321762655,0.01265820433918785,0.1122578373203229,0.016074217329792306,0.2861720172036859,0.4696867310425845,1.0,3.0,1.0,0.0,1.0,63.0,126.0,0.6030644174665913,1.048077108239288,0.8269231210093542,1.4951924267252563,1.4951924267252563,1.0,0.32733399662566975,0.40558438002973773,1,1,1,1,1,1
yearly_top_future_return_examples,2021-01-31,TPL,86.7173843383789,-0.29847877174809256,0.14558435004571257,1.2559958016268695,1.2392771773807023,0.48267930045926155,0.4202492922632781,0.5846605443857005,0.2857624409313697,0.018863386995926712,-0.15493722093225326,1.0301358258617717,-0.011763707810505508,0.39902453515356306,0.2905380605438179,1.2230311818988422,-0.0552281788218959,0.0552281788218959,0.10211359279357124,0.8033826638477801,2.117241379310345,4.845446685711327,0.6035239313816272,0.15981818055092437,-0.1426944899793342,0.39559423432786045,0.1965825381340086,0.8704229853170702,0.6862024870281326,0.5846605443857005,0.8704229853170702,-0.0025467273705804816,0.23391088587840514,0.8751986049295184,0.35414415205872296,0.7053636704348756,0.8751986049295184,1.6040531067999286,0.47804222250325107,1.096734908195029,1.1413572901625064,2.616,3.1394487150666937,0.022270717690837716,-0.0552281788218959,0.0552281788218959,0.9121760311729439,11859288.569232395,1.2428645175096467,0.2857142857142857,0.05555555555555555,0.015873015873015872,0.03835832263439635,2.097447795823666,-0.03683794877002011,0.2039301202584629,0.1542523348427618,1.593221656694738,0.20967383804311712,0.1789623812527855,0.38478507039197396,0.20048705627455066,0.7842105263157895,0.5456169756595726,0.9609041074586522,0.02593249326789153,0.17204887080152398,-0.0552281788218959,0.0552281788218959,0.8751986049295184,0.19047619047619047,0.9682539682539683,14739488.96560669,16.506040842064838,0.36507936507936506,0.09523809523809523,0.015873015873015872,0.04205365230998982,0.06286033001355484,0.1899130252745822,0.2761072385702226,0.14475904730826716,0.5,0.09192868537494785,-0.1426944899793342,0.35414415205872296,0.14214539240314794,0.14475904730826716,0.015702680634877675,0.5242855930104507,0.025867054751508693,-0.0552281788218959,0.0552281788218959,0.150312894001831,20687052.028002057,0.0029825841893573735,0.04855572200399252,0.0074909028868208605,0.0026136549051192226,0.16983493449464282,0.1856360092321374,0.44406312179380514,1.0,3.0,1.0,1.0,0.0,63.0,126.0,0.5797822211888708,0.3265887580401612,0.9143020358305545,0.8549496794053186,0.9143020358305545,1.0,0.337062590818616,0.4013585742476356,1,1,1,1,1,0
yearly_top_future_return_examples,2021-04-30,MRNA,178.82000732421875,2.3368234498754554,2.888236590518433,1.1548201744098048,1.2186797142264385,1.4132255196559873,1.5274912696002652,1.6503631849549745,-0.9386755690388615,-1.4796155033187977,1.5664739962828893,-1.533787443138932,1.2638209979207158,1.391805731826617,-1.6176766318110172,1.906239377093542,-0.038498701837856086,0.038498701837856086,0.08100891634464058,0.48556717967154034,-0.7607496604707299,-0.7529293915329967,0.17074768163617682,0.7486643522601379,-0.31602725243205054,0.22252452364411668,-0.038498701837856086,0.711687615916113,0.8442661608357547,0.17074768163617682,1.6503631849549745,0.6575093485094528,-0.01842981497960372,0.0326865531439573,-0.1059713889780366,-0.043155359264003046,0.0326865531439573,0.043401057795827015,0.8657691183944044,0.6966730199678142,0.8698947718074611,-0.05196840959693283,0.29459350813480767,0.043538644832258576,-0.038498701837856086,0.038498701837856086,1.6645806243166117,2335816018.020854,0.6426087028875854,0.5714285714285714,0.2222222222222222,0.15079365079365079,0.07021034759957995,0.3366765869029243,0.25739332979718,0.059826825837143716,0.21060724202469094,1.0082993738122186,-0.154124416940972,0.6017085886506285,0.15509340575073316,0.17036364017214756,-0.13565015277899994,0.7531280296836472,0.8008704530092439,0.038140267508575985,0.288187383627722,-0.038498701837856086,0.038498701837856086,0.5091569798981002,0.9047619047619048,0.3492063492063492,1501015701.5244257,21.129407850918383,0.5396825396825397,0.15873015873015872,0.15873015873015872,0.06196116238684719,0.19130475616800813,0.39832988475279674,0.6060758041200117,0.3655594615622413,0.5,0.2851277916068918,-0.31602725243205054,1.2638209979207158,0.30646167480428543,0.3655594615622413,0.12690794481319068,0.6031579863067018,0.03293697273116458,-0.025025877794248363,0.025025877794248363,0.37649143471138924,1597824439.6488008,0.037172835134153814,0.05960502174975273,-0.00010061152558937803,0.05909778675795585,0.07584191240796034,0.25855745312835743,0.5514131406429774,1.0,3.0,1.0,1.0,0.0,63.0,126.0,0.9787965539383562,0.03461574169043713,0.3140587523939451,0.9774074019715426,0.9774074019715426,1.0,0.21508516668324207,0.2702238139471313,1,1,1,1,1,0
yearly_top_future_return_examples,2021-05-31,MRNA,185.00999450683597,1.5704273363837875,2.008292593607089,1.054822510854845,1.117893788192048,1.851132628248254,1.7421074723512198,0.2112739809683728,-0.1428402168535965,0.5596649713150124,0.013552389622785155,0.18152543108974273,-0.31602725243205054,0.09333233864480772,-0.016196160255844916,0.2534085814528643,-0.005429576080138165,0.005429576080138165,0.043179793930962385,0.46413496529910053,-0.3628060571802576,-0.2385036514437593,0.7709389522833852,0.3712909342352321,0.6575093485094528,0.2146721478572673,0.16216908444789724,0.06843376411477631,0.3502155657888448,0.06843376411477631,0.7709389522833852,-0.1059713889780366,0.05874760356021258,0.19507782071252788,-0.154124416940972,0.13073830530564257,0.19507782071252788,0.26900147151601117,0.8337285965498022,0.6952255726792795,0.8698183023743077,-0.09773359170949536,-0.06650097078415285,0.040895169164436695,-0.005429576080138165,0.005429576080138165,0.7709389522833852,2344925140.869898,0.6156728769708081,0.5476190476190477,0.18253968253968253,0.15873015873015872,0.06992377657680242,0.4915180172211837,0.03306912575771792,0.12648433512302648,0.18449758696966279,0.7911202482735742,0.3655594615622413,0.3642410638640687,0.41282931514661225,0.057281342795681756,-0.08463891787549727,0.7251923924918631,0.7992767808880895,0.03665273913690059,-0.0216537696215392,-0.005429576080138165,0.005429576080138165,0.5613975680845729,0.30158730158730157,0.6666666666666666,1443706807.7605474,21.090479815776874,0.5079365079365079,0.1746031746031746,0.14285714285714285,0.060300339034925134,0.10330334182016832,-0.01735660651671478,0.059720468358180165,0.03461574169043713,0.5,0.08026024890184534,-0.31602725243205054,0.6575093485094528,0.04662798614510266,0.03461574169043713,0.11906509595769688,0.5796294409954282,0.029561551477800478,-0.005429576080138165,0.005429576080138165,0.2344698774572691,1577047228.898984,0.1019452607042326,0.04364861885079718,0.05893059181787108,-0.012012244454665533,0.06433951540688532,0.11794164232356508,0.4378652572233013,1.0,3.0,1.0,1.0,0.0,63.0,126.0,0.9762330526507782,0.2700935230764343,0.9112481303838447,1.0360521789404622,1.0360521789404622,1.0,0.25091370924625755,0.32639254919856303,1,1,1,1,1,1
historical_mega100_examples,2021-07-31,LEU,23.190000534057617,0.18942707186120367,0.566891907783561,0.8225323262066316,0.8282554877853183,1.388259571879788,0.0025940931892807217,0.14180212426616134,-0.16414608694066612,-0.15457348399301019,0.1270310187862107,-0.11392480854555664,0.15657313583431098,-0.01999190458967237,-0.12869591402550729,0.22291693754427042,-0.17853344278798566,0.17853344278798566,-0.0028792312098945283,0.9321402767743011,0.48321342925659483,0.5026527362921933,-0.012771359726848841,0.09213082594772823,0.009791381203805516,-0.04202844621620616,0.0004479030271249407,-0.02234396267450478,0.03556226728826924,-0.02234396267450478,0.14180212426616134,-0.03499156609329046,0.023950507959265455,0.01310621024065406,-0.0366972553510756,-0.06678667686159168,0.01310621024065406,0.02214469616308587,0.6361209059674975,1.0222646594143652,0.9303957879670105,-0.3818090954522738,-0.43515177775213465,0.031456317754099204,-0.17853344278798566,0.17853344278798566,0.12300246791520864,2771814.598601205,0.9032478715935469,0.4523809523809524,0.1111111111111111,0.07142857142857142,0.0687859387011908,0.89811229428848,-0.07757699830750675,0.0032112502745469396,-0.05960305395384369,1.1030053486370974,0.15102040992859345,0.10315020543955473,0.0517007408817054,-0.0679794521320467,-0.11495349391843546,0.5918442115499184,1.0987417103941275,0.029526427494671464,-0.09216204649193016,-0.17853344278798566,0.17853344278798566,0.11010058456722072,0.49206349206349204,0.8412698412698413,2503635.6366384597,14.733254887508638,0.42857142857142855,0.07936507936507936,0.07936507936507936,0.0638774472472709,-0.0682381083812128,-0.05419443238159216,-0.1326933697656281,-0.08628836481974245,0.5,0.026567956783766906,-0.08628836481974245,0.15657313583431098,-0.114897763655326,-0.08628836481974245,-0.043040463413697605,0.6502839212852212,0.03110568490536781,-0.10566909906943744,0.10566909906943744,0.048372497930759595,1559930.5812290737,-0.03278276912588729,0.07386187729512941,-0.04951224629128659,0.028609398835583555,0.07989288710224574,0.16179402885583372,0.37746483592235736,1.0,3.0,1.0,0.0,1.0,63.0,126.0,0.6380582524271845,0.24665800696959495,0.6670978420476847,1.443725608618156,1.443725608618156,1.0,0.22473234415647914,0.31250921637604345,1,1,1,1,1,1
yearly_top_future_return_examples,2021-08-31,IONQ,9.989999771118164,,,1.2804676310951508,1.2941737502394537,,-0.11982383829448429,-0.3096061101062124,0.23632225283145092,0.2371826511003926,-0.3102972109145947,0.3112992379026236,-0.2557014333784028,-0.5220308176360815,0.3106081370942413,-1.0907297885036336,-0.3157534582124095,0.3157534582124095,-0.017753189947902204,0.6011970262218524,-0.018448795180722843,-0.017465254383361772,-0.07242345900581981,0.13668976885117382,0.0009284377699640967,-0.021355820149127624,0.1575951032243843,-0.0732838572747615,-0.15177114212893125,-0.3096061101062124,-0.07242345900581981,-0.07421152231460837,-0.009731746876655456,0.0010020269880288701,0.07114229165464225,-0.13813138859916974,0.0010020269880288701,0.00828299899255591,0.283852255040141,0.15381620272584884,0.42618627688297506,0.8741912293314162,0.8874163112957747,0.009531094364181276,-0.21338583298008584,0.21338583298008584,0.008072646310579579,5627962.797380629,0.6892347219439967,0.031746031746031744,0.007936507936507936,0.007936507936507936,0.021712819237746327,0.8786653185035389,0.015976058467082277,-0.02380097600030573,-0.012318842398490903,0.37337501259491845,-0.07202989095550072,0.11298002480373762,-0.06548174338095136,-0.013147497819163023,-0.06892857142857145,0.12097393576039439,0.3609130820701781,0.005170282984203771,0.003925490496249129,-0.0663551449348796,0.0663551449348796,0.008072646310579579,0.6666666666666666,0.36507936507936506,3878987.373763796,15.171084949192501,0.0,0.0,0.0,0.013749130958248033,0.0023411205530396995,0.004232126707912176,0.1616181148184646,0.007056420794945506,0.5,-0.05380261607149334,-0.2557014333784028,0.07114229165464225,-0.03513015157214139,0.007056420794945506,0.0007011794237412605,0.04366107600544367,0.002101562569960456,-0.0029940803667591886,0.0029940803667591886,0.007056420794945506,4293220.409279778,0.0016041693486963382,0.00597026319857057,0.0024081855918010042,0.042186572367086894,0.1391334155871986,0.21242470752986908,0.29395495098294866,1.0,4.0,1.0,0.0,1.0,63.0,126.0,0.3819351621886054,0.0410410267072725,0.5055055361797696,1.384384408465115,1.384384408465115,1.0,0.18615940231576744,0.29492114651244045,1,1,1,1,1,1
yearly_top_future_return_examples,2021-08-31,LEU,28.90999984741211,1.3199689866812445,1.6139239376641932,0.7923327025387958,0.8002564218239104,0.9286190986549694,0.42343676059130253,0.2307364891062298,0.03226047980090341,-0.01193376211223618,-0.06130270532518911,0.37241385488122236,0.009791381203805516,0.01831178157636071,0.08037466044980346,0.3840771237454853,0.0,-0.0,-0.0065709545508948475,1.1181752001941276,0.4345549738219896,0.8808610208290739,0.2188027269939936,0.02286294036722983,-0.03499156609329046,0.20265907620027135,0.20911047701572993,0.2629969689071332,0.23751206166911887,0.2188027269939936,0.2629969689071332,-0.0366972553510756,-0.00673769019603665,0.31111114955603325,0.15102040992859345,0.17197773396883465,0.31111114955603325,0.5083555193960753,0.6007556161015487,1.1069578007943894,1.0187091169750604,0.10751818916734024,0.3806964183899313,0.030279815601959054,0.0,-0.0,0.4000000184731103,2281675.7115485175,1.0087414620709463,0.46825396825396826,0.10317460317460317,0.06349206349206349,0.06339713067366828,0.9838420107719928,0.17853344278798566,-0.02340173568828241,0.17995183320749142,1.0342986726640566,-0.08628836481974245,0.12913989367145323,0.1390859260587496,0.007510523064648611,-0.10807291666666663,0.611995223196617,1.0866279513443184,0.030664591700240006,0.034403757968527016,0.0,-0.0,0.3069619688320966,0.0,0.5079365079365079,2301620.8932392183,14.649124603356725,0.4603174603174603,0.12698412698412698,0.06349206349206349,0.05950707718622645,0.19578105106117727,0.06814973853475603,0.3709080963881584,0.24665800696959495,0.5,0.0415821019729809,-0.08628836481974245,0.24665800696959495,0.20447143460250805,0.24665800696959495,0.19066740489803413,0.6650111156146489,0.03609959728394393,0.0,-0.0,0.29177841517049585,1131632.6150894165,0.1640829395210739,0.05361466366092824,0.12332918009207083,0.042186572367086894,0.1391334155871986,0.21242470752986908,0.29395495098294866,1.0,3.0,1.0,0.0,1.0,63.0,126.0,0.6397034695567096,0.33725354726602585,0.9602213236959996,0.9194051183446827,0.9602213236959996,0.9980694980694981,0.18615940231576744,0.29492114651244045,1,1,1,1,1,0
yearly_top_future_return_examples,2021-09-30,IONQ,10.399999618530272,,,1.588349175678947,1.6500397040685504,,-0.2812716360325437,-0.034354765413838084,0.0764389433255166,-0.0008957098972761646,-0.00742812200371834,-0.019700032648896748,0.0009284377699640967,-0.15857516270713146,0.007226610761222996,-0.12795684873763924,-0.2876712776165461,0.2876712776165461,-0.004594435333336699,1.8375428132062726,10.03566560654248,9.736288363273651,-0.03525047531111425,0.04439287281766303,-0.07421152231460837,0.0235111977842144,-0.09815318854789601,0.04208417791167851,-0.009173687604424607,-0.03525047531111425,0.04208417791167851,0.07114229165464225,-0.001601640329640941,-0.02712815465261509,-0.07202989095550072,-0.03820742854881776,-0.02712815465261509,-0.07843138983698321,0.26848711696767846,2.201105025542074,1.28826999033336,17.634062140391254,18.39882318236003,0.008186841272426125,-0.1289782257935047,0.1289782257935047,0.04944498271068287,8361086.750532332,1.5106000171205698,0.031746031746031744,0.015873015873015872,0.007936507936507936,0.01854748328698027,4.671506875661121,-0.06262308085862511,0.022073583201491775,0.029866081419032575,2.9322636552472887,0.007056420794945506,0.05895523652048801,0.048387050256521125,0.031102889728738425,1.7718774369020673,0.34588389558058286,1.708574322198178,0.00832483655901028,0.060356953018334325,-0.1289782257935047,0.1289782257935047,0.04944498271068287,0.047619047619047616,0.6984126984126984,12630257.78850071,16.351605984100978,0.06349206349206349,0.031746031746031744,0.015873015873015872,0.018379207742296167,0.02094237284062861,0.11659643868567793,0.0694470816102728,0.0410410267072725,0.6666666666666666,-0.004345539390547455,-0.07421152231460837,0.07114229165464225,0.09787261696869154,0.0410410267072725,0.010346293887837366,0.5909683424508597,0.017495077291447635,-0.1289782257935047,0.1289782257935047,0.043129321964362255,30262291.26027879,-0.01664149054245645,0.05329672647348913,-0.06542058477582013,-0.05683159026141904,0.011079273896202668,0.12422039729329337,0.295266636569834,1.0,4.0,1.0,0.0,1.0,63.0,126.0,0.4374468085106383,0.44615389553047713,1.2903846700515995,0.6057693630280632,1.2903846700515995,1.0,0.26768108276121666,0.3607363751364624,1,1,1,1,1,1
yearly_top_future_return_examples,2021-12-31,OXY,27.10150146484375,0.4029126884449403,0.6771099445393156,1.019866178086414,1.0607118115198741,0.09019582027173056,0.11791293428904237,-0.07223947504747841,0.20151456332355533,0.1837747361747084,-0.05366558004555688,0.03403837996673509,-0.1653341487235761,-0.1974256792811615,0.052612274968656614,-0.14298420383177268,-0.1798804930116359,0.1798804930116359,0.01973120769610781,0.9016379799827027,-0.548071960672898,-0.5569420427220007,0.11153526112723,0.11157656142371318,-0.01570903966006032,-0.014962144874779648,-0.08816410618290504,0.12927508827607692,0.05619029145194284,-0.07223947504747841,0.12927508827607692,0.15188333291873302,-0.027311108637466552,-0.019627200078821794,0.13353604088134108,-0.13248376165956577,-0.019627200078821794,-0.04506487362063257,0.5052269629201236,0.8031865867479384,0.8620524139102969,-0.5828023638568596,-0.5919563988838474,0.024830289118701977,-0.1798804930116359,0.1798804930116359,0.3216889946563142,431347033.4734311,1.05636194392129,0.30158730158730157,0.0873015873015873,0.06349206349206349,0.04085265275221168,0.5506060189056727,-0.01839853062945218,-0.08830323750653057,-0.06643227395314288,0.8810521823254884,-0.1157171798378912,0.12819505248116028,-0.13511986865550052,-0.0744950774088472,-0.3922790586816777,0.4355321229578606,0.9317143294160721,0.020995479367029123,-0.049522717920911896,-0.1798804930116359,0.1798804930116359,0.07449988539619312,0.7301587301587301,0.12698412698412698,455658590.78467536,19.937254384834585,0.2698412698412698,0.031746031746031744,0.06349206349206349,0.039066952876238445,-0.01847767982978099,-0.02648412760222163,-0.05407141861076136,-0.021941723140174063,0.3333333333333333,-0.005547119593604599,-0.1653341487235761,0.15188333291873302,-0.03346508167552853,-0.021941723140174063,-0.007974260516620313,0.40579151988084133,0.01934559323213397,-0.0681417086469861,0.0681417086469861,0.07449988539619312,349342450.58945245,0.007541904608964645,0.04030947901588631,-0.009498350819750812,0.011523358535354467,0.11285656158074397,0.1251862042336831,0.2741972560943753,1.0,3.0,1.0,1.0,0.0,63.0,126.0,0.898742746615087,0.2994134981566603,0.5084507050183433,0.9618976490380176,0.9618976490380176,1.0,0.1811523620077466,0.2630159441369882,1,1,1,1,1,0
yearly_top_future_return_examples,2022-02-28,EQT,21.73957252502441,0.19899305547980917,0.3082774644447055,1.0907700740090551,1.1132041863705693,0.11466725005674627,0.26559306605207644,0.26973547523409125,-0.10076254670065454,-0.13218628169278723,0.060010719084348185,0.13784082371033812,0.11620269474349332,0.3548049215464363,-0.07188393243940494,0.5464999152997134,-0.056194054198181353,0.056194054198181353,0.020211924712556728,0.9627408424082102,0.6560656792536015,0.9837208288632564,0.13754919354130402,0.06905765104391919,-0.02688149077289248,0.08912577583008008,0.08140038243759584,0.1689729285334367,0.19208586576961065,0.13754919354130402,0.26973547523409125,-0.02410867559920926,0.03189046241903393,0.1978515427946863,0.12249127711451147,0.31612155788750473,0.1978515427946863,0.43108851355557176,0.4935691071171749,0.7935907060689462,0.9298759618647939,0.8617317687402883,1.039078198872756,0.02418338661273941,-0.056194054198181353,0.056194054198181353,0.2851605289705801,165269374.3017681,0.9698591137655573,0.30158730158730157,0.07142857142857142,0.03968253968253968,0.04463693507036314,1.178589297475457,0.08208641302637709,-0.0036469441885477183,0.05447293645250251,0.9917669926727044,-0.02567633726124896,0.07551402084440037,0.06713661586208186,0.009579250165372866,0.6454259521620225,0.4589580482273305,0.8534371664769802,0.022917663596180783,0.060961077794659424,-0.056194054198181353,0.056194054198181353,0.2676605340818572,0.49206349206349204,0.9523809523809523,160288008.89290097,18.892482816859015,0.31746031746031744,0.047619047619047616,0.031746031746031744,0.044170450864708444,0.06333957128447376,0.10744401847505336,0.24319844799334453,0.09525885152213243,0.5,0.04288105329113109,-0.02688149077289248,0.12249127711451147,0.14001871448835368,0.09525885152213243,0.047477929796967855,0.39169185621093816,0.020187305221852817,-0.011955653546889433,0.011955653546889433,0.10095804761250204,201214113.76816887,0.022129901070357727,0.041639738790859845,0.03701711154201104,-0.04475986296622125,-0.11827001509281843,-0.08506944631234503,0.10928440896489633,1.0,3.0,1.0,1.0,0.0,63.0,126.0,0.7166344294003868,0.48703525777832346,0.7178044143091866,1.0693072529717806,1.0693072529717806,1.0,0.1644127289561667,0.21234849727304958,1,1,1,1,1,1
yearly_top_future_return_examples,2022-05-31,LEU,25.59000015258789,0.23293363710050918,0.16054426476248973,0.8142947705465838,0.8321848847652477,-0.11483914605144518,-0.5484383098743244,-0.5388358374745151,0.12778864997745076,0.051558743321503675,-0.184177345676114,-0.2505476401019835,-0.10055868917409028,-0.3235989899729178,0.10411085169641765,-0.5398596624221411,-0.7010164593118551,0.7010164593118551,-0.1390349511082446,0.9485817199459702,-0.4242424242424242,-0.6745386281752683,-0.48727709415301146,0.06429002222316012,-0.12943296141499816,-0.28505373486598196,-0.23210593513441646,-0.41104718749706437,-0.47905337304153034,-0.5388358374745151,-0.41104718749706437,0.04188721893824643,-0.1918204821341406,-0.4347249857780975,-0.25557763591407245,-0.32475159928950437,-0.4347249857780975,-0.4103213060274652,0.998103535013095,1.2231805355511838,1.0614876356363365,0.0,-0.07817003092227115,0.046370446606685836,-0.5690468222923504,0.5690468222923504,0.3735910523538044,7844528.441277761,1.0592952680941974,0.5634920634920635,0.19047619047619047,0.1984126984126984,0.0974783187233481,0.8318013834928456,-0.043591806538903266,-0.20029654853705636,-0.11690408100877547,0.6125390122295589,-0.17626113945344324,0.09989087653704712,-0.240652831654244,-0.23342994490338143,-0.16669831023352943,1.0594745615013197,1.1523266917922375,0.048689500584484756,-0.2159491174624425,-0.48593811209110405,0.48593811209110405,0.3735910523538044,0.9047619047619048,0.19047619047619047,8309671.858275883,15.932930798821568,0.5555555555555556,0.19047619047619047,0.20634920634920634,0.10414786971142252,-0.018324097827485453,-0.15214517505643665,-0.06402861805887856,-0.07817003092227115,0.16666666666666666,-0.11635220632343814,-0.25557763591407245,0.04188721893824643,-0.062304024534859725,-0.07817003092227115,0.06914561160496735,1.2208608164928472,0.05346489418892648,-0.16098360155449543,0.16098360155449543,0.3735910523538044,5057533.994311378,0.06452016379887038,0.08474294130343049,0.049372594461546404,-0.015866006387411424,-0.10997338648859312,-0.21523684750159733,-0.07238937233801945,1.0,3.0,1.0,0.0,1.0,63.0,126.0,0.642953667953668,-0.03282532815862227,0.2954279534276001,0.9464635043487399,0.9464635043487399,1.0,0.1303476220368002,0.19119129626906278,1,1,1,1,1,0
yearly_top_future_return_examples,2022-06-30,ASTS,6.28000020980835,-0.30986760232446486,-0.5146831210621781,1.2755604477567053,1.2920223567873415,-0.41959330989515586,-0.36947789299640166,-0.20906798935127746,0.0960736782610957,0.3012419388831644,0.2569268854300246,-0.6276683185101788,-0.27581864501737907,0.08421833226350506,-0.1616734437288767,-0.20458380550379593,-0.5358462428861217,0.5358462428861217,0.022281074815775792,0.5850151491809171,-0.43268327067669177,-0.6430110879163609,0.09217394953188696,0.15387812957196018,0.2313043345575747,-0.2044439419269517,-0.31757160967050535,-0.11299431109018176,-0.07662945030319075,-0.20906798935127746,0.09217394953188696,0.4096044703079964,-0.14837004000199616,-0.37074143308015417,-0.24549092633314695,-0.14532853677713864,-0.37074143308015417,-0.45937797629711163,1.0219185669972217,0.6361487273295787,0.7897409617790394,-0.23555485198670256,-0.42299088149042174,0.04390065084984705,-0.4270072821213128,0.4270072821213128,0.22417155355029883,11651692.580104252,0.5742509499271502,0.5476190476190477,0.14285714285714285,0.19047619047619047,0.0835749026368222,0.6311318288751415,-0.16611177010532507,-0.07658941123383922,-0.14876310820491878,0.6684009466589426,0.1049136073046637,0.29280507881920687,-0.16600265141716575,-0.11238028697320124,-0.1522120786516854,0.8070509519602436,0.8055156793393806,0.040658361690920755,-0.14913782137165543,-0.4069877130007691,0.4069877130007691,0.02782325246794448,0.9682539682539683,0.14285714285714285,6690995.532383994,15.716273379514034,0.5238095238095238,0.14285714285714285,0.19047619047619047,0.08032294751815126,-0.11939982096669854,-0.16597617263757036,-0.3771653564858169,-0.24519225478877493,0.5,-0.0034465689948443567,-0.27581864501737907,0.4096044703079964,-0.1561134559272862,-0.24519225478877493,-0.08424771652000118,0.6500921958297494,0.033658141889345405,-0.2814644880700141,0.2814644880700141,0.02782325246794448,5403286.143348331,-0.028465319236795517,0.0749886227807643,-0.02514745274734076,-0.08907879886148873,-0.22541289630301553,-0.2932863216147825,-0.2048155187377132,1.0,4.0,1.0,0.0,1.0,63.0,126.0,0.6331968219251457,0.11942674760243177,0.9140127478006077,0.149681456843771,0.9140127478006077,0.9961538461538462,0.2523515255425068,0.3432335930203661,1,1,1,1,1,0
yearly_top_future_return_examples,2022-06-30,FSLR,68.12999725341797,-0.0424500248994133,-0.2472655436371265,0.9009594910132122,0.935740559569944,-0.2862979477599863,-0.34237453420005026,-0.21833416256456883,0.12323516435705595,0.08756100156457891,-0.03923824752920024,-0.14717208216469735,-0.10073435107608075,0.07495215905021368,0.03192383287067124,-0.4324029664325684,-0.4375928875954761,0.4375928875954761,-0.02934037890297525,0.852062940339578,-0.5329775405826107,-0.6200353512170611,-0.13077316099998992,0.06341198706349735,-0.03942327693505854,-0.05929886647132254,-0.13438525215408126,-0.09509899820751289,-0.14806877392402387,-0.21833416256456883,-0.09509899820751289,0.11223265832766804,-0.06580639813211653,-0.1864103296938976,-0.12789586049304624,0.03900256660911794,-0.1864103296938976,-0.3886510775157068,0.5049321570707059,1.0511950457318735,0.94989820815823,-0.2647903101589302,-0.29061275008380194,0.02412320552652419,-0.23086480192944958,0.23086480192944958,0.10960904821317463,116859098.46459647,0.8587222578256708,0.30952380952380953,0.07936507936507936,0.06349206349206349,0.04347327042584888,0.49499163308114735,-0.023757450579027006,-0.02431136360609165,-0.01477907676589929,0.9136852035428062,-0.03313704244003568,0.08320830420020496,-0.06709573610547559,0.00780144781562675,-0.3700407934730443,0.4796341512429335,1.1066396764449629,0.022820864679483705,0.010650498891775273,-0.18902516937282676,0.18902516937282676,0.10960904821317463,0.9682539682539683,0.5238095238095238,100349508.88099065,18.424169749098937,0.2698412698412698,0.031746031746031744,0.06349206349206349,0.042202107583780346,-0.0006258966279333311,0.006093792489678895,-0.06617130779397057,-0.03512255113293428,0.16666666666666666,-0.03734673729158124,-0.12789586049304624,0.11223265832766804,0.05395624772855445,-0.03512255113293428,-0.004907576928718904,0.5307821819434343,0.02553715948668607,-0.09075140830191752,0.09075140830191752,0.09975781136996531,104803617.9221017,0.005564307513239886,0.04530204947100479,-0.008037068802627556,-0.08907879886148873,-0.22541289630301553,-0.2932863216147825,-0.2048155187377132,2.0,6.0,2.0,1.0,1.0,63.0,126.0,0.6013307072555627,0.45559962082590766,0.8721562922910411,0.9414356319502886,0.9414356319502886,0.9980769230769231,0.2523515255425068,0.3432335930203661,1,1,1,1,1,0
yearly_top_future_return_examples,2022-06-30,LEU,24.75,0.17999285594816994,-0.02482266278954326,1.0377053238583411,1.071615231277738,-0.3598034118549859,-0.5539737024444104,-0.5041073917918812,0.05082706817207994,0.07372763495446455,-0.3247845949515298,0.05920594331001583,-0.12943296141499816,-0.21082107017709872,0.2385287401503673,-0.4996101376123165,-0.7108306921489702,0.7108306921489702,-0.09625652095054005,0.8190309667326187,-0.34899615548910723,-0.521888878727752,-0.4303797568374167,0.03773502125325691,0.04188721893824643,-0.23487368330170888,0.048343595218635516,-0.4532803236198013,-0.46258915741636636,-0.5041073917918812,-0.4303797568374167,-0.25557763591407245,-0.0827535701299934,-0.26557865164151395,-0.17626113945344324,-0.04016575533849842,-0.26557865164151395,-0.24542644181910836,1.0090015270728043,1.232082335150272,1.0724572440606557,0.041695146958304896,0.007501161918154198,0.04857494589746615,-0.5304496218955377,0.5304496218955377,0.3285024753045436,7403085.143693288,0.7972494012757685,0.6031746031746031,0.20634920634920634,0.1984126984126984,0.09666505535184189,0.8565807962529275,0.1736291053040382,0.01888674652911959,-0.06883474512313681,0.783563247252378,-0.07817003092227115,0.10569163218498985,-0.10842940216370023,0.1622728272367473,0.02741573033707856,1.0821109969774927,1.148840517394639,0.05170526388840785,0.10769999318911738,-0.31230900678706586,0.31230900678706586,0.3285024753045436,0.7777777777777778,0.5238095238095238,5902105.19840301,15.590819827952927,0.5873015873015873,0.2222222222222222,0.20634920634920634,0.09406370680658867,-0.06814759169982487,0.08127614059385402,-0.026404474097294593,-0.03282532815862227,0.16666666666666666,-0.10506331282086014,-0.25557763591407245,0.04188721893824643,0.05625347070286646,-0.03282532815862227,-0.11032028640547908,1.2431729576460513,0.06499616674880097,-0.28281654002409085,0.28281654002409085,0.012269907063368057,6470549.776286171,-0.0705272669303676,0.10386724871130386,-0.06136225836790621,-0.08907879886148873,-0.22541289630301553,-0.2932863216147825,-0.2048155187377132,1.0,3.0,1.0,0.0,1.0,63.0,126.0,0.6433332589401954,0.33939400104561246,1.012525308011758,0.655757557262074,1.012525308011758,1.0,0.2523515255425068,0.3432335930203661,1,1,1,1,1,1
yearly_top_future_return_examples,2022-11-30,SOUN,1.2799999713897705,,,0.7179966946423558,0.9696262795269796,,-0.8030769274784968,-0.8333333333333334,0.19904761087326783,0.3109452510593539,-0.6289062541230428,0.07802906613057248,-0.6510416501744958,-0.7884785107950387,0.28245614534086305,-0.577522080232572,-0.9145527362814136,0.9145527362814136,-0.08549293178459683,0.9417233750595088,2.1985630306988897,0.4365476227308118,-0.5223880822739795,0.15749496416813633,0.3059701167227944,-0.5772438371746254,-0.03279082990807136,-0.6342857224600655,-0.6633357126891261,-0.8333333333333334,-0.5223880822739795,-0.18571431296212337,-0.16910999846869113,-0.5508771879924703,0.15087722145472826,-0.5328910066529075,-0.5508771879924703,-0.506234920974037,1.4429462731498413,0.651365871059653,0.7541409564159186,2.3772413793103446,0.5951545417133852,0.060811361543194435,-0.8389937104277632,0.8389937104277632,0.0,2190590.489276818,0.40661034012644937,0.6666666666666666,0.15079365079365079,0.2857142857142857,0.12322663587267595,1.754253985312556,-0.3638676952840745,-0.3361571621178068,-0.5143236671997015,0.8063107047487188,-0.17378046896789545,0.37107305532290086,-0.609756102879653,-0.43999377845633847,0.7474723444748426,1.0881848824900067,0.8637189977789991,0.05510213067481994,-0.4434874337358541,-0.6743002672654026,0.6743002672654026,0.0,0.5079365079365079,0.0,890716.743922612,13.699782870544777,0.6507936507936508,0.15873015873015872,0.2857142857142857,0.11377979705057435,-0.3987317132081897,-0.49152541419957463,-0.5614248096086095,-0.5276752939586669,0.3333333333333333,-0.18022739798094314,-0.6510416501744958,0.3059701167227944,-0.5831169640347851,-0.5276752939586669,-0.28888890478346096,0.9398859561025265,0.05406299764870554,-0.509578535311483,0.509578535311483,0.0,1041809.0868688765,-0.19140873789028867,0.206138377827093,-0.07246380166781041,0.05544167007611822,-0.017986181339562868,-0.04485482253829465,-0.25043725944150586,1.0,4.0,1.0,0.0,1.0,63.0,126.0,0.6475915221579962,0.3828125160071072,0.554687542200555,1.3359375596628538,1.3359375596628538,1.0,0.15714407415036066,0.20589974365485034,1,1,1,1,1,1
yearly_top_future_return_examples,2022-12-31,CVNA,0.9480000138282776,-0.653780409525564,-0.9795504556089494,1.1277097649869972,1.2056881366386147,-0.9602648997522717,-0.8389945631817737,-0.7900797039259242,-0.06624039205724674,-0.04731308745757101,-0.10097428521409846,-0.6655281711432626,0.29096549814808514,-0.7441152271340988,0.023577247568563164,-0.4508315776735457,-0.9802195042401755,0.9802195042401755,-0.20157014539992169,1.4369058813953528,0.08031602750135036,-0.7477488612206611,-0.8373927913834952,0.03411881358838655,0.1317324418414061,-0.7620876018345791,-0.16807964164331302,-0.8563200959831709,-0.8279308637641968,-0.8563200959831709,-0.7900797039259242,-0.3846620320908948,-0.45335982765793736,-0.766502456357361,-0.33349750547217627,-0.7652208200115418,-0.766502456357361,-0.395275928536823,1.7524941531447769,1.22457208827318,1.1065132166987466,-0.31103417271437495,-0.5764334692832678,0.07676437256754087,-0.9131709109161815,0.9131709109161815,0.2741935367576789,263267895.8337508,0.6979621920964689,0.7222222222222222,0.23809523809523808,0.2857142857142857,0.12344579879407358,0.9891974359977422,0.021427600934529334,-0.45520655778069585,-0.4294243595001125,0.24020955299669008,-0.43015520908013516,0.3127189303440281,-0.6496674122606882,-0.4429013188545713,-0.14666499540805622,1.9391579426419727,1.1066944974472688,0.08422514076807523,-0.44631089109482813,-0.7962166758525131,0.7962166758525131,0.2741935367576789,0.9682539682539683,0.047619047619047616,183751037.68474954,19.029092348747362,0.7142857142857143,0.23809523809523808,0.3333333333333333,0.13843507092198695,-0.19227491099017147,-0.46153846272597054,-0.1794986356900359,-0.3852140208673457,0.3333333333333333,-0.18513847125351013,-0.43015520908013516,0.29096549814808514,-0.29507694562094045,-0.3852140208673457,-0.04319740153586993,2.1460554248030377,0.08822953659382297,-0.416974177992954,0.416974177992954,0.2741935367576789,125666630.39861263,0.10618437342603237,0.12383967762761877,0.13997115869136056,-0.09013707524640524,-0.001281636345819237,-0.04596447679182536,-0.32577004608338533,1.0,3.0,1.0,1.0,0.0,63.0,126.0,0.8138728323699422,1.1455695044534036,0.9873416838098135,1.0654007554071252,1.1455695044534036,1.0,0.30363750891176866,0.3832715510593854,1,1,1,1,1,1
yearly_top_future_return_examples,2022-12-31,MSTR,14.156999588012695,-0.4142251926387229,-0.7399952387221083,0.9146426465582949,0.9924843787317588,-0.7088953858180518,-0.4651479216644584,-0.13834453286327963,-0.25028046696168516,-0.36675932148639323,0.29190501752253173,-0.6249399887860501,0.7410834065083425,-0.09238005607145428,-0.1946904384002387,-0.14149744691112964,-0.7464084918525471,0.7464084918525471,-0.07811557296137539,0.8328178256492365,0.7558662006989516,0.1711013510065933,-0.5051038543496729,0.18740332422839018,-0.19051949211426777,-0.3596627037292691,-0.09595059727158584,-0.3886249998249648,-0.34402446234597245,-0.5051038543496729,-0.13834453286327963,-0.08334774113533039,-0.07589663770371324,-0.33303497126351833,0.26029396316874376,-0.3317533349176991,-0.33303497126351833,-0.3508824080985849,0.9777175198798446,0.6338212798805826,0.9707666495932057,0.06382335148215357,-0.23971191190620134,0.045063064298260604,-0.5987699969155054,0.5987699969155054,0.036156003611161,142283770.08433568,0.8420675295469167,0.5873015873015873,0.18253968253968253,0.15873015873015872,0.07804373861109583,1.1499100866437797,-0.20186436359722437,-0.16473040411510753,-0.2872814364594959,0.6277888201539479,-0.25950430181954987,0.4008473016298461,-0.47078614336964797,-0.07852001599540759,0.22936207398776576,0.9491355610223352,0.6529079672712097,0.04278335014166773,-0.10224700848294865,-0.4943748237342587,0.4943748237342587,0.036156003611161,0.6825396825396826,0.015873015873015872,119812542.76953803,18.60143894408703,0.5555555555555556,0.15873015873015872,0.1746031746031746,0.07971817463634781,-0.20527758951317543,-0.2067892784167934,-0.4604255548712421,-0.2853248736883428,0.3333333333333333,0.030446826819932566,-0.2853248736883428,0.7410834065083425,-0.19518779844193757,-0.2853248736883428,-0.20481929956771483,0.6196981698119121,0.030772322986575274,-0.31588869136013664,0.31588869136013664,0.036156003611161,85210278.51386297,-0.1008917002678944,0.07888578821306284,-0.025939206471053522,-0.09013707524640524,-0.001281636345819237,-0.04596447679182536,-0.32577004608338533,1.0,4.0,1.0,0.0,1.0,63.0,126.0,0.7435452793834297,0.7781310354072737,0.8525817649273919,1.0648443315421203,1.0648443315421203,0.9980806142034548,0.30363750891176866,0.3832715510593854,1,1,1,1,1,1
historical_mega100_examples,2023-03-31,CVNA,1.9579999446868896,-0.8099590909564347,-0.9179310939321642,1.8350989081161073,2.172510015823219,-0.5664304619133166,-0.703243417706818,-0.5177339969747853,0.7875134226890784,0.24131118833529275,-0.766502456357361,1.8319032117644862,-0.33349750547217627,-0.7232881204437974,1.5831347523819104,-0.2720843175399166,-0.92636883219219,0.92636883219219,-0.16804046179513232,1.9565239231567926,0.14380868445137462,1.3624233209070988,-0.27642280863949253,0.40347353513878415,-0.43015520908013516,0.2451351606218215,0.4737252826391596,0.26977942571429314,-0.17479245996666157,-0.5177339969747853,0.26977942571429314,-0.3852140208673457,0.1580259678348126,1.0654007554071252,1.1455695044534036,0.8582995671822025,1.0654007554071252,0.5779254397091255,1.902843947993549,0.6168508388550126,0.9688086661081122,-0.33263782447466006,-0.30642508397560075,0.08298269322425808,-0.5791057683664054,0.5791057683664054,1.6317202933541863,222692490.61189118,1.1630482777098672,0.7222222222222222,0.2777777777777778,0.30158730158730157,0.14554556230043014,0.571197227255447,0.025605535732715068,-0.1575874886850186,0.043554237356867365,0.7883094163846457,-0.07374630386718695,0.5939220498168764,-0.037364787707822145,-0.2830332060112718,-0.5962665911556378,1.8434917070675243,0.6367106947267711,0.08184009423646994,-0.16248457291543372,-0.3224913932133535,0.3224913932133535,1.2199545126019555,0.6190476190476191,0.9206349206349206,259002117.66508082,19.37234679980441,0.7301587301587301,0.3333333333333333,0.25396825396825395,0.15241598394314093,0.14342440436236648,-0.07308895038058516,0.033463202911482304,0.03927813331408081,0.3333333333333333,-0.006294233586559968,-0.43015520908013516,1.1455695044534036,-0.05564917461282959,0.03927813331408081,0.22031782028685853,1.1737708855300046,0.061434623821991385,-0.029732381628063465,0.029732381628063465,0.43338203809303866,105835675.05310547,0.20211195123848236,0.10540639453398341,0.18037131523246486,0.0949273079269104,0.20710118822492274,0.20555412346901214,-0.10797200297572951,1.0,3.0,1.0,1.0,0.0,63.0,126.0,0.8611315148383287,-0.29111335513032843,0.3197140876525595,1.6475996740070284,1.6475996740070284,0.9980842911877394,0.23272511796201328,0.35365434378958654,1,1,1,1,1,1
historical_mega100_examples,2023-03-31,QBTS,0.6639999747276306,-0.8248894781488965,-0.932861481124626,1.2682716880760312,1.5239874949223842,-0.9329969742733117,-0.9005988036241053,-0.91562897275945,0.19938965612825577,0.1438076515027138,-0.8170266736772434,0.27813774891519005,-0.6302414068429223,-1.1211830962284621,0.3767400479973967,-0.7447898554505082,-0.9464516132939743,0.9464516132939743,-0.39452247774200055,2.7317475756771894,7.332132853141257,2.8420387389373856,-0.7718213212567362,0.10289657820668272,-0.19587634187256897,-0.5404717261184179,0.21919897230295826,-0.7162393166311942,-0.8012298702157935,-0.91562897275945,-0.7162393166311942,-0.3846153375900221,-0.3017761080050224,-0.5388889247620533,-0.13194447893787176,-0.745990112986976,-0.5388889247620533,-0.38537685963081,1.2293789530814765,1.0858913472039813,1.137438308154047,1.5047515938890892,1.3930287944714008,0.05692086173712334,-0.9188264119858903,0.9188264119858903,0.3441295365817183,1470294.8105447823,1.579083385699593,0.6587301587301587,0.12698412698412698,0.30158730158730157,0.11746480071447805,2.315570959909551,0.11723809539595953,-0.3903621278702252,-0.22944811089579853,0.3073865428146613,-0.4440000057220459,0.21959207029801361,-0.46880002021789546,-0.40234776149484486,0.34799309451877414,1.398342716473188,0.9546815325450737,0.06215853035047293,-0.3262866510437046,-0.6047619074650634,0.6047619074650634,0.3441295365817183,0.8412698412698413,0.14285714285714285,2321718.1074115965,14.657818463815522,0.6666666666666666,0.12698412698412698,0.30158730158730157,0.1113915912851702,0.021800424078410874,-0.2163311622562637,-0.03341219453329751,-0.04460434307747785,0.0,-0.30521365234048486,-0.6302414068429223,-0.04460434307747785,-0.13953165100438825,-0.04460434307747785,0.1390341840512248,1.3349719675858647,0.05700754062687257,-0.16161618898284902,0.16161618898284902,0.3441295365817183,490179.75736544246,0.2401941995919199,0.07885113568845298,0.20115769730695465,0.0949273079269104,0.20710118822492274,0.20555412346901214,-0.10797200297572951,1.0,4.0,1.0,0.0,1.0,63.0,126.0,0.6454756016536247,-0.2515059823227338,0.8975904193070223,2.147590351982496,2.147590351982496,1.0,0.23272511796201328,0.35365434378958654,1,1,1,1,1,1
historical_mega100_examples,2023-04-30,CVNA,1.3880000114440918,-0.9178943656168238,-0.8802622489190334,2.0230770299653043,2.3736255635193495,-0.761921092691583,-0.6581280711807487,-0.4870657925122295,0.9512008043240716,0.3871954693313733,-0.24833708333028626,-0.06926367079450768,-0.43015520908013516,-0.6521411633862548,0.16946503838743554,-0.26011829135757747,-0.8921857965636463,0.8921857965636463,0.0016945960432690477,0.829408540421866,-0.8763729495884156,-0.9156369940293587,-0.0998703231808562,0.47833135647403274,-0.3852140208673457,-0.12383693271038776,-0.18529908812771634,0.46413501181184214,-0.04093370129374785,-0.4870657925122295,0.46413501181184214,1.1455695044534036,-0.07056768933283475,-0.31760075412479394,-0.07374630386718695,-0.41412982723467373,-0.31760075412479394,-0.21703875501730324,1.8724780559267686,0.5132913359184226,0.7814973300767375,-0.3902455287685036,-0.5677531986944238,0.08046462076231042,-0.5458115137293916,0.5458115137293916,0.8655913689912771,202693778.08031937,1.1506603488054765,0.6984126984126984,0.25396825396825395,0.29365079365079366,0.14261538218338704,0.3592554815259952,-0.19723180365133497,-0.03612755089868469,-0.19504499735871839,0.632154279355624,0.03927813331408081,0.5894874985031792,-0.26326961098856594,0.07249520270138499,-0.4114701150110244,1.4633366013340496,0.6568049770151114,0.06648075040089282,0.0317154646914497,-0.5197231968646885,0.5197231968646885,0.01610538380022608,0.9206349206349206,0.5079365079365079,233231693.38660014,19.267542913954298,0.6666666666666666,0.25396825396825395,0.2857142857142857,0.13437174120062184,-0.1750861720351341,-0.04239654614463262,-0.3028875757042239,-0.29111335513032843,0.3333333333333333,0.0007697914704146899,-0.43015520908013516,1.1455695044534036,-0.29619221592001566,-0.29111335513032843,-0.19810502892089044,0.9611267628045818,0.0484996247062707,-0.29111335513032843,0.29111335513032843,0.0,85928592.94696365,-0.13627877603379357,0.11106422436002801,-0.08006362274343215,0.005078860789687223,0.09652907310987979,0.16507537087402535,0.03763211669779043,1.0,3.0,1.0,1.0,0.0,63.0,126.0,0.8432804887051528,0.8616715340929977,2.7348702972021544,5.621037107068836,5.621037107068836,1.0,0.3074900152991321,0.48304854589883356,1,1,1,1,1,1
historical_mega100_examples,2023-04-30,IONQ,5.510000228881836,-0.33750501263107835,-0.2998728959332879,1.2567221637439518,1.3145377049199436,0.020370394735505837,0.08678501820962992,-0.06451606896733175,0.6616175625111295,0.13234560226572156,-0.24617993924171555,0.4871709657894091,-0.12393888550443344,-0.2295914398413571,0.3055070955150253,-0.07606074591305954,-0.3424820819051454,0.3424820819051454,0.050842311765177506,2.0961039713102716,0.06190533542093224,0.3178149923004956,0.06782953329838981,0.3500909323219377,-0.33139531982467174,0.1382886848370113,0.03811394676235769,0.5971014935437977,0.2001383192916186,-0.06451606896733175,0.5971014935437977,0.2869565205372724,0.1277446862274323,0.24099102654769355,0.06756750225933827,0.14446195343781376,0.24099102654769355,0.27112118798794926,0.8482176738192416,1.2137487697395972,1.047924744662476,-0.9213142551166111,-0.9295026885212906,0.037878584679057845,-0.22065062304135097,0.22065062304135097,0.7774194833515378,19311270.2824831,1.31821006508698,0.4603174603174603,0.1111111111111111,0.14285714285714285,0.06705402702281592,0.3431147239728027,-0.22065062304135097,0.2019138141167971,0.0178446390599607,1.0471818124316634,0.2974684372013481,0.2489904409453959,0.16244736180272623,0.3026574424110662,-0.7912114801717606,0.8888682892552281,1.1582403945719701,0.03910743484734148,0.22884338516019453,-0.22065062304135097,0.22065062304135097,0.24099102654769355,0.2698412698412698,0.9682539682539683,25456310.855984308,17.052474280269717,0.4126984126984127,0.12698412698412698,0.12698412698412698,0.07004748164367956,-0.053210350443161025,0.12728013013576045,-0.10108079309469764,-0.10406501732702156,0.5,0.015432206223638667,-0.33139531982467174,0.2974684372013481,-0.10914387811670878,-0.10406501732702156,-0.12525795449663213,1.0295231580694875,0.04006832270552518,-0.22065062304135097,0.22065062304135097,0.08464573063656267,43183938.20870944,-0.07223436461510269,0.06707284899471555,-0.009349145762804767,0.005078860789687223,0.09652907310987979,0.16507537087402535,0.03763211669779043,1.0,4.0,1.0,0.0,1.0,63.0,126.0,0.643926804960874,0.9582576249806583,1.4555352397357129,2.493647767761794,2.493647767761794,0.9942528735632183,0.3074900152991321,0.48304854589883356,1,1,1,1,1,1
historical_mega100_examples,2023-04-30,PLTR,7.75,-0.2924397816719907,-0.25480766497420027,1.3624641611080965,1.4229845499422262,-0.25120775706681875,-0.04674048082311122,-0.11831626466057277,0.3254813593491416,0.1516495979939062,-0.11490327149350277,0.11104720349873232,-0.1467576754779737,-0.2833916355345981,0.11446019666580232,-0.1795793076148544,-0.3231440935283827,0.3231440935283827,0.0192086359273691,0.8413411107175977,-0.39185047823540897,-0.3941955441423204,0.03333333333333344,0.16286661061092392,-0.14399998982747397,0.005931752622145625,-0.1185289477765109,0.2071650946885688,0.040727387787109826,-0.11831626466057277,0.2071650946885688,0.21183802450972666,0.021284010189897673,-0.0038560679947704513,0.00771207469941948,-0.10038514110465024,-0.0038560679947704513,-0.005450133398063089,0.6588524381346145,0.6135141297823221,1.0738642725118828,-0.04777113865244431,-0.12665398319277044,0.0300440487314314,-0.23343221927001367,0.23343221927001367,0.29166666666666674,286449121.90936744,1.174940512176035,0.38095238095238093,0.0873015873015873,0.07142857142857142,0.05042303402313196,0.8057595820617597,-0.06923836132900507,0.0011347564948569477,-0.05547701180966502,0.7939799842583518,0.07780607714349252,0.14082338196182786,-0.01147961107605111,0.027253546840497522,-0.11022630723426341,0.707518094170108,0.5713144067520258,0.030211946762413965,0.0013515131694026294,-0.23343221927001367,0.23343221927001367,0.05442178238877515,0.7936507936507936,0.5396825396825397,336560678.0085677,19.634289014740844,0.38095238095238093,0.09523809523809523,0.07936507936507936,0.04971363151224987,-0.058818765934006034,-0.04020592959105984,-0.20494083235919647,-0.08284021598410107,0.5,-0.012706950822818345,-0.1467576754779737,0.21183802450972666,-0.0879190767737883,-0.08284021598410107,-0.06327431105416548,0.4042152802371192,0.02008333497837735,-0.12031786255724342,0.12031786255724342,0.0012920192735859093,217017763.27679953,-0.04907974903761825,0.04198156084333147,-0.010217116076450816,0.005078860789687223,0.09652907310987979,0.16507537087402535,0.03763211669779043,2.0,7.0,2.0,1.0,1.0,63.0,126.0,0.8641477188838034,0.8980645210512224,0.9780645062846525,1.56000001968876,1.56000001968876,0.9904214559386973,0.3074900152991321,0.48304854589883356,1,1,1,1,1,1
historical_mega100_examples,2023-04-30,QBTS,0.4970000088214874,-0.9873793369638607,-0.9497472202660703,0.7495507103294791,0.7693464569609508,-0.9432648406580091,-0.9368487908451627,-0.8292096239991643,0.1743485052994992,0.041602797952728365,-0.5704467480648974,-0.031953244877912734,-0.19587634187256897,-0.9942849948731897,0.2268096310563542,-0.6207009170114772,-0.9599193528942709,0.9599193528942709,-0.2654975962104231,1.9557591657899294,-0.5594885207788434,-0.8248526327528949,-0.787606826046436,0.09105823861377542,-0.3846153375900221,-0.5432740837807004,-0.10490612549888634,-0.6548611186996651,-0.7572258562484219,-0.8292096239991643,-0.6548611186996651,-0.13194447893787176,-0.2802515014855339,-0.6023999929428101,-0.4440000057220459,-0.6989290660526899,-0.6023999929428101,-0.41285223799462195,1.3359245995504654,1.4086644180347312,1.0922155817468815,-0.6360099894342522,-0.7275556545972529,0.06034987570699342,-0.8763681564229906,0.8763681564229906,0.008113606694581055,1477664.1617836696,1.2155101965740465,0.6507936507936508,0.14285714285714285,0.29365079365079366,0.11895927466685725,0.7899180100055587,-0.08068113347027372,-0.12233221899987157,-0.22746913229811605,0.5957011988634434,-0.04460434307747785,0.15128655305716787,-0.2848920662786504,0.03945169625296541,-0.3806994606961922,1.4591176636679812,1.2897311131395177,0.06596869468795721,0.0590725440424793,-0.6854430409353371,0.6854430409353371,0.008113606694581055,0.9206349206349206,0.015873015873015872,1796115.855760092,14.401137590182076,0.6825396825396826,0.15873015873015872,0.31746031746031744,0.11550785646033129,-0.15485771324483544,0.002310351256337384,-0.1336468810387701,-0.2515059823227338,0.0,-0.2420910815871201,-0.4440000057220459,-0.04460434307747785,-0.256584843112421,-0.2515059823227338,-0.2007076119995882,1.8818694485640377,0.08277905204314141,-0.41529412366939644,0.41529412366939644,0.008113606694581055,842388.1952440455,-0.09702033413969613,0.16944522990709518,-0.04533230836855162,0.005078860789687223,0.09652907310987979,0.16507537087402535,0.03763211669779043,1.0,4.0,1.0,0.0,1.0,63.0,126.0,0.6475922781632955,1.5352112034183563,3.2052311409917866,3.2253518457921126,3.2253518457921126,0.9961685823754789,0.3074900152991321,0.48304854589883356,1,1,1,1,1,1
historical_mega100_examples,2023-04-30,RGTI,0.4699999988079071,-0.970006215732823,-0.9323740990350325,2.0426003155620145,2.8049900856440337,-0.8939051880315375,-0.75,-0.7761904665942632,0.4209092822850843,0.13772894047688233,-0.6280952125774207,0.22988777071255395,-0.38095237554606376,-0.9412658374682885,0.3779830247293964,-0.6331987459622151,-0.9486899556072927,0.9486899556072927,-0.17785766679246995,1.4638223261250731,0.7128499641062456,0.030780361601168593,-0.6384615261173808,0.21460234191997976,-0.4392307699361496,-0.39195570503152255,-0.033775288397479675,-0.3552811843091789,-0.5899777256736076,-0.7761904665942632,-0.3552811843091789,0.07133065534859728,-0.21548689729155546,-0.3982074418648668,-0.03969272394441392,-0.4947365149747466,-0.3982074418648668,-0.2931437038175139,1.2258243901206032,0.9503510522306707,1.1081550834459344,-0.6260383470038138,-0.7568990610003855,0.05497022211116301,-0.7793427354198652,0.7793427354198652,0.04910710781375616,1156583.3146646146,1.134063645151017,0.5793650793650794,0.16666666666666666,0.24603174603174602,0.1145575671626446,0.7747451970776585,-0.18201438401600656,-0.2462576929211414,-0.26782153964942,0.4247020714035671,-0.03600001335144043,0.21843101590428532,-0.3733333349227905,-0.1213619875287757,-0.42841172243072745,1.3584035293241588,0.8575975208049814,0.060655293384650054,-0.10251732962626237,-0.6618705009749004,0.6618705009749004,0.04910710781375616,0.873015873015873,0.015873015873015872,1311639.0897493986,14.086788889015706,0.6190476190476191,0.1746031746031746,0.23809523809523808,0.12098713122300837,-0.14102955100783465,-0.1749198501216066,-0.3003792278918136,-0.34993083635210664,0.16666666666666666,-0.19574601063026287,-0.4392307699361496,0.07133065534859728,-0.35500969714179387,-0.34993083635210664,-0.13268130629084485,1.1649634990011355,0.0534433973381619,-0.34993083635210664,0.34993083635210664,0.04910710781375616,447409.14090545406,-0.04471545860440196,0.08373859736193646,0.014680474647019048,0.005078860789687223,0.09652907310987979,0.16507537087402535,0.03763211669779043,1.0,4.0,1.0,0.0,1.0,63.0,126.0,0.6468243392883508,0.9978723678129087,1.499999904886205,4.297872374153828,4.297872374153828,0.9980842911877394,0.3074900152991321,0.48304854589883356,1,1,1,1,1,1
historical_mega100_examples,2023-04-30,SMCI,10.54300022125244,1.466643447606701,1.5042755643044914,1.00243979466974,1.008440582080043,0.9520459501154701,0.9144725403445624,0.5150165330725516,-0.23085086044582726,-0.3465580937944863,0.0393734281726954,0.41825141772708485,0.296594283668838,0.3499411621985262,-0.05739168717277132,0.7929275517605977,-0.09017950029870248,0.09017950029870248,0.04960471147617107,1.541105680758005,-0.04320437770425045,0.39464907150642614,0.16845843927806525,0.17643827815615287,-0.09010304185439189,0.1464144213152465,0.13928681087952466,0.2841656726267243,0.3225468816591137,0.16845843927806525,0.5150165330725516,-0.11900124628157038,0.11467935756316394,0.45762484589978025,0.35448640951432875,0.36109577278990046,0.45762484589978025,0.7071827057086795,0.6495127227311259,1.0515784393301435,0.9963003933078249,0.19721337579617826,0.18462892559695354,0.032245624389186385,-0.09017950029870248,0.09017950029870248,0.577821006952745,129073722.92708972,1.1711775540870486,0.46825396825396826,0.1349206349206349,0.0873015873015873,0.05364089407992402,1.1344398340248962,-0.024828630957609565,0.07188574019814564,0.03519243988038245,1.0551003406047996,0.08757781031430367,0.19939313097529066,0.07614578903189817,0.04960872526257343,0.0021771488236730363,0.647109781115457,1.0554833124563863,0.033304408503626017,-0.013226637624595639,-0.09017950029870248,0.09017950029870248,0.4616665026085893,0.12698412698412698,0.9841269841269841,151168247.11465836,18.8339040004151,0.5396825396825397,0.1111111111111111,0.09523809523809523,0.05386320059086654,-0.004976830303312196,-0.0981145040464999,-0.01538981327303116,-0.010511451386730375,0.5,0.08650712732912963,-0.11900124628157038,0.35448640951432875,-0.015590312176417598,-0.010511451386730375,-0.0036902028443587254,0.6830135752946697,0.035046295964033976,-0.09017950029870248,0.09017950029870248,0.13025301711450732,163587593.77620333,0.011580943892239404,0.05310227531069298,0.0741284194728955,0.005078860789687223,0.09652907310987979,0.16507537087402535,0.03763211669779043,2.0,7.0,2.0,1.0,1.0,63.0,126.0,0.7482367488557508,1.1241582080800994,1.3641277353686347,2.1325998040548937,2.1325998040548937,0.9923371647509579,0.3074900152991321,0.48304854589883356,1,1,1,1,1,1
historical_mega100_examples,2023-05-31,CVNA,2.5840001106262207,-0.6986257172558554,-0.5611412864123844,1.7821690444780567,1.977773939013719,-0.6083661577440616,-0.04508498705746633,0.6757457963265296,-0.40534254539413017,1.049992677232492,0.2217898029521539,0.14976019057169343,-0.3852140208673457,0.4848436615679881,-0.3041958028026823,0.3866123362801704,-0.7633266112601524,0.7633266112601524,0.16667087271847958,0.7507790681631118,-0.12368355995055624,0.20191180767465555,1.7257384735590215,0.7510867472720365,1.1455695044534036,0.39840466588702195,0.2897879457613559,0.2704032509323995,0.8906291736059835,0.2704032509323995,1.7257384735590215,-0.07374630386718695,0.1115221589488109,0.3715499935238473,0.03927813331408081,0.18430125986696644,0.3715499935238473,0.2872835395460881,1.7478640304866782,0.973797739884359,0.7399440290921424,1.1534975273690478,3.0091050454426123,0.07669791308170316,-0.10588234711780409,0.10588234711780409,2.4731183459006467,208718622.1836084,0.7275021391607348,0.7063492063492064,0.2777777777777778,0.2777777777777778,0.1393112315503045,0.7703167874455626,0.4614142136799758,0.1902093908769351,0.3608022169462497,1.104386891658761,-0.29111335513032843,0.6347908243002944,0.3197140876525595,0.3094049041915654,0.34776051304149447,1.2933215530235438,1.3160424323974047,0.06357977314002589,0.5178982186151446,-0.05830898318471267,0.05830898318471267,0.8916544686595209,0.015873015873015872,0.8571428571428571,151843244.12125632,18.838359264576283,0.7142857142857143,0.2698412698412698,0.2698412698412698,0.11675167028811356,0.29398416967965546,0.677232635875753,0.5062503525543246,0.8616715340929977,0.5,0.21607424866593683,-0.3852140208673457,1.1455695044534036,0.7828334010168194,0.8616715340929977,0.15926430186988338,1.7020660425130936,0.08872939257919009,-0.05830898318471267,0.05830898318471267,0.8274399207114922,266412152.40292323,0.08818332812539453,0.11943276890294269,0.0616269903151514,0.07883813307617826,0.18724873365688088,0.19090213475854156,0.13748443084347106,1.0,3.0,1.0,1.0,0.0,63.0,126.0,0.7715930902111323,1.006191870480404,2.5565012333363044,2.8970585385864407,2.8970585385864407,1.0,0.30704192056682317,0.3836156237160141,1,1,1,1,1,1
historical_mega100_examples,2023-05-31,RGTI,0.9390000104904176,-1.032918722785921,-0.8954342919424498,1.975830882845606,2.2197330105496325,-0.7640703502536641,-0.5528571175555781,-0.2776922731286662,0.4799969961822923,0.5657581800064213,-0.42307690191550995,0.6750769159027333,-0.4392307699361496,-0.46859440788720774,0.5296922871158896,-0.19406383271719874,-0.8974890801165565,0.8974890801165565,-0.0697716914834331,1.6591962268507068,1.1301685891748003,1.6669711034419943,0.28806590687775513,0.3049137624638366,0.07133065534859728,0.31767282727116375,0.338001709366343,0.20230472305362612,0.07089278560090502,-0.2776922731286662,0.28806590687775513,-0.03969272394441392,-0.09345139720692941,0.2520000139872234,-0.03600001335144043,0.0647512803303425,0.2520000139872234,0.16258590119625002,1.4309326433500658,1.497875357462084,1.0831746590125706,2.353869796032411,5.700603790735471,0.0607163114638438,-0.3244604171553318,0.3244604171553318,1.5040000279744468,1248921.645078678,0.7373755807481832,0.626984126984127,0.19047619047619047,0.23015873015873015,0.1204506280504982,1.9775666547681154,0.5394405612179248,0.03648384027997009,0.649567862556037,1.4276735590030674,-0.34993083635210664,0.5122742170258132,0.29875521921937387,0.16155671830346896,0.43165825150081494,1.5499499780306638,1.3828567212120317,0.06334340175685677,0.5873375888681092,-0.12242993975697558,0.12242993975697558,1.5040000279744468,0.031746031746031744,0.30158730158730157,920924.3233488665,13.733134229809899,0.6825396825396826,0.19047619047619047,0.2222222222222222,0.1210793188578212,0.6637136927998444,1.0389552896826628,0.4655647918473873,0.9978723678129087,0.3333333333333333,0.034058113262899224,-0.4392307699361496,0.9978723678129087,0.9190342347367304,0.9978723678129087,0.5346898935500111,2.1433587446621445,0.09133094808816586,-0.12242993975697558,0.12242993975697558,1.5040000279744468,1759814.1778257631,0.21995583634245053,0.14513920590726725,0.01932263268202905,0.07883813307617826,0.18724873365688088,0.19090213475854156,0.13748443084347106,1.0,4.0,1.0,0.0,1.0,63.0,126.0,0.6472168905950095,0.25133113864674983,1.6517571690295028,0.9169328351510737,1.6517571690295028,0.9980879541108987,0.30704192056682317,0.3836156237160141,1,1,1,1,1,1
historical_mega100_examples,2023-11-30,CVNA,6.263999938964844,2.727836373239002,3.062256624039426,1.2187758100951354,1.2384189260826426,2.3248408312329865,3.512968218528834,1.4241484794080725,-1.7425380087900115,-1.215815161405152,2.8970585385864407,-3.2750128455578285,1.006191870480404,1.3036363803421145,-1.8021027863794605,0.9894375227770221,-0.4393125691492844,0.4393125691492844,0.03381177175938066,0.36525691583912084,-0.46746811643867336,-0.6687408354302624,0.20833331800292054,0.8936891869042716,0.772762259516415,-0.20475926303472725,-0.34164230324505607,-0.3183895293819391,0.4380307560096847,-0.3183895293819391,1.4241484794080725,0.09575627362588146,-0.16552533174097517,-0.377954306971388,-0.16623632940499067,-0.4081214276463603,-0.377954306971388,-0.45974042140817,1.4393515978765,0.69140416872636,0.571162538158925,0.20862674205957155,0.40200698236789445,0.055920730656365464,-0.4393125691492844,0.4393125691492844,1.119079752706063,613964388.1671154,0.5137602636695648,0.5555555555555556,0.1984126984126984,0.1746031746031746,0.10090161296516058,0.5431043032673977,0.07733618411275212,-0.1335878954673656,-0.07479071733431053,0.6544995406204732,-0.3568365704798949,0.5326309024454542,-0.25393044220229255,-0.04112313559597447,-0.0628483880431594,0.8221037119462461,1.210520863211757,0.037548731162119806,0.05699152985883349,-0.4393125691492844,0.4393125691492844,0.20507887536148073,0.8571428571428571,0.31746031746031744,315430505.9484603,19.569448952446187,0.4126984126984127,0.09523809523809523,0.19047619047619047,0.0759118861368435,0.009985907340265054,0.11025619587892477,0.16077592184072761,0.1599999682108566,0.6666666666666666,0.25193957865811195,-0.3568365704798949,1.006191870480404,0.05181162705021114,0.1599999682108566,-0.015960797267744686,0.9951736950347595,0.04368314928054921,-0.0834065206957022,0.0834065206957022,0.20507887536148073,270999144.63171506,-0.013014853455670772,0.0778256799562225,-0.004386801854302069,0.10818834116064546,0.030167120674972292,0.12051209906595806,0.33442025080042415,1.0,3.0,1.0,1.0,0.0,63.0,126.0,0.8839574010704572,0.6902938059887826,0.37484044529161364,1.4243295048323152,1.4243295048323152,0.9961904761904762,0.3006122193291837,0.4138569375468059,1,1,1,1,1,1
historical_mega100_examples,2023-11-30,SMCI,27.347000122070312,1.6963899940062892,2.0308102448067133,0.9528208383757752,0.978714965835223,1.7913647355045543,1.5938536989636587,0.22112076638024503,-0.3931012741980239,-0.12394921335533926,0.228309839602161,-0.2341626570185259,0.11297158863954393,0.10060866731428697,-0.22697358379660992,0.3227803115882299,-0.22593333430512075,0.22593333430512075,0.02483391435883453,1.170189862556358,-0.3847254866509974,-0.3883265760385719,0.09717155302490577,0.20097049995931474,0.3250552231969108,-0.016275497354357626,0.10265620166280554,-0.17198050781777885,0.04877060386245732,-0.17198050781777885,0.22112076638024503,-0.16710572972673288,0.014767612814604814,-0.005852817416364897,-0.003126310054129222,-0.03601993809133719,-0.005852817416364897,-0.009313952843472837,0.6850503529543905,1.0089341305535362,0.9172937764091672,1.1144824729456841,1.4146970906528793,0.031993867529621266,-0.22593333430512075,0.22593333430512075,0.2657131807177884,865082532.5397916,0.963841992761918,0.4365079365079365,0.10317460317460317,0.09523809523809523,0.06168381963511414,1.1711716879131595,0.20345155565525908,-0.0029909097398630458,0.008905168717751932,0.9461611710778375,-0.1267230788898901,0.18396827326466544,-0.0027350580015645942,0.009158666647942182,0.30664462457337893,0.6283924252919658,1.0999029498522315,0.030443512766954263,0.1381063866876211,-0.11871998965405817,0.11871998965405817,0.18109185950763163,0.5714285714285714,0.7777777777777778,833802872.0666795,20.541507569155428,0.3968253968253968,0.09523809523809523,0.09523809523809523,0.0570401170146695,0.024619803928542572,0.1749137173371822,0.20541986374890323,0.14198018737368212,0.5,0.04717531342323078,-0.16710572972673288,0.3250552231969108,0.03379184621303666,0.14198018737368212,-0.007840193012489727,0.6911706822434311,0.029742545213326695,-0.10219957504822219,0.10219957504822219,0.11211874552153156,903925196.0199447,-0.04917041058296634,0.06169128812893813,-0.03893868111833865,0.10818834116064546,0.030167120674972292,0.12051209906595806,0.33442025080042415,2.0,7.0,2.0,1.0,1.0,63.0,126.0,0.9630308414495042,0.03945589893611978,0.936629184142733,2.1671481012580536,2.1671481012580536,0.9980952380952381,0.3006122193291837,0.4138569375468059,1,1,1,1,1,1
historical_mega100_examples,2023-11-30,SOUN,2.140000104904175,0.3374548685252834,0.6718751193257075,1.118539357774126,1.1330245840307844,-0.28428090365266034,-0.19548870832615917,-0.2983606103734596,0.21681562109308672,-0.23130971595710992,-0.17377048513960425,0.022976882402104826,0.4918033645474069,-0.4188727094394177,0.1475670076359602,-0.29979743632642575,-0.5456475397936298,0.5456475397936298,-0.14606084295194366,0.6138784134338815,-0.3236358097559118,-0.4256272027654493,-0.5296703263305695,0.22410173134557,-0.48791212614658375,-0.02260785684071054,0.31417455851161546,-0.0815449892803729,-0.303191975328134,-0.5296703263305695,-0.0815449892803729,0.08154509160594658,-0.06567252688630665,-0.15079360273749942,-0.20238095012832025,-0.1809607234124717,-0.15079360273749942,-0.2038915483055138,0.9952073440968264,0.8240688251059308,0.7431391158114541,1.4835011185682325,2.3425739262234035,0.04750934268428819,-0.5456475397936298,0.5456475397936298,0.38961049215169385,37116605.910358824,0.45076186788353767,0.6349206349206349,0.18253968253968253,0.18253968253968253,0.0910755939001518,0.6980271948439833,0.24693368127853133,0.048758055798040933,0.13095872486405957,0.9122107100016833,-0.20895520352109842,0.3716953256335724,0.0646766741580711,0.14269694818337464,0.04683509488821658,0.7395775057411811,1.1089025023344483,0.03712642808983338,0.33252426297826565,-0.15079360273749942,0.15079360273749942,0.38961049215169385,0.9841269841269841,0.31746031746031744,16730750.609650498,16.63275899781463,0.5555555555555556,0.15873015873015872,0.12698412698412698,0.07491692529982388,0.1263158376197071,0.4081115317867714,0.42178249880804375,0.3459119874085004,0.5,0.003335360627641911,-0.48791212614658375,0.4918033645474069,0.23772364624785491,0.3459119874085004,0.05004911329112671,0.8201193467866655,0.0432636092871823,-0.0695651524909715,0.0695651524909715,0.38961049215169385,18623287.30812527,-0.025500864669054768,0.08357811025973821,-0.03690365473144552,0.10818834116064546,0.030167120674972292,0.12051209906595806,0.33442025080042415,1.0,4.0,1.0,0.0,1.0,63.0,126.0,0.6516078792664737,-0.009345896432088385,-0.2242991190433934,2.4672895853087815,2.4672895853087815,1.0,0.3006122193291837,0.4138569375468059,1,1,1,1,1,1
historical_mega100_examples,2023-12-31,MSTR,63.1619987487793,2.912982577177332,3.461538502993326,1.1115549914909575,1.0594313588563264,1.1607142169701699,1.094022428973032,0.8445767676897085,-0.07795573840318593,-0.4021267506538977,-0.041294359000638936,0.9653226413073015,0.278780370830634,0.731621147746689,0.0794515146169541,1.4223491329753095,-0.05828152922320562,0.05828152922320562,0.0836982877997956,1.2845071654223281,3.035204081632653,6.763846777940507,0.44245001703581077,0.21325644418754738,-0.1834977660045366,0.4787774040949546,0.23089413997398245,0.7666210292865225,0.6845492713373472,0.44245001703581077,0.8445767676897085,-0.08181129896460193,0.26607237490916735,0.9240282823066626,0.2897222445266565,0.7780943830666263,0.9240282823066626,1.5049868672111066,0.5937900534470038,1.1549275089172382,1.033997849360952,1.1361242403781229,1.7076434204326096,0.02739595201140398,-0.05828152922320562,0.05828152922320562,1.0287797489845096,367588367.40197074,1.3111399825256425,0.3492063492063492,0.11904761904761904,0.047619047619047616,0.0497496500604255,2.146705571011739,-0.01610875314287763,0.2265091133338184,0.23411148651366132,1.4551100937898647,0.17692909622246855,0.20578616130427685,0.49181600183441354,0.20547831274167883,0.6153453381897402,0.6139776382361267,1.1169534923414248,0.03002302812573504,0.2078142495844051,-0.05828152922320562,0.05828152922320562,1.0287797489845096,0.031746031746031744,0.9682539682539683,481959805.6120494,19.993371279766155,0.42857142857142855,0.14285714285714285,0.047619047619047616,0.050801860189586864,0.13029673242901008,0.2589701642172557,0.3901365661734306,0.267549597186969,0.6666666666666666,0.12461204063293159,-0.1834977660045366,0.2897222445266565,0.21168011157154343,0.267549597186969,0.07485726552333682,0.6857844672473817,0.03196139756920311,-0.05828152922320562,0.05828152922320562,0.267549597186969,684181620.891571,0.041869744005262666,0.05249427034847561,-0.011035486023830532,0.055869485615425596,0.1459338992400363,0.1129556199430195,0.548555925815994,1.0,4.0,1.0,0.0,1.0,63.0,126.0,0.9123724694583509,-0.206469089397887,0.6193913841906094,1.6987112033980414,1.6987112033980414,0.9961904761904762,0.26598937174004755,0.3732041291486036,1,1,1,1,1,1
historical_mega100_examples,2023-12-31,SMCI,28.426000595092773,1.9138071025657486,2.4623630283817426,0.9644602377826333,0.9961126293024081,1.667855589628069,0.26930118392734115,0.14046144293664198,-0.1070892895893587,-0.27977169735374185,0.1001806108076615,-0.06356768404520041,0.3250552231969108,0.027505822993622475,-0.1038485161741809,0.20535349182784285,-0.19539183817364436,0.19539183817364436,-0.024295847767047074,0.9690553697332812,-0.3738768223742933,-0.350952620327604,-0.13931025441709988,0.14116156968538565,-0.16710572972673288,0.04809530216076352,0.10608481509893586,0.03337215334728327,0.011507780622275124,-0.13931025441709988,0.14046144293664198,-0.003126310054129222,0.011856616433476352,0.036612926762461084,-0.1267230788898901,-0.10932097247757522,0.036612926762461084,0.05719799813269326,0.6839983176638514,0.8739537378348441,0.9358334925601586,-0.4846830080564194,-0.4643507129022283,0.03155697322300445,-0.19539183817364436,0.19539183817364436,0.2276929005506385,892913937.5310928,0.9952322710620656,0.4126984126984127,0.1111111111111111,0.07936507936507936,0.05825958552721206,0.6167492978385639,0.0009943939946598368,0.06651593534878031,0.03875395395879866,0.8749569282176206,0.14198018737368212,0.1811360306117115,0.1870380422337492,0.03357055077785431,-0.22245486119664015,0.6401085345246349,0.9338773882135485,0.030972155283643527,0.03765184170962965,-0.11772559565939833,0.11772559565939833,0.20133546643829847,0.12698412698412698,0.6666666666666666,888656765.9120408,20.60522162996381,0.3968253968253968,0.12698412698412698,0.07936507936507936,0.057168031059457614,-0.0028169037832745936,0.013106396829142275,0.06600372783178643,0.03945589893611978,0.5,0.03492269847266009,-0.16710572972673288,0.3250552231969108,-0.016413586679305814,0.03945589893611978,0.0016614667747087974,0.597782886395068,0.029633268785886374,-0.11772559565939833,0.11772559565939833,0.12169527489017784,893161895.5619448,-0.052232872177817136,0.0520926575610299,-0.02300034867626921,0.055869485615425596,0.1459338992400363,0.1129556199430195,0.548555925815994,2.0,7.0,2.0,1.0,1.0,63.0,126.0,0.9589446528396072,0.8631181814686584,2.0469287869736665,2.5531906085123732,2.5531906085123732,1.0,0.26598937174004755,0.3732041291486036,1,1,1,1,1,1
historical_mega100_examples,2023-12-31,SOUN,2.119999885559082,-0.35081586457070535,0.19774006124528865,1.1860005599390437,1.2505944745916484,-0.2318840967810123,-0.304918059441583,-0.5340659787496219,0.37533578097384024,0.4439372040615307,-0.55824177885614,0.6129680950838694,-0.48791212614658375,-0.6470215986926414,0.5887922949773513,-0.5906113356186047,-0.5498938708303831,0.5498938708303831,-0.0640373971734941,0.5105091735037404,-0.3085193166076651,-0.2706771260629698,-0.09012877468809122,0.23897815272491194,0.08154509160594658,0.027978412675763842,0.4780305131716216,-0.15873019777578168,-0.2609749837378316,-0.5340659787496219,-0.09012877468809122,-0.20238095012832025,0.057665855902649055,0.05472631622772939,-0.20895520352109842,-0.09120758301230691,0.05472631622772939,0.07681369945919019,0.9042596146419077,0.8343329237245777,0.7878878415219367,0.011721652967008112,0.0022662071802772576,0.04308361398261926,-0.5320088769601243,0.5320088769601243,0.3766233364111007,27645996.578431036,0.5717265937918178,0.5952380952380952,0.1349206349206349,0.1746031746031746,0.0825876931511583,0.8500018131908849,0.07253270252490263,0.14618643328035952,0.06042411075519927,0.7994607243972478,0.3459119874085004,0.2865269511301779,0.3333332333674741,0.06972110826477818,0.2571203380265925,0.712455155955671,1.058948850020232,0.03554146395568998,-0.024036269120967346,-0.0782609002125968,0.0782609002125968,0.3766233364111007,0.3333333333333333,0.6349206349206349,15805951.455766626,16.575897164756114,0.5238095238095238,0.12698412698412698,0.1111111111111111,0.0693833330781454,-0.020332767627839643,-0.04129264217371653,-0.01238763633359938,-0.009345896432088385,0.3333333333333333,-0.08018951620227398,-0.48791212614658375,0.3459119874085004,-0.06521538204751398,-0.009345896432088385,-0.013035430427313255,0.7544535680902428,0.03664684688967406,-0.0782609002125968,0.0782609002125968,0.07614205825909193,19191161.37782619,-0.014869951695753891,0.0623315485891628,-0.007490696485181081,0.055869485615425596,0.1459338992400363,0.1129556199430195,0.548555925815994,1.0,4.0,1.0,0.0,1.0,63.0,126.0,0.64893943485178,-0.2169811055515094,2.5000002249232,1.778301973791049,2.5000002249232,0.9980952380952381,0.26598937174004755,0.3732041291486036,1,1,1,1,1,1
historical_mega100_examples,2024-01-31,MSTR,50.12099838256836,0.566002302595767,0.9910617611799208,0.8017825865942535,0.8003551477313818,0.5263108737687008,0.4637286821403168,0.1446286755164603,0.38214723936656503,0.25723971854211625,-0.033091202090539173,0.21689331247700494,-0.1834977660045366,0.053542955644404255,0.039173434870005464,0.2332427070524714,-0.2684667761941063,0.2684667761941063,0.08613699695717703,1.343442563843705,0.5242118947026324,0.8043652576251297,0.40186839405857655,0.19485493497711917,-0.08181129896460193,0.0803937103116319,-0.24577627422881776,0.5267759148830253,0.35775766148602073,0.1446286755164603,0.5267759148830253,0.2897222445266565,0.07259925479712748,0.18380211038646577,0.17692909622246855,-0.007586850620246777,0.18380211038646577,0.27854547714477806,0.6200780180617778,1.2035005645725132,1.0641627352718876,-0.4070046782146921,-0.5294398823209117,0.029744191317144952,-0.2684667761941063,0.2684667761941063,0.6098994416228043,438226208.24172,1.491844390231385,0.42063492063492064,0.1111111111111111,0.07936507936507936,0.05155793637417366,1.1549827614513217,-0.21018524697090069,-0.005941802728989143,-0.08697903033417642,1.2374603395802302,0.267549597186969,0.22730686531923025,0.0058397860891170605,-0.10764228564407208,-0.1368892433211667,0.6598639197825924,1.1309365801697853,0.03238553336899723,-0.20397798302697978,-0.2684667761941063,0.2684667761941063,0.18380211038646577,0.31746031746031744,0.9841269841269841,653765310.4177808,20.29825899397588,0.5079365079365079,0.12698412698412698,0.09523809523809523,0.05305636703623982,-0.0977133956569991,-0.22125110373137302,-0.27667021545256565,-0.206469089397887,0.5,0.04373713059484476,-0.206469089397887,0.2897222445266565,-0.22466126635700034,-0.206469089397887,-0.04418099271585618,0.7462642448163546,0.03905408656013326,-0.2684667761941063,0.2684667761941063,0.11332986653093213,793521866.1697024,0.038609270925866745,0.06686819408158963,0.007736787928596334,0.01819217695911335,0.19138896100671254,0.09108571987205605,0.42505945858415384,1.0,4.0,1.0,0.0,1.0,63.0,126.0,0.934351145038168,1.0407414034594473,2.400889829673202,1.1249177348608361,2.400889829673202,0.9980952380952381,0.2524804288530177,0.33713964224407245,1,1,1,1,1,1
historical_mega100_examples,2024-01-31,SOUN,1.659999966621399,-0.5908886250835881,-0.16582916649943424,1.0784510657292714,1.1326071094014063,-0.37593988230906417,-0.6351648577945894,-0.2875536390657757,0.11342427314414139,-0.05371621046371655,-0.31759652985328146,0.3616216441761124,0.08154509160594658,-0.37863935893783174,0.33157875338860665,-0.35806104021431995,-0.6475583963531171,0.6475583963531171,-0.04482859166646247,0.6905407026824713,2.091135346756152,2.2272229337844354,-0.34126984952949224,0.08532920393543245,-0.20238095012832025,-0.15729625783646006,0.11946641490151011,-0.1741293659216343,-0.26765095150563406,-0.34126984952949224,-0.1741293659216343,-0.20895520352109842,0.02495997923172877,0.04402511432283096,0.3459119874085004,-0.14736384668388158,0.04402511432283096,0.058628941890728085,0.8030855266846637,0.8559666784970501,0.9350323506457693,0.23024785478180543,-0.036692684851123536,0.038765784181860635,-0.37121215884131464,0.37121215884131464,0.07792208294861269,20271918.08277028,0.8520468865991934,0.5476190476190477,0.1349206349206349,0.1349206349206349,0.07453803365359166,1.131402836891531,-0.19999996890192384,-0.09188231560483207,-0.18988825742011373,0.7806676283887501,-0.009345896432088385,0.22393246506773065,-0.2242991190433934,-0.1255819368267459,0.14667012448132777,0.7509109477855568,0.9154407095175762,0.037287838220489165,-0.14079927035938722,-0.27826086911452064,0.27826086911452064,0.07792208294861269,0.6666666666666666,0.9682539682539683,17272624.687818307,16.664633476077523,0.5079365079365079,0.14285714285714285,0.1111111111111111,0.06778243691202451,-0.1552879473651364,-0.1544943899863126,-0.31564815853230443,-0.2169811055515094,0.3333333333333333,-0.035034346103094915,-0.2169811055515094,0.3459119874085004,-0.23517328251062275,-0.2169811055515094,-0.11619860262022819,0.6874144508253257,0.03465907332090142,-0.2095237895204357,0.2095237895204357,0.0,14637687.320945945,-0.10221742754591179,0.06669535725870669,-0.080841654551016,0.01819217695911335,0.19138896100671254,0.09108571987205605,0.42505945858415384,1.0,4.0,1.0,0.0,1.0,63.0,126.0,0.6478053435114504,3.4698796539110095,2.5481927619995823,1.5542167809484018,3.4698796539110095,1.0,0.2524804288530177,0.33713964224407245,1,1,1,1,1,1
historical_mega100_examples,2024-02-29,ASTS,3.1700000762939453,-1.013531703115731,-0.5077639676819916,0.7820868779079474,0.8495147002724315,-0.41512914544799995,-0.26107223671752855,-0.19132652688850615,0.14903049398645352,0.02553708374961261,0.23724484955058123,-0.5836365735450373,-0.03061227592911464,-0.35735030377485166,-0.1550651971059499,-0.18756445030325944,-0.5458452625169583,0.5458452625169583,-0.035197378906190124,1.133027224411584,0.25024845955078523,-0.18282725977442438,-0.16578944313889354,0.07970032743157936,-0.12894737254879818,-0.21462723849376109,-0.46770776835219485,-0.04229603290205264,-0.13313733430981745,-0.19132652688850615,-0.04229603290205264,0.4652567941012793,-0.16210668334000167,-0.34639172399445606,0.2432990367790897,-0.47826999256350056,-0.34639172399445606,-0.311671225557977,1.0200575139860677,1.0963447625129052,1.0895474265201288,-0.45244036910219954,-0.39520413207842986,0.04585888601380044,-0.5015723255115296,0.5015723255115296,0.21689061538717813,10878086.282326683,1.3347116659923497,0.5317460317460317,0.15079365079365079,0.14285714285714285,0.07123666486608192,0.961716513628989,0.047169840320284706,-0.31661157392333494,-0.19945450156842304,0.6666924059203162,-0.524046470033158,0.3394053175422428,-0.4742951963521247,-0.20876562948632438,-0.27743598907410716,1.1114010392660403,1.0062386783974024,0.048836667675890934,-0.007985235797551171,-0.5015723255115296,0.5015723255115296,0.21689061538717813,0.6825396825396826,0.23809523809523808,14519108.664692773,16.49097624762228,0.5238095238095238,0.15873015873015872,0.12698412698412698,0.07374116185636752,0.011003053537110619,0.07292372752977316,0.09346905371291434,0.10452968735098844,0.5,0.02157989995338111,-0.524046470033158,0.4652567941012793,0.051696110832525344,0.10452968735098844,0.007708826886281939,1.1183347129205599,0.05069621661925715,-0.09943179162757931,0.09943179162757931,0.21689061538717813,10640450.594835054,-0.018575840812449007,0.0700090085474831,-0.002517304026984246,0.0528335765184631,0.1318782685690445,0.1660237768863455,0.5057677354337393,1.0,4.0,1.0,0.0,1.0,63.0,126.0,0.6477099236641222,-0.08517349351050196,-0.3028391214644105,1.610409911473755,1.610409911473755,1.0,0.20836001779990224,0.30259498208092805,1,1,1,1,1,1
historical_mega100_examples,2024-03-31,ASTS,2.900000095367432,-0.821889086256315,-0.4291338309210503,0.9329557060803928,0.9154689547783574,-0.38297867807342345,-0.2602040717026831,-0.23684207059009532,-0.16521975365912933,0.11297504506144362,0.5868421803881265,-1.1059134914221933,-0.12894737254879818,-0.48093022755313464,-0.28222924044397146,-0.23254457043329735,-0.5766423159500778,0.5766423159500778,-0.013878924658702108,1.6011408003642313,0.5935875909490684,-0.23359800913248452,-0.1238670255286517,0.13991263574161716,0.4652567941012793,-0.2724535630216056,-0.4788575287358008,-0.40206182424922465,-0.2542569734559906,-0.40206182424922465,-0.1238670255286517,0.2432990367790897,-0.23347149157769886,-0.5190713110340668,-0.524046470033158,-0.604725691088708,-0.5190713110340668,-0.5040639504190892,1.018480328948513,0.4859593119205636,1.011087501792427,1.1124536301006889,0.9325285745460714,0.0462392247116252,-0.5440251518100281,0.5440251518100281,0.11324379045450739,11512068.984167349,1.2696183842694602,0.5476190476190477,0.14285714285714285,0.15079365079365079,0.07244221178202506,1.6138243748397456,-0.029171982591947643,-0.03609141239100855,-0.055405328095572304,0.5748448663732144,0.10452968735098844,0.3418057803085834,0.010453035193242144,-0.050706713747954546,0.2831941970513123,1.0297727314212812,0.48063032235990333,0.04364558423543666,-0.11032358610105952,-0.5307443081034773,0.5307443081034773,0.11324379045450739,0.9841269841269841,0.5555555555555556,14615934.423277114,16.497622958808893,0.4603174603174603,0.07936507936507936,0.14285714285714285,0.0720059728618968,-0.051667725616100224,-0.10373183583344336,-0.1720885229209948,-0.08517349351050196,0.5,0.012486363689816557,-0.524046470033158,0.4652567941012793,-0.09792315366046433,-0.08517349351050196,-0.024226071386277304,0.49493999986044857,0.027064835923557098,-0.09657318974939744,0.09657318974939744,0.050724675865189583,10489627.702331543,0.0045029812480279485,0.06283252490646062,0.023288683326567527,0.012749660149962372,0.08565438005464121,0.24408815696303932,0.3927552553352647,1.0,4.0,1.0,0.0,1.0,63.0,126.0,0.6459923664122138,-0.23793104638951257,1.8534480504842277,3.003448025820237,3.003448025820237,1.0,0.1672906454347164,0.2080867278649149,1,1,1,1,1,1
historical_mega100_examples,2024-04-30,ASTS,2.2100000381469727,-0.9089132404745205,-0.583804131457271,1.0234992053473557,1.1286091070088775,-0.4848484713756541,-0.4184210352950477,-0.3323262609209757,-0.301172916317492,-0.2120036191608673,-0.13293053318030368,-0.09703457961744122,0.4652567941012793,-0.5470915590849256,0.10236114812323083,-0.31525890060251427,-0.6773722527131165,0.6773722527131165,-0.12403989051622388,1.311781334164311,-0.5665950902443271,-0.6662630992033869,-0.544329880081843,0.15470500078961869,0.2432990367790897,-0.36464126973438105,0.17658308916195298,-0.6334991772384677,-0.5033851060804287,-0.6334991772384677,-0.3323262609209757,-0.524046470033158,-0.12442835900166815,-0.2299651127977449,0.10452968735098844,-0.24958619199381582,-0.2299651127977449,-0.23973371396830348,1.054137600194135,1.0522432228551994,0.9099877324664253,-0.6253073102202599,-0.7144583339740544,0.046030804298058864,-0.6525157245671672,0.6525157245671672,0.09950251175753522,11948825.178146172,0.7965735430839714,0.5079365079365079,0.1349206349206349,0.1349206349206349,0.07215684564618544,0.6045454238820268,0.15858523143361591,-0.22026165432529,-0.16957876331242971,0.42181170925781747,-0.08517349351050196,0.3535199460451756,-0.3028391214644105,-0.26053346331561134,-0.3917576152467829,0.9592522845082601,1.15632682212452,0.041576760370236186,-0.2351903957732454,-0.37215907666986137,0.37215907666986137,0.09950251175753522,0.8571428571428571,0.31746031746031744,9518118.007846862,16.068707804036052,0.4603174603174603,0.07936507936507936,0.14285714285714285,0.06455114099604649,-0.06520971182258073,-0.20940169706480916,-0.214505124934079,-0.23793104638951257,0.5,-0.005677581950302509,-0.524046470033158,0.4652567941012793,-0.1941932099040159,-0.23793104638951257,0.015508343850500372,1.1092091457611222,0.04283428322255232,-0.05150209849286713,0.05150209849286713,0.09950251175753522,6721282.309292612,0.01890272384704028,0.050258581666237284,-0.004504500150622537,-0.04373783648549667,0.019621079196070923,0.21476529816394985,0.32510910901724954,1.0,4.0,1.0,0.0,1.0,63.0,126.0,0.6452290076335878,2.7443436541605877,4.253393419129498,8.357466039917096,8.357466039917096,1.0,0.23973885115895965,0.2986116797612236,1,1,1,1,1,1
historical_mega100_examples,2024-05-31,ASTS,8.274999618530273,0.22291723113618955,0.5267526756546657,1.9487960285977788,2.354948610012456,1.1109692493561485,1.4999999279702165,0.7061855219061453,1.1770897214718825,-0.3338804919543674,-0.34639172399445606,1.956801635468211,0.2432990367790897,0.5425787695958992,0.9042243895676096,0.40621500227148455,-0.08259432388300636,0.08259432388300636,-0.08011710347707324,2.248786134602399,7.214467408585056,20.44312714084856,0.37230502995177783,0.7937303678584027,-0.524046470033158,1.6074899164184195,0.4189780016285233,1.8832752433780278,0.9872552650786502,0.37230502995177783,1.8832752433780278,0.10452968735098844,0.16749365460344467,1.610409911473755,-0.08517349351050196,1.5823782011544876,1.610409911473755,0.7347412676383988,1.7384525878100934,1.9900451842635092,1.2607795351510174,9.37807980717729,37.859097268376416,0.05732797099600144,-0.08259432388300636,0.08259432388300636,3.1169152526329533,28701468.984102823,1.4966771525461606,0.5,0.14285714285714285,0.14285714285714285,0.0828346127921351,3.2276202407765373,0.289564752786855,0.5143974428184355,1.6846833916290467,3.274227738047379,-0.23793104638951257,1.1916386382756194,1.8534480504842277,0.9427125218172336,1.2164438407092302,2.1918054455412928,1.578424402348139,0.06714390287003241,1.6986300915008035,-0.08259432388300636,0.08259432388300636,3.1169152526329533,0.031746031746031744,0.6666666666666666,42956832.87301896,17.575706306031325,0.49206349206349204,0.14285714285714285,0.15873015873015872,0.09206646046368606,1.3309858028183839,2.1885026316672445,0.7932547948935932,2.7443436541605877,0.5,0.3741702280595822,-0.524046470033158,2.7443436541605877,2.6828254838975596,2.7443436541605877,0.9599714857704287,3.459599200441912,0.12692116182199134,-0.08259432388300636,0.08259432388300636,2.6941962425444967,111116310.76617354,0.4001691424506475,0.13793699400722062,0.15653385139997256,0.06151817026302786,0.028031710319267322,0.16360675231024602,0.3038354445184761,1.0,4.0,1.0,0.0,1.0,63.0,126.0,0.652908585251387,0.4030211712250573,1.4990938076742495,2.5093658313286005,2.5093658313286005,1.0,0.22371008978088916,0.2582939645010195,1,1,1,1,1,1
historical_mega100_examples,2024-06-30,ASTS,11.609999656677246,1.1643376350543884,1.4702127931559459,1.7047403087599926,1.9114063079088326,2.055263105885143,1.3938144092719953,0.9253730104009805,1.7370873609724247,2.1199231985274714,-0.5190713110340668,3.522519336854304,-0.524046470033158,0.7520331802212157,2.0780750154192567,0.5272350127983859,-0.011914922835979058,0.011914922835979058,0.4266306027211768,2.5443700138566614,2.5215493452410818,13.098339774033958,3.045296208928452,1.1297573593344103,0.10452968735098844,1.6199394528608009,0.5188293852674982,2.662460371373405,2.211043196900946,0.9253730104009805,3.045296208928452,-0.08517349351050196,1.099762618885404,3.003448025820237,-0.23793104638951257,2.922680654789403,3.003448025820237,1.3506051929131657,1.7551433192750463,0.570235511799997,1.2670073096589805,-0.09438928564516447,0.2705910051280822,0.05798115617716811,-0.011914922835979058,0.011914922835979058,4.776119259583389,43622509.39864734,1.6649451252400824,0.47619047619047616,0.14285714285714285,0.15079365079365079,0.08822621951891235,2.0873082155965235,0.0706794010470273,1.7153874375680584,0.9300461669436053,2.2478974827009943,2.7443436541605877,1.189913145513786,4.253393419129498,1.7712783840918238,0.3570809392915033,2.2237794150206094,0.450064895011125,0.07231672811889957,1.257806851114359,-0.011914922835979058,0.011914922835979058,4.776119259583389,0.12698412698412698,0.9682539682539683,72629084.37401757,18.10087602455273,0.49206349206349204,0.20634920634920634,0.15873015873015872,0.10444646617592791,0.36449107572894457,0.9939034612785658,0.40268088616535985,0.4030211712250573,0.5,0.4007905838005768,-0.524046470033158,2.7443436541605877,0.33831978436538424,0.4030211712250573,0.15865370451283844,1.0008450489491516,0.04566864663628579,-0.011914922835979058,0.011914922835979058,0.4030211712250573,120164955.80494745,0.05296569317934052,0.09392765844409748,0.044064745980262554,0.06470138685967308,0.08076737103083431,0.17333983017976484,0.3058751581015575,1.0,4.0,1.0,0.0,1.0,63.0,126.0,0.6628083491461101,0.7812231625073405,1.5012921424873258,1.2523686814659514,1.5012921424873258,1.0,0.2580078295625527,0.29196133847543426,1,1,1,1,1,1
historical_mega100_examples,2024-07-31,OKLO,9.100000381469728,-0.3553115755623686,-0.11907062452281658,1.1478272207664684,1.3132531390498412,-0.11821699122397811,-0.13825757387611592,-0.18165463353220113,-0.021497702660874363,0.03691779968242881,0.23561150292470123,-0.5733116096890285,-0.043165426904336224,-0.31469205536237355,-0.15604547323212614,-0.14398929818436243,-0.5008227860682983,0.5008227860682983,-0.04158058768505002,3.1208991228070175,4.920137314592914,2.9209063113954095,-0.14473683384977232,0.029545011048420576,0.0733082432145491,-0.13968325548943616,-0.3568975788565475,-0.2031523361930755,-0.17651460119168297,-0.2031523361930755,-0.14473683384977232,0.20315233619307604,-0.16947467226966495,-0.33770010676432727,-0.2671033578914884,-0.44893392190232495,-0.33770010676432727,-0.2022933590149788,1.2615842692670978,0.6399987447434499,1.3232238102942275,3.2676845496568143,3.5851156795172967,0.042095632024770104,-0.5008227860682983,0.5008227860682983,0.2709498010336979,25145197.243036922,1.6491769122963402,0.42857142857142855,0.14285714285714285,0.1349206349206349,0.07850587622072325,3.3272823244610823,0.03455842733189862,-0.055223002430976775,0.027853748831109915,0.7266480892607099,-0.15888773349395235,0.1722190740492894,-0.09632565469222931,-0.07131910320413903,0.9267600289502715,1.6693583437868678,0.4836662851472888,0.06573888510093752,-0.02418554897905878,-0.5008227860682983,0.5008227860682983,0.2709498010336979,0.8888888888888888,0.746031746031746,41468878.74835408,17.540453818314266,0.6825396825396826,0.23809523809523808,0.23809523809523808,0.12254838702973336,0.05466490064925211,0.02259104517406607,0.09212167311243821,0.07438017645563999,0.5,-0.01971929373775198,-0.2671033578914884,0.20315233619307604,0.09116132592650028,0.07438017645563999,0.07267051945580905,0.807412348719025,0.037815885674521876,-0.015151449471463962,0.015151449471463962,0.22641513314038808,32088971.107837137,0.02987781992165872,0.08466248254678756,0.02569887870816978,-0.01678114947086029,0.11123381513799768,0.13303742183017242,0.236240951039552,1.0,4.0,1.0,0.0,1.0,63.0,126.0,0.6466793168880456,-0.34395609451310327,-0.1109890314882288,1.4681316640610045,1.4681316640610045,1.0,0.218018664247732,0.3177328054402295,1,1,1,1,1,1
historical_mega100_examples,2024-08-31,APP,92.87000274658205,0.8800715570789435,1.1487737187313107,0.9913503861859078,1.0388725270333006,1.4778549594678236,1.2579625658842168,0.5550904361734477,-0.23909209200180426,-0.21342616127012093,0.36436707453862094,-0.22457818253584194,0.1590756832855964,0.4670318675564289,-0.41530154417066867,1.036509840320934,0.0,-0.0,0.035881789032322864,1.2366878408464226,-0.31983372921615205,-0.22475403984561582,0.34166427490332674,0.13125959950458382,0.019503011417418392,0.16217957918089443,0.05727174512049338,0.3159983441716434,0.40425101841613925,0.3159983441716434,0.5550904361734477,0.15459832378190508,0.009564781253025512,0.139788892002779,0.021354906628406,0.08139880763552787,0.139788892002779,0.2550399250009682,0.5355380282753276,1.360635489208266,1.0234677804602426,0.6363441551483981,0.9710413643392433,0.024653043744251486,0.0,-0.0,0.5470598806443923,311588027.45963806,0.9680952609437568,0.30158730158730157,0.047619047619047616,0.03968253968253968,0.04577650483177857,0.8813820168519872,0.12316617529247531,-0.004155937898881024,0.13224204225304081,0.9547855796260357,-0.07354004634476652,0.10770011051732756,0.11595771910993724,0.021561471911739405,-0.2432985944803211,0.5481059171510041,1.3294365637933445,0.025263105345585096,0.14017961641491206,0.0,-0.0,0.38322912706044243,0.0,0.30158730158730157,301646892.75048876,19.524767665269394,0.30158730158730157,0.047619047619047616,0.047619047619047616,0.048563058756412515,0.14384367827342248,0.1868642187791929,0.2807018867995598,0.20453961847683066,0.8333333333333334,0.080921916207565,-0.07354004634476652,0.20453961847683066,0.19350099593227177,0.20453961847683066,0.11641720005223744,0.7286720470920305,0.032459868559957604,0.0,-0.0,0.38322912706044243,324321222.52982,0.03747398027935933,0.040578228495459674,0.02580247815176362,0.011038622544558896,0.05839008436725113,0.08805856861701877,0.26870216165236727,2.0,7.0,2.0,1.0,1.0,63.0,126.0,0.8092030360531309,0.40572842888779315,0.8239473929151209,2.6260362877225565,2.6260362877225565,0.9943181818181818,0.3263959353833352,0.5255017072767054,1,1,1,1,1,1
historical_mega100_examples,2024-08-31,IONQ,7.420000076293945,-0.8370558646325911,-0.5683537029802238,0.8617932461465546,0.9120512435883642,-0.3932951468502546,-0.2775073275985349,-0.2837837526846255,0.151619999557996,0.026526520081449734,-0.2133204740718866,0.12374997389952314,-0.03571427585140985,-0.3718423213016443,0.19421325251226207,-0.41158323991337864,-0.6229674816446773,0.6229674816446773,-0.05476255994304646,0.7970880609529718,-0.052638474892724996,-0.1374941205406367,-0.2572572326031758,0.08097392496059802,-0.14414410544296985,-0.05603968322723363,0.07399904591565298,-0.13216375312662954,-0.22440157947147696,-0.2837837526846255,-0.13216375312662954,-0.04678369161184903,-0.03975323260800756,-0.08957050017236345,-0.13742324676622486,-0.14796058453961458,-0.08957050017236345,-0.12457448788902988,0.6894929753319167,1.135264332242804,1.0428120549547164,-0.31487184346425356,-0.37623911512732966,0.0351632359825647,-0.3192660242226284,0.3192660242226284,0.12937593339782616,43828905.16335888,0.7971416455078326,0.5317460317460317,0.1111111111111111,0.15079365079365079,0.05853368828091733,0.5243941870971446,-0.05652728368045634,-0.03309764088761735,-0.011009510604979456,0.804320735040881,0.1593171230861823,0.11144008810607565,0.05547650851296737,-0.10698593939368106,-0.5779289008230692,0.7190115864827176,1.0886567017026882,0.03695391814866857,-0.06879511519625836,-0.17829454089557306,0.17829454089557306,0.12937593339782616,0.5238095238095238,0.30158730158730157,34937845.58272664,17.36908122890843,0.5873015873015873,0.12698412698412698,0.1746031746031746,0.0594112518015982,-0.0013458894518236786,-0.07657313122732234,-0.11442954210835429,-0.08957050017236345,0.16666666666666666,-0.049053116126439124,-0.14414410544296985,0.1593171230861823,-0.10060912271692235,-0.08957050017236345,0.028270509135336797,0.7827567822262925,0.03863690395634357,-0.04504503288181905,0.04504503288181905,0.12937593339782616,30515640.503134046,0.009523806805204371,0.051925298401458986,0.015325655498394264,0.011038622544558896,0.05839008436725113,0.08805856861701877,0.26870216165236727,1.0,4.0,1.0,0.0,1.0,63.0,126.0,0.6402277039848198,0.17789753116599916,1.0256064121872894,3.9191374157277084,3.9191374157277084,1.0,0.3263959353833352,0.5255017072767054,1,1,1,1,1,1
historical_mega100_examples,2024-08-31,LEU,39.59999847412109,-0.4343153256214981,-0.16561316396913084,1.2788849773690638,1.3296489198382448,-0.20831671108122274,-0.2114695836009649,-0.029173876310291114,-0.04839429996231004,-0.017298561972994397,0.21671978313741125,-0.41881533780460467,0.018141648618787976,-0.11723244492730989,-0.1729216783569023,-0.04973065477833449,-0.34000002543131524,0.34000002543131524,-0.01402674991722419,1.5301701363204059,-0.4459078080903104,-0.5578873769510602,-0.04647243828328551,0.024522756221775376,0.03371060840427509,-0.07524389069154902,-0.16356277255214613,-0.07756817627260115,-0.05107149695539259,-0.07756817627260115,-0.029173876310291114,0.1560680343655083,-0.06664201369032907,-0.20209555466719342,-0.1386258496886329,-0.26048563903444455,-0.20209555466719342,-0.30094893740821266,0.5866376873646336,1.426849210475817,1.1447060723018196,0.002837684449489286,-0.09104206861399256,0.027656152987324805,-0.22307244407056714,0.22307244407056714,0.09999995761447456,10198129.068937756,1.0532514475856714,0.38095238095238093,0.07936507936507936,0.06349206349206349,0.04979056105850456,0.5691432252523083,-0.04702358677332508,-0.08222570401906426,-0.04309923043674713,0.7611845909760508,0.021988271969800577,0.10419794728456892,-0.07368424621938974,-0.11167775918399647,-0.511878453038674,0.6715277229673926,1.2464764929626457,0.0314134255427914,-0.08728932045926552,-0.18985274941099706,0.18985274941099706,0.09999995761447456,0.5238095238095238,0.2857142857142857,10741194.204524206,16.18959692619069,0.4126984126984127,0.06349206349206349,0.12698412698412698,0.05222180733873033,-0.00490013743263118,-0.07687209261592609,-0.11183899452883098,-0.09361410577128182,0.6666666666666666,-0.00038856535025712696,-0.1386258496886329,0.1560680343655083,-0.10465272831584072,-0.09361410577128182,0.024049624565766647,0.8370435210515866,0.03671191249709212,-0.06382980642169589,0.06382980642169589,0.09999995761447456,9337924.35569763,0.015618960197124832,0.0447330519613255,0.015280462408135076,0.011038622544558896,0.05839008436725113,0.08805856861701877,0.26870216165236727,1.0,3.0,1.0,0.0,1.0,63.0,126.0,0.6224857685009487,0.3851010249398368,1.6214646858240265,1.2979798865262389,1.6214646858240265,0.9867424242424242,0.3263959353833352,0.5255017072767054,1,1,1,1,1,1
historical_mega100_examples,2024-08-31,MSTR,132.4199981689453,2.4350430981168665,2.7037452597692337,0.9758322010702227,1.0233455022600892,1.6574351455556138,1.64200639337224,0.2946306616279426,-0.051285401701788746,-0.5177732726233375,0.49044826386589047,-0.6218299474743109,0.6664971974930498,0.20657209301092383,-0.426012345236363,0.2603622733823878,-0.31001064050801563,0.31001064050801563,-0.03747234101029129,0.8991644770935805,-0.6477836959465559,-0.6940584669674328,-0.2231426109953949,0.28528648992072114,-0.3751877181316916,-0.07740337301478717,-0.05872289882929682,0.24334525992615386,0.10494443685290052,-0.2231426109953949,0.2946306616279426,0.4314057583902531,-0.062189353774498635,-0.1313816836084204,-0.09643227265457022,-0.18977176797567152,-0.1313816836084204,-0.15616176587783331,1.131618101963742,0.7640866894924913,0.7434644819408998,0.03570480488452343,-0.1504916369826258,0.052794784001393674,-0.31001064050801563,0.31001064050801563,0.28779400049310944,2522668095.415036,0.7160353911668206,0.626984126984127,0.20634920634920634,0.16666666666666666,0.08335048641396443,0.3294745212844566,-0.16123639174812054,-0.039965626875330895,-0.0841666319027643,0.7896174261813406,0.17202426863922748,0.39459943940934733,-0.038679348427513305,-0.13053910487658194,-0.5266127401415571,0.8413178659314177,1.0277379862152323,0.03962009524166468,-0.1770304795207971,-0.26437013597444114,0.26437013597444114,0.06203633766537631,0.4603174603174603,0.2698412698412698,1806319636.4845638,21.314557262706515,0.5079365079365079,0.12698412698412698,0.12698412698412698,0.07127816655573566,-0.08591703915277094,-0.16259790157181653,-0.20791837209464237,-0.1797775205724853,0.5,0.10308828552729721,-0.3751877181316916,0.6664971974930498,-0.1908161431170442,-0.1797775205724853,-0.02067295879065123,0.864654329299252,0.04171547261834464,-0.1172588292914647,0.1172588292914647,0.06203633766537631,1462417045.7771664,-0.03922336741438859,0.06909831953311206,-0.03198922519490777,0.011038622544558896,0.05839008436725113,0.08805856861701877,0.26870216165236727,1.0,4.0,1.0,0.0,1.0,63.0,126.0,0.9869070208728653,0.27322163143674727,0.8463978506332537,1.926068619381474,1.926068619381474,0.9886363636363636,0.3263959353833352,0.5255017072767054,1,1,1,1,1,1
historical_mega100_examples,2024-08-31,OKLO,5.96999979019165,-0.6924473365526526,-0.4237451749002853,1.116207786748533,1.1984862374750183,-0.4231884473279707,-0.4631295097453595,-0.43890981225971604,-0.1265923791783985,-0.038323134298279604,-0.05357148779193821,-0.35357846542403737,0.0733082432145491,-0.5269683808767348,0.03175985904374046,-0.3392379355394656,-0.6725178310421782,0.6725178310421782,-0.0905843454863201,2.7582496996846086,0.05997626716392612,-0.3715930204219109,-0.47723294655799564,0.06491757938622095,0.20315233619307604,-0.37797599587628194,0.03233466540385321,-0.5655021914381145,-0.4938816500852754,-0.5655021914381145,-0.43890981225971604,-0.2671033578914884,-0.10045342503356458,-0.4071499532159756,-0.15888773349395235,-0.4655400375832267,-0.4071499532159756,-0.519237648088137,1.2938111168544564,0.4875674874494455,0.6060623936001979,-0.6579468495968315,-0.7755981153254085,0.04803160488336432,-0.6725178310421782,0.6725178310421782,0.0,27706450.88846305,0.9290078520533416,0.5158730158730159,0.15079365079365079,0.18253968253968253,0.08850286755969289,0.9609885296543528,0.08554362523444137,-0.10460869595879607,-0.25142945976438,0.43290664167743514,0.07438017645563999,0.2180814793581158,-0.29515943306034076,-0.16036513774355343,-0.3490373537291265,0.7841302623473572,0.804483981514088,0.04098746118164532,-0.2323552720887293,-0.41527916083385696,0.41527916083385696,0.0,0.8571428571428571,0.0,25739510.427912455,17.06353777890753,0.5873015873015873,0.12698412698412698,0.2222222222222222,0.08407065241890412,-0.22272374786441174,-0.2632528890867518,-0.545252157695906,-0.34395609451310327,0.5,-0.06985107167254649,-0.34395609451310327,0.20315233619307604,-0.35499471705766217,-0.34395609451310327,-0.16251668892425153,0.6308202354788882,0.03596479010741243,-0.27106225933258865,0.27106225933258865,0.0,15901059.956259955,-0.11894926032500408,0.0755563508293401,-0.08603798143818608,0.011038622544558896,0.05839008436725113,0.08805856861701877,0.26870216165236727,1.0,4.0,1.0,0.0,1.0,63.0,126.0,0.6488614800759014,0.35510895090470074,2.7621440324626274,2.9430488681427,2.9430488681427,0.9962121212121212,0.3263959353833352,0.5255017072767054,1,1,1,1,1,1
historical_mega100_examples,2024-08-31,QBTS,1.0099999904632568,-0.3980124896474879,-0.12931032799512066,0.9021988304149274,0.9411873320545656,0.23170731618672447,0.1952662204336284,-0.4540540662449235,0.19128033409009726,-0.05084788995618039,-0.2702702667871647,0.018418394658287318,0.10270266787164717,-0.5421126348619423,0.20220219411604612,-0.4885448089459308,-0.5702127525740583,0.5702127525740583,-0.15801148879372418,2.0298161360237685,0.17872054518404767,-0.11814243083732578,-0.5049019562011039,0.12767129082296946,-0.32843135765358733,-0.16057879411709763,0.18493034600161995,-0.26277373215482625,-0.4072432515336179,-0.5049019562011039,-0.26277373215482625,-0.014598526172921567,-0.1061714270436821,-0.2518518721288774,-0.15555558106536194,-0.3102419564961285,-0.2518518721288774,-0.3052582337963505,0.9294010660446409,0.8832894871414089,0.8877171907574181,0.0128665099591736,0.022995165399317452,0.044260472697260675,-0.5702127525740583,0.5702127525740583,0.26249996926635544,5640767.529583214,0.7700316705512746,0.5634920634920635,0.15873015873015872,0.1746031746031746,0.09663130504193998,0.42862876954579304,0.06974331483221208,-0.13032565904414506,-0.02304077601684007,0.7157005081620037,-0.1228070065365382,0.15157813614415683,-0.11403508496746784,-0.14111633103547383,-0.6811502012203038,0.8250453034360982,0.9950122587890504,0.041217335775969186,0.0017962404785283326,-0.24060153543352603,0.24060153543352603,0.26249996926635544,0.5396825396825397,0.25396825396825395,4343569.643996349,15.28420729685199,0.5873015873015873,0.15873015873015872,0.1746031746031746,0.08577726070508636,0.05350994354618899,0.010610076704524962,0.01218129211617499,0.009999990463256836,0.3333333333333333,-0.08478163551558417,-0.32843135765358733,0.10270266787164717,-0.00103863208130206,0.009999990463256836,0.07338326219179048,0.8209301909752496,0.03866431133726992,-0.05607482153980292,0.05607482153980292,0.26249996926635544,2882645.473315886,0.0060762775334239905,0.07871288717179546,0.019584078957994855,0.011038622544558896,0.05839008436725113,0.08805856861701877,0.26870216165236727,1.0,4.0,1.0,0.0,1.0,63.0,126.0,0.644876660341556,-0.026732683434181337,0.04950490375089078,1.990099019249822,1.990099019249822,0.990530303030303,0.3263959353833352,0.5255017072767054,1,1,1,1,1,1
historical_mega100_examples,2024-08-31,RGTI,0.9160000085830688,-0.7598132545141546,-0.49111109286178734,1.2636148683712631,1.370699073278489,-0.1358490018583155,-0.26129032134017394,-0.5127659516455416,0.22839097434652988,0.11145877890816125,-0.4414893856492179,0.31387038582201465,-0.186170225919993,-0.6008245202625604,0.38514695181833836,-0.5417626946377766,-0.5855203652615721,0.5855203652615721,-0.13448922728844426,1.6358194802500965,-0.5805816898860141,-0.6341074351319768,-0.40130717273738037,0.11420641757266568,-0.1633986958659308,-0.133215981064279,0.24051193030634666,-0.28437497729901173,-0.39948270056064455,-0.5127659516455416,-0.28437497729901173,-0.17968751891749024,-0.06476793205307207,-0.12761899982720326,0.01904771528006588,-0.1860090841944544,-0.12761899982720326,-0.13888584502671025,0.9464770400781799,1.0306337589152457,0.9708391199961861,-0.12478172636745477,-0.22165051608909958,0.0469213811052154,-0.5855203652615721,0.5855203652615721,0.17737790739276882,6710800.228295581,0.7382021642016323,0.5952380952380952,0.18253968253968253,0.23809523809523808,0.09066863330924027,0.294884638013007,-0.02008925510655868,-0.1071474711266599,-0.053758099333114595,0.6594328672864641,-0.037383251496717174,0.08418567956488014,-0.14392526758863344,-0.18212944936269893,-0.7878300199451603,0.9188769366860952,1.0615906772682322,0.04807299724637119,-0.12749079657976337,-0.28437497729901173,0.28437497729901173,0.17737790739276882,0.5238095238095238,0.2698412698412698,4953927.252052606,15.415691406095036,0.6666666666666666,0.2222222222222222,0.23809523809523808,0.08311383076285545,-0.005500858141221365,-0.10951065610024191,-0.11346268326664348,-0.11067957861482502,0.16666666666666666,-0.10971192592248173,-0.186170225919993,0.01904771528006588,-0.12171820115938392,-0.11067957861482502,0.050639452519733785,0.9754711895427502,0.05398726011425553,-0.0517598456103987,0.0517598456103987,0.17737790739276882,2921830.6490523475,0.015521069253929376,0.06862133398205592,0.014846007378983783,0.011038622544558896,0.05839008436725113,0.08805856861701877,0.26870216165236727,1.0,4.0,1.0,0.0,1.0,63.0,126.0,0.648292220113852,-0.14519652288889917,0.4410480786937474,2.3296942398878704,2.3296942398878704,0.9924242424242424,0.3263959353833352,0.5255017072767054,1,1,1,1,1,1
historical_mega100_examples,2024-08-31,RKLB,6.269999980926514,-0.2750412998799039,-0.006339138227536623,1.3462536235923357,1.4481519982190048,0.4315068075578905,0.29278352664246565,0.36750271074382224,0.300050479902332,0.15804468031310304,-0.04689207214811342,0.48167471405300044,-0.10359866972313914,0.27944414212680346,0.06727993116106479,0.6201149551613473,-0.12795550333411299,0.12795550333411299,0.08641848839959554,1.3683356449208157,0.2641649752877926,0.8138019630470454,0.5255473910569253,0.15009666806310024,-0.0851581828908281,0.3116194385197497,-0.08628882359625212,0.6675531906461543,0.5202010974823006,0.36750271074382224,0.6675531906461543,0.1622340150646302,0.12445667715226794,0.434782641904887,0.098398241747498,0.3763925575376359,0.434782641904887,0.6061908213439847,0.5926364260126608,1.6702343770394552,1.210248350412468,0.599643186229341,0.9140769437489773,0.02690149305510092,-0.12795550333411299,0.12795550333411299,0.7762039749983334,45299504.52230431,1.3183036646302986,0.3253968253968254,0.07142857142857142,0.047619047619047616,0.05124213947107765,1.0078850714803347,-0.044039413005479644,0.11298531155494262,0.15412225516655842,1.9823202365093073,0.09166657560401847,0.1260272930265302,0.30624994412064765,0.12012679013367977,-0.13475385382165495,0.7172372569761633,1.3800757311259448,0.03256544201259081,0.2569417962938072,-0.12795550333411299,0.12795550333411299,0.4649531947586687,0.14285714285714285,0.9682539682539683,59718502.81769056,17.90515247703426,0.38095238095238093,0.12698412698412698,0.06349206349206349,0.05825173800305245,0.10280537838766679,0.20129868000984996,0.19858218521661034,0.19656493412184983,0.6666666666666666,0.06001781898733821,-0.10359866972313914,0.19656493412184983,0.18552631157729094,0.19656493412184983,0.05934530199506205,0.9898417318121456,0.046899076777967945,-0.12795550333411299,0.12795550333411299,0.36899565182807703,110885801.34690376,-0.05129369549850138,0.09166096549844678,-0.0031796472254066455,0.011038622544558896,0.05839008436725113,0.08805856861701877,0.26870216165236727,1.0,4.0,1.0,0.0,1.0,63.0,126.0,0.6271347248576851,0.5518340624936546,0.7065390497312258,3.3508773157307665,3.3508773157307665,0.9981060606060606,0.3263959353833352,0.5255017072767054,1,1,1,1,1,1
historical_mega100_examples,2024-09-30,ALAB,52.38999938964844,,,1.2287561708126413,1.286460158278845,,,-0.29384017164543175,0.10558480515138202,-0.08806169162440824,-0.18439147687961377,0.050198795386922845,0.14247202246922952,-0.39636648191380486,0.15964749015274082,-0.37312411458888767,-0.38868143226085583,0.38868143226085583,-0.10106576458120986,1.3612707048440933,-0.2146378839363049,-0.3200277322336661,-0.38190186326984,0.09695529753804398,-0.23855593099448646,-0.02735799977284592,0.15988271963082534,-0.18825536649404973,-0.28799913380310715,-0.38190186326984,-0.18825536649404973,-0.06244193580456836,-0.101680715842828,-0.13419268149269092,-0.27549163165342705,-0.1543255424771829,-0.13419268149269092,-0.16012532664831503,0.7875132165316845,1.0309098127257095,1.0641698525897296,-0.7268250289687138,-0.6676350183659435,0.03665268839954535,-0.38868143226085583,0.38868143226085583,0.44047294276160387,130330724.98368157,0.9692814243849946,0.4523809523809524,0.12698412698412698,0.1111111111111111,0.07071956761174825,0.7467611314658587,0.2247949679752197,0.027906317784291534,0.1858145771915607,0.6569714884711777,-0.01779194289648811,0.19751021411756225,0.1950273541811527,0.0990992052086288,-0.4314253557359916,0.8380478235489864,0.9687455533690609,0.039644977589474245,0.19444213608358796,-0.13404959686531503,0.13404959686531503,0.44047294276160387,0.9841269841269841,0.5873015873015873,126327150.75331189,18.654385542468873,0.5079365079365079,0.15873015873015872,0.12698412698412698,0.0699772481582333,0.17337015135024836,0.1930657039783903,0.2668879633064396,0.2166743548258354,0.3333333333333333,-0.039189177342317506,-0.27549163165342705,0.2166743548258354,0.19045832359699788,0.2166743548258354,0.14576270329546936,0.8118551025737,0.03823025442141138,-0.04310503397902399,0.04310503397902399,0.3775966624056002,167719738.1653922,0.037343570616029664,0.045560767057791454,-0.007501987529135445,0.026216031228837533,0.020132860984491963,0.10252631026837311,0.3716399253450404,1.0,4.0,1.0,0.0,1.0,63.0,126.0,0.7089184060721063,0.3391869532255054,0.9707959763863028,1.5281541991087049,1.5281541991087049,0.9848484848484849,0.26661275554924757,0.38712146808481646,1,1,1,1,1,1
historical_mega100_examples,2024-09-30,APP,130.5500030517578,1.8953772428932318,2.2670171682382723,1.2799982027281769,1.4869285436626305,2.2760353337664,1.1860348356205335,0.8860156132547337,-0.2837819648359088,-0.03607932848339224,0.2022536803396171,0.36647981085000003,0.019503011417418392,0.7834893029863605,-0.3172821220651165,1.5393271500029615,-0.0012241118039235666,0.0012241118039235666,0.09930129294925694,0.7338701484270793,-0.6461985049987944,-0.44497974555865283,0.8499362847713414,0.1544832879666538,0.15459832378190508,0.4891807946864932,0.03591575945765768,0.6022336484188249,0.7793951821483001,0.6022336484188249,0.8860156132547337,0.021354906628406,0.14020925329164502,0.5687334911896171,-0.07354004634476652,0.5486006302051252,0.5687334911896171,0.8906592899062705,0.5755862964237518,1.1331613719369011,1.1093964086318395,-0.16734328618823113,0.1704892141094907,0.02624580699844987,-0.0012241118039235666,0.0012241118039235666,0.9543412737661912,365858561.9278378,1.051366292610858,0.31746031746031744,0.07142857142857142,0.03968253968253968,0.04694089031990019,0.7064193568298254,-0.0012241118039235666,0.285829186111082,0.4012668022833863,1.3450757346479925,0.20453961847683066,0.1716089929147323,0.6932555854145368,0.35557297494081763,0.02217677110499805,0.6385533701102117,1.0214215253629402,0.028632164329285954,0.4282917233336099,-0.0012241118039235666,0.0012241118039235666,0.9444445075745094,0.047619047619047616,0.6190476190476191,384651359.87401086,19.767847925816973,0.3333333333333333,0.1111111111111111,0.06349206349206349,0.049180374549048146,0.25621252187109356,0.43604448106553817,0.6220613693024071,0.40572842888779315,0.8333333333333334,0.12203070714126446,-0.07354004634476652,0.40572842888779315,0.3795123976589556,0.40572842888779315,0.1747767382170713,0.6522321573236185,0.02944281583831352,-0.0012241118039235666,0.0012241118039235666,0.5436916580685245,613385402.8297061,0.02857638991347944,0.04477210956907298,0.010104915683162075,0.026216031228837533,0.020132860984491963,0.10252631026837311,0.3716399253450404,2.0,7.0,2.0,1.0,1.0,63.0,126.0,0.850853889943074,0.29751049735703283,1.5794714065727917,1.4805053925880038,1.5794714065727917,0.9867424242424242,0.26661275554924757,0.38712146808481646,1,1,1,1,1,1
historical_mega100_examples,2024-09-30,BE,10.5600004196167,-0.5752598169483769,-0.2036198916033365,1.0205770531945744,1.1232501452165866,-0.28648646732940586,0.20410488807539617,-0.06049816417690357,-0.29244297448220224,0.009285254117301966,0.08896797334191753,-0.22622282488739198,-0.009786446522881298,-0.16302447444527668,-0.07675668736857089,-0.08332928143797584,-0.3788235047284294,0.3788235047284294,-0.0029025875470480855,0.7085480953721409,-0.6255167810641455,-0.6769164196854577,-0.0512129100596016,0.17158527190186204,0.46630723513195615,-0.1669230225806665,-0.028900470557293167,-0.3529411386591058,-0.15488407096520365,-0.3529411386591058,-0.0512129100596016,-0.25,-0.08798361554534773,-0.13725485154547445,0.10620916789576906,-0.15738771252996642,-0.13725485154547445,-0.19729479570149025,0.726013270880464,0.8599750607803934,0.9582250403149589,0.5546319272125724,0.3784142748987076,0.03612322400815003,-0.3788235047284294,0.3788235047284294,0.1330472924243873,77529758.640751,0.8046147237447169,0.5634920634920635,0.10317460317460317,0.11904761904761904,0.06389150250520122,0.6364757440732348,-0.06509095052328673,-0.11566676795850261,-0.08089190885850339,0.6392188717762703,-0.12038405605858238,0.2520393240089401,-0.22008859310428663,-0.08517072580581764,0.02995625291114501,0.6956840957586278,0.8974666958168076,0.036174716333533016,-0.10165707279742375,-0.3089004840209306,0.3089004840209306,0.08307696611453319,0.8253968253968254,0.23809523809523808,62381585.330722444,17.948780698937977,0.5714285714285714,0.1111111111111111,0.1111111111111111,0.062076783668766324,-0.026638359121100685,-0.10810349765982874,-0.18154797632493272,-0.11335007935275065,0.3333333333333333,0.013165970182251815,-0.25,0.46630723513195615,-0.1395661105815882,-0.11335007935275065,0.011978958243189508,0.6243533067527992,0.030269858691880785,-0.11335007935275065,0.11335007935275065,0.08307696611453319,51916525.96073605,0.009270802644223641,0.055438316606984825,0.00782595442019307,0.026216031228837533,0.020132860984491963,0.10252631026837311,0.3716399253450404,1.0,3.0,1.0,0.0,1.0,63.0,126.0,0.6436432637571158,-0.09090909090909072,1.5994317871377337,1.1032195266975968,1.5994317871377337,0.9886363636363636,0.26661275554924757,0.38712146808481646,1,1,1,1,1,1
historical_mega100_examples,2024-09-30,IONQ,8.739999771118164,-0.7842743538464175,-0.4126344285013771,1.0060616607697797,1.0818422483444683,-0.2945924512561984,-0.15637065050624366,-0.1251251279918788,0.19751778813954735,0.14734730064038848,-0.29629625917183644,0.5395394327529696,-0.14414410544296985,-0.22765143826025191,0.3683683015730119,-0.16829005507853706,-0.45375001430511475,0.45375001430511475,-0.014332360675724631,0.9908693809903385,0.4843047993097087,0.845351809255509,0.022222172648509675,0.10266578580800534,-0.04678369161184903,0.12665159449006724,0.19639921867564292,0.07239266014766854,-0.010170098398566862,-0.1251251279918788,0.07239266014766854,-0.13742324676622486,0.005420417819686829,0.24324317358113312,0.1593171230861823,0.22311031259664116,0.24324317358113312,0.2785448619821282,0.7435087470467926,1.3412677871713719,1.1745173239075382,5.899384551552451,7.126768029838468,0.036621527034903095,-0.09989704049619352,0.09989704049619352,0.33028912370759533,41279490.01316759,1.0430524926121754,0.5396825396825397,0.12698412698412698,0.15079365079365079,0.059243562757179895,2.5285566751214894,0.07839750039937954,0.018976274883959032,0.1605672327858194,1.3463855322228246,-0.08957050017236345,0.1454772402468164,0.07239266014766854,0.06709265002191711,1.211585636175558,0.8732639038832456,1.141973608962247,0.043830182947243654,0.11941111157831386,-0.09989704049619352,0.09989704049619352,0.33028912370759533,0.015873015873015872,0.6190476190476191,43056674.95199385,17.578027851193713,0.6666666666666666,0.1746031746031746,0.20634920634920634,0.0660961308997166,0.15435410115115422,0.15671230586032858,0.17838911235336707,0.17789753116599916,0.3333333333333333,-0.013451148290204292,-0.14414410544296985,0.17789753116599916,0.15168149993716162,0.17789753116599916,0.1377245114992054,0.9972443318940107,0.044845315349553196,-0.09989704049619352,0.09989704049619352,0.32024168009181775,59014645.836707525,0.06429611940434388,0.07671624593749227,0.03505444289913462,0.026216031228837533,0.020132860984491963,0.10252631026837311,0.3716399253450404,1.0,4.0,1.0,0.0,1.0,63.0,126.0,0.6426944971537002,0.7196796483494996,3.176201482363463,3.7791763789050723,3.7791763789050723,0.9962121212121212,0.26661275554924757,0.38712146808481646,1,1,1,1,1,1
historical_mega100_examples,2024-09-30,OKLO,8.09000015258789,-0.5899974273339352,-0.2183575019888948,1.2502036467122037,1.358255738396495,-0.23390153114392231,-0.23966166432834213,-0.29159368664266383,0.09497009158396585,-0.1196144438266481,-0.2583187206267059,0.21345448184738203,0.20315233619307604,-0.39411999691103694,0.24672944786333995,-0.21325469385874066,-0.5562259815835702,0.5562259815835702,-0.1416690757298018,2.659020360919661,0.3519633935658588,0.2913085850560151,-0.4112081304693119,0.10752786949190912,-0.2671033578914884,-0.02627491422849826,0.41092237714298474,-0.19662359505869798,-0.29980847072355793,-0.4112081304693119,-0.19662359505869798,-0.15888773349395235,-0.0855444767613518,-0.044864238779323884,0.07438017645563999,-0.06499709976381585,-0.044864238779323884,-0.04995973456973402,1.3673494419579562,0.8398109286744199,0.656750879884557,-0.07385491299897651,0.25502749723149987,0.0531618131941465,-0.5562259815835702,0.5562259815835702,0.44722717920546473,30926382.955025114,0.7786681436933381,0.5793650793650794,0.16666666666666666,0.1984126984126984,0.09859433403560132,0.797032632781425,0.29082032457664475,-0.12009782204044395,0.09999185967796986,0.6900881798193952,-0.34395609451310327,0.2773657572241348,-0.1109890314882288,-0.05166101657940969,-0.4270874554808073,0.8980079491155458,1.278735901841564,0.038959983825251676,0.12409812926118158,-0.12445883625721221,0.12445883625721221,0.44722717920546473,0.7619047619047619,0.30158730158730157,24081389.2067387,16.996949909576404,0.49206349206349204,0.09523809523809523,0.15873015873015872,0.0777112741071996,0.18349833347541722,0.24629521268491983,0.30924349978843446,0.35510895090470074,0.5,-0.022884287057521213,-0.34395609451310327,0.35510895090470074,0.3288929196758632,0.35510895090470074,0.17835555628528676,1.148315004673161,0.042806918652263604,-0.0848416274948185,0.0848416274948185,0.44722717920546473,23611701.837305795,0.03851092338431572,0.08042555294753226,-0.03804992676665775,0.026216031228837533,0.020132860984491963,0.10252631026837311,0.3716399253450404,1.0,4.0,1.0,0.0,1.0,63.0,126.0,0.6514231499051233,1.7762668307599454,1.909765200436639,1.6242273352053171,1.909765200436639,0.9924242424242424,0.26661275554924757,0.38712146808481646,1,1,1,1,1,1
historical_mega100_examples,2024-09-30,QBTS,0.9829999804496764,-0.3529870681793299,0.018652857165710524,0.878736093610744,0.9464616475132128,0.11704543838200476,-0.46864866606417654,-0.5181372554748622,0.24628537628173064,0.23565548688236793,-0.4411764671508279,0.30345716257600397,-0.32843135765358733,-0.6206635657432353,0.38041795090003827,-0.6807753230997091,-0.5817021190035443,0.5817021190035443,-0.10350632692696315,0.638086112310333,-0.8522163704191354,-0.8725690291125554,-0.2824817685924943,0.1392258295100938,-0.014598526172921567,-0.09516009049738372,0.16909771296537235,-0.2718518791931316,-0.3574903010868294,-0.5181372554748622,-0.2718518791931316,-0.15555558106536194,-0.07686073479663902,-0.13771930457482395,-0.1228070065365382,-0.15785216555931592,-0.13771930457482395,-0.16243524990395303,0.761098761799528,0.8981879459787548,1.1139700758304512,0.09677944709091646,0.06745958933471852,0.038031822903299164,-0.5085000097751617,0.5085000097751617,0.2287499572522944,4204667.837562163,0.8415527054202788,0.5396825396825397,0.1349206349206349,0.1349206349206349,0.08484018811125056,0.5190366088631985,-0.020300758753659,0.011991235873638706,0.027425872747502522,0.5938422392510594,0.009999990463256836,0.12673335938988262,-0.017000019550323597,0.01743998510894773,0.06687965358821346,0.8478412453962827,0.8062945006033188,0.041986152543831125,-0.032432993987460024,-0.260902294187185,0.260902294187185,0.2287499572522944,0.8571428571428571,0.5714285714285714,3538449.594094072,15.079199504013635,0.5873015873015873,0.19047619047619047,0.14285714285714285,0.08285965056118147,0.01284514893875377,-0.02553362832063588,-0.039105182565859924,-0.026732683434181337,0.16666666666666666,-0.1063541940665556,-0.32843135765358733,0.009999990463256836,-0.05294871466301887,-0.026732683434181337,0.030560345402372624,0.6836097335476916,0.03341644702525302,-0.04563106043263032,0.04563106043263032,0.16607353092049282,2008762.9708264552,0.020132817285109406,0.05667780317527225,0.006141230674246101,0.026216031228837533,0.020132860984491963,0.10252631026837311,0.3716399253450404,1.0,4.0,1.0,0.0,1.0,63.0,126.0,0.6401328273244782,0.07833160107962645,2.0722279155539813,7.545269364794562,7.545269364794562,0.9981060606060606,0.26661275554924757,0.38712146808481646,1,1,1,1,1,1
historical_mega100_examples,2024-09-30,RGTI,0.7829999923706055,-0.7829181455665385,-0.41127822022149807,1.1217188544417158,1.249164320731126,-0.2050761614222043,-0.5835106412996907,-0.48823528953443707,0.23394960184780356,0.09995404724695234,-0.30065354741140526,0.03242920534359661,-0.1633986958659308,-0.5907615998028102,0.22001094746662841,-0.5784553403625597,-0.6457013670338528,0.6457013670338528,-0.08715319470234217,0.3733871044086602,-0.9126727644560307,-0.9360960547544125,-0.38828124228748473,0.11738685078163673,-0.17968751891749024,-0.19165015224875082,-0.12115797139368933,-0.2542856876866335,-0.3769340731695185,-0.48823528953443707,-0.2542856876866335,0.01904771528006588,-0.10106272915272285,-0.26822434206780865,-0.037383251496717174,-0.2883572030523006,-0.26822434206780865,-0.3038888515546961,0.8440328154433232,0.927923719385232,1.0457408872570921,0.04766783499595584,-0.1044498917879979,0.04328635970090445,-0.4407142816392742,0.4407142816392742,0.13808134560946406,4552536.546459321,0.932008398004874,0.5873015873015873,0.18253968253968253,0.21428571428571427,0.08479431650812905,0.3281583844025256,-0.103906264988473,-0.10412162683847614,-0.09954460573529689,0.6760446789880572,-0.11067957861482502,0.07819158626393208,-0.239805811534043,-0.09025146531592276,-0.014806551391917222,0.8826396252958023,0.887336175425935,0.04815703722840046,-0.12186181496778303,-0.38828124228748473,0.38828124228748473,0.13808134560946406,0.8412698412698413,0.23809523809523808,4243002.293524194,15.260781900409519,0.7301587301587301,0.2222222222222222,0.2222222222222222,0.08590089539764045,-0.05533661554069835,-0.15165461931357427,-0.1853892757959755,-0.14519652288889917,0.16666666666666666,-0.10288297541729942,-0.17968751891749024,0.01904771528006588,-0.1714125541177367,-0.14519652288889917,-0.011737988649426545,0.7831980693893575,0.04075062939392867,-0.14519652288889917,0.14519652288889917,0.13808134560946406,2434288.493905181,-0.009487672100589428,0.07224957892868669,0.01136656420857629,0.026216031228837533,0.020132860984491963,0.10252631026837311,0.3716399253450404,1.0,4.0,1.0,0.0,1.0,63.0,126.0,0.647248576850095,0.6858238382042179,2.895274561985786,18.4891447989428,18.4891447989428,1.0,0.26661275554924757,0.38712146808481646,1,1,1,1,1,1
historical_mega100_examples,2024-09-30,RKLB,9.729999542236328,0.8498210993148432,1.2214610246598836,1.3948791369046123,1.5103455638039376,0.7594935213526033,1.1221372870846706,1.3673964053904641,-0.14085182940782515,0.22036943687421306,0.16788322014735546,0.8591999372694985,-0.0851581828908281,1.264870095122091,-0.3403132479736102,2.0384458627197963,-0.005112494079759333,0.005112494079759333,0.15437179785339028,1.3449909857842368,0.3551273777286912,1.746955883548297,1.5877658422646772,0.1820635098759899,0.1622340150646302,0.7722325150763962,0.0368036792841373,1.226544575982639,1.3939022745459269,1.226544575982639,1.5877658422646772,0.098398241747498,0.17119167182111394,1.027083157416854,0.09166657560401847,1.006950296432362,1.027083157416854,1.3084311473149772,0.6708033950757052,1.2106788241265432,1.1701983503144628,1.49625580625789,2.873774788848554,0.03068518374961902,-0.005112494079759333,0.005112494079759333,1.7563738303390415,57816347.61844703,1.432296163597109,0.38095238095238093,0.1111111111111111,0.047619047619047616,0.0552411020111436,1.9493824344350028,0.12284300925435365,0.25042035912450644,0.5375376621523444,1.6168967576299782,0.19656493412184983,0.21115329843180972,0.8568702227557621,0.24748748335591975,0.8170466609372629,0.7849730263029311,1.0345928310368941,0.036778259801829756,0.2187405622986165,-0.005112494079759333,0.005112494079759333,1.1244540839125134,0.015873015873015872,0.5873015873015873,82810132.88709852,18.232061001807253,0.4444444444444444,0.19047619047619047,0.047619047619047616,0.06342853190848406,0.3772765318415181,0.3817672395215814,0.6794919343185961,0.5518340624936546,0.8333333333333334,0.16925660769013717,-0.0851581828908281,0.5518340624936546,0.5256180312648171,0.5518340624936546,0.33424746575678177,0.8121274655703478,0.038855981181094554,-0.005112494079759333,0.005112494079759333,0.6746987328852596,107842209.29530235,0.2027193699402583,0.05953603091232316,0.09547396809419251,0.026216031228837533,0.020132860984491963,0.10252631026837311,0.3716399253450404,1.0,4.0,1.0,0.0,1.0,63.0,126.0,0.6496204933586338,0.09969170736526722,1.8037000996996464,1.6176773393249824,1.8037000996996464,0.990530303030303,0.26661275554924757,0.38712146808481646,1,1,1,1,1,1
historical_mega100_examples,2024-09-30,SOUN,4.659999847412109,0.9467679699396212,1.3184078952846616,1.5964321683089815,1.714406652247753,1.1981132542293436,-0.3719676820084844,-0.20882853089220765,0.1316007430520646,0.30788515800687943,-0.32937179334087585,0.5091185759123692,-0.28013584597107,-0.31135484116058076,0.388575313463701,-0.24139601228815724,-0.47699215182752264,0.47699215182752264,0.019465599863816463,0.4678579288898012,-0.6302732870876024,-0.5638161000108647,0.09905662711467178,0.15448204914527447,0.19103784512778121,-0.027566232692346482,0.04118123117340233,-0.07722778784014306,-0.06233323053922631,-0.20882853089220765,0.09905662711467178,-0.21782180227820513,0.018031680807036654,0.17974678257149335,0.28860761801070667,0.15961392158700138,0.17974678257149335,0.18910009971727096,0.8650869122184446,0.5144887364233206,1.098777166396945,0.35722117120990626,0.29338458556812275,0.03883443196712301,-0.24838709826275918,0.24838709826275918,0.312676030987431,115929572.1750757,1.0118500353372426,0.5079365079365079,0.15079365079365079,0.15079365079365079,0.07491403694624946,0.6528005046000812,-0.03709677841115089,-0.010913303607870795,-0.03575569492340447,0.586190073880984,-0.03929278587557794,0.22255045505969165,-0.08447942873973346,-0.027715270181067453,-0.1112604876400698,0.9505377460944652,0.4682375573114669,0.03910988012818349,-0.027389032832955462,-0.24838709826275918,0.24838709826275918,0.1857505771640504,0.873015873015873,0.9682539682539683,117303341.70198175,18.580273810250763,0.4444444444444444,0.1746031746031746,0.15873015873015872,0.07530477628523356,-0.035928583400351655,-0.021483591737708974,-0.10567771440131316,-0.04703477001090095,0.3333333333333333,-0.01743995683287769,-0.28013584597107,0.28860761801070667,-0.07325080123973848,-0.04703477001090095,-0.019669746003836752,0.44507747236361966,0.01959797684614203,-0.0698603523912098,0.0698603523912098,0.07126435622433092,58254226.93807057,-0.04213775163880307,0.04460453621547637,-0.03479704366491121,0.026216031228837533,0.020132860984491963,0.10252631026837311,0.3716399253450404,1.0,4.0,1.0,0.0,1.0,63.0,126.0,0.6991461100569261,0.07939922199819738,0.9978542327178246,3.25751090176663,3.25751090176663,0.9943181818181818,0.26661275554924757,0.38712146808481646,1,1,1,1,1,1
historical_mega100_examples,2024-10-31,BE,9.600000381469728,-0.46538181972409465,-0.0769230063850328,0.9941905093449179,1.0352406085846186,-0.1519434063360371,-0.14590742197900308,-0.13746628187236498,-0.07821994680533895,-0.2742983896359129,0.2165318798411502,-0.5075215099359561,0.46630723513195615,-0.280451528024556,-0.15352334822244096,-0.18964413771302752,-0.43529409520766305,0.43529409520766305,-0.07421402729875792,0.6882501020765751,-0.05146473324672063,-0.32747865965113543,-0.4117646715082779,0.14130624094376712,-0.25,-0.1802648394252213,0.004865035735862833,-0.21568622867770393,-0.25497239401944893,-0.4117646715082779,-0.13746628187236498,0.10620916789576906,-0.07409239115308319,-0.29098963009480594,-0.12038405605858238,-0.31956276257300564,-0.29098963009480594,-0.45736245616048493,0.7248643882701037,0.731092661384974,0.8777285744728045,0.20417121119416892,0.09470110108560825,0.036670265484570634,-0.43529409520766305,0.43529409520766305,0.06194694933404743,75765130.40487653,0.6828364202644592,0.5793650793650794,0.1111111111111111,0.11904761904761904,0.06316745652072468,0.8042118104803726,0.11023610574814802,-0.047754635780735355,-0.0841616814509597,0.6640149415324804,-0.11335007935275065,0.25566661699862553,-0.19395461759340948,-0.026608819159029684,0.26870147705933456,0.6362341862024196,0.8329370635154434,0.03199471762322514,-0.07461552797086313,-0.1986643782727826,0.1986643782727826,0.06194694933404743,0.8571428571428571,0.09523809523809523,51735190.42653583,17.76164879315034,0.47619047619047616,0.12698412698412698,0.07936507936507936,0.05556719715125741,-0.06396251643335382,-0.059304294853550155,-0.17154502455088816,-0.09090909090909072,0.3333333333333333,-0.00035447054878308865,-0.25,0.46630723513195615,-0.08226279754725563,-0.09090909090909072,-0.0491754160055321,0.5299430347635812,0.02539924502825547,-0.11357336573419097,0.11357336573419097,0.06194694933404743,48233420.43922061,-0.01518255780148825,0.05234374678471974,-0.030107068006111626,-0.008646293361835089,0.028573132478199703,0.142985246152191,0.38845881333906185,1.0,3.0,1.0,0.0,1.0,63.0,126.0,0.6415559772296016,1.8593749658515066,1.3135414793673559,1.4562498944501114,1.8593749658515066,0.9943181818181818,0.2556052016197027,0.3710887238054932,1,1,1,1,1,1
historical_mega100_examples,2024-10-31,IONQ,15.029999732971191,0.1706697341388308,0.5591285474778926,1.1278189134213925,1.2229913643661012,0.4634857899747382,0.5045045122447394,0.7578946663952506,0.38008531716166805,0.08627716630007654,-0.04678369161184903,0.8909555243071762,-0.04678369161184903,0.6149094202430596,0.08627716630007654,0.9213427875633575,-0.1560920727868249,0.1560920727868249,0.12133291970864768,1.4574343903871383,4.331619841758658,8.832423134810835,0.8441718326953271,0.19926189937674343,-0.13742324676622486,0.7291961125593356,-0.03432481557170819,1.1379799835569187,0.9133488275491656,0.7578946663952506,1.1379799835569187,0.1593171230861823,0.30450560059719955,0.8441718326953271,-0.08957050017236345,0.8155987002171274,0.8441718326953271,0.8864238605404162,0.8225979262285513,1.1830817337162824,1.1577153963080846,0.1279166499619131,0.9396553079740484,0.04001180316304201,-0.1560920727868249,0.1560920727868249,1.2876711324606416,77289860.83240774,1.5151827739329509,0.5634920634920635,0.1746031746031746,0.15079365079365079,0.0662660035600158,2.0438707216738257,-0.056195032290631386,0.5045867459430218,0.5259192742182375,2.2952081031066687,0.17789753116599916,0.3168131963198597,1.0256064121872894,0.661996933764623,0.48876492442700115,0.9523342841658958,1.0219106850345865,0.04599913754857777,0.8785012991072707,-0.1560920727868249,0.1560920727868249,1.2876711324606416,0.047619047619047616,0.9841269841269841,117108265.73293929,18.578609421575255,0.5714285714285714,0.25396825396825395,0.15873015873015872,0.07660182199002108,0.30291556952118626,0.9008659680082258,0.7394977588500586,0.7196796483494996,0.5,0.13051947734187394,-0.13742324676622486,0.7196796483494996,0.7283259417113347,0.7196796483494996,0.15172411746905667,0.9732005807138931,0.04884297996967649,-0.1560920727868249,0.1560920727868249,0.6571113824345589,254070238.5911124,-0.04224814916961328,0.10528942629151146,-0.09902889747552779,-0.008646293361835089,0.028573132478199703,0.142985246152191,0.38845881333906185,1.0,4.0,1.0,0.0,1.0,63.0,126.0,0.6994307400379507,1.4284764237174428,1.779108529598517,1.6274120013347635,1.779108529598517,0.9924242424242424,0.2556052016197027,0.3710887238054932,1,1,1,1,1,1
historical_mega100_examples,2024-10-31,QBTS,1.059999942779541,0.07968514591183484,0.4681439592508967,1.0482894659811273,1.0910548105917228,0.2544377596328862,-0.4803921751955852,-0.22627741672252244,0.1561019396004062,0.011462545655314127,-0.27007299524128703,0.33007293802082804,-0.014598526172921567,-0.36926266287471343,0.28627735950206346,-0.27780874347993967,-0.5489361762568769,0.5489361762568769,-0.046481641640032434,0.9680986186821714,2.2903624891748113,2.4877840502492483,-0.2148148710672083,0.08700551685641603,-0.15555558106536194,0.03117850224056018,0.18637783320915513,-0.07017547712211625,-0.170422588303949,-0.22627741672252244,-0.07017547712211625,-0.1228070065365382,0.05381834836584276,0.059999942779541016,0.009999990463256836,0.03142681030134131,0.059999942779541016,0.07160540012998381,0.814507901688349,1.2145485727764518,1.028749787375943,1.9619125399064519,2.1939238914151473,0.039476934785550546,-0.2535211444965225,0.2535211444965225,0.324999908730389,4529623.324630989,0.903595191185936,0.5634920634920635,0.15079365079365079,0.1349206349206349,0.08653333922585135,1.334794355547005,0.13693527713060205,0.055402705771271155,0.056892677993780616,1.5021660365115554,-0.026732683434181337,0.08662710986780332,0.04950490375089078,0.11415070076675815,0.8232117422136238,0.8379248306779146,1.1806063900867771,0.039774029635789104,0.2071503788157243,-0.12396701705658297,0.12396701705658297,0.324999908730389,0.12698412698412698,0.9365079365079365,4092945.8540202132,15.22477577078731,0.5555555555555556,0.1746031746031746,0.14285714285714285,0.08414619342704469,0.03620184216750255,0.15297039274044777,0.07918206319449426,0.07833160107962645,0.3333333333333333,-0.03856036761101996,-0.15555558106536194,0.07833160107962645,0.08697789444146153,0.07833160107962645,-0.0008954769925818562,0.9892594095107267,0.045794497594186405,-0.12396701705658297,0.12396701705658297,0.18701000543717172,7528069.803324767,-0.07665510364250838,0.1303908588448189,-0.04847400764471843,-0.008646293361835089,0.028573132478199703,0.142985246152191,0.38845881333906185,1.0,4.0,1.0,0.0,1.0,63.0,126.0,0.6408918406072106,1.8490567395762718,6.924528369788136,4.603773941387713,6.924528369788136,0.9981060606060606,0.2556052016197027,0.3710887238054932,1,1,1,1,1,1
historical_mega100_examples,2024-10-31,RGTI,1.3200000524520874,-0.1431756777657034,0.24528313557335846,1.0977420454748656,1.1108379993622168,0.0645161631452178,-0.13725485154547445,0.03125006402842834,0.20239478433123526,0.22589290015951002,-0.19531250436557468,0.4768659889457948,-0.17968751891749024,-0.11173518212376266,0.2503034205517918,0.033093836161120785,-0.4027149187025024,0.4027149187025024,-0.012634187381628026,0.550548133708779,1.5931379489357687,2.323244974455839,0.25714296418793836,0.12419300336870875,0.01904771528006588,0.3947591418219232,0.14428575716051129,0.2336448483596636,0.17401262552534344,0.03125006402842834,0.25714296418793836,-0.037383251496717174,0.06591944400464511,0.2815534845802201,-0.11067957861482502,0.2529803521020204,0.2815534845802201,0.2733109785988757,0.9442865395321398,1.3322924984202535,1.0909379018436993,1.8280405579288694,3.767578187964844,0.04577669443340853,-0.11999996503194177,0.11999996503194177,0.9186046622439674,4910918.177335745,0.8874466534984039,0.5952380952380952,0.19047619047619047,0.18253968253968253,0.08753435596930692,0.8657230639951682,0.26828127725554296,0.16894274591885594,0.4458465272329557,1.9149958060152181,-0.14519652288889917,0.32519822288829275,0.4410480786937474,0.34745492933694133,0.7739776151528195,1.0301579761764401,1.221235870683988,0.049645712305990956,0.6670961267570403,-0.11999996503194177,0.11999996503194177,0.9186046622439674,0.047619047619047616,0.6031746031746031,4358177.902081088,15.287564845062446,0.6507936507936508,0.23809523809523808,0.12698412698412698,0.09051254284189181,0.37280736693072014,0.7772633913301243,0.5451414372928237,0.6858238382042179,0.3333333333333333,0.038654113594392026,-0.17968751891749024,0.6858238382042179,0.694470131566053,0.6858238382042179,0.248167976534454,1.25806587297789,0.05613271101833091,-0.11999996503194177,0.11999996503194177,0.7647058917276883,7966085.728957255,0.02009276232968804,0.13365798876829213,-0.044862491999952736,-0.008646293361835089,0.028573132478199703,0.142985246152191,0.38845881333906185,1.0,4.0,1.0,0.0,1.0,63.0,126.0,0.6484819734345351,1.3106059326668027,10.560605774624191,8.977272388609984,10.560605774624191,1.0,0.2556052016197027,0.3710887238054932,1,1,1,1,1,1
historical_mega100_examples,2024-10-31,RKLB,10.699999809265137,1.1410919575871286,1.5295507709261904,1.4140911938024114,1.4082334996112686,1.206185571064616,1.603406195054236,1.845744637341562,-0.6165780989904448,-0.39723203105433846,0.3936169639384923,0.6483678216795159,0.1622340150646302,1.702759391189371,-0.8037598517235538,2.6238199414086227,-0.06713168612359,0.06713168612359,0.22925099194684884,1.496945147648947,1.5599427529554766,4.227364153588163,1.4485126062872236,0.3125365408420954,0.098398241747498,0.5554699226474877,0.016784404205043346,1.2291665383511172,1.507807927326634,1.2291665383511172,1.845744637341562,0.09166657560401847,0.32252052843361145,1.0419847856180082,0.19656493412184983,1.0134116531398085,1.0419847856180082,1.2588898949758354,0.7034570506201185,0.896785933143625,1.17661950471343,-0.35891141365986345,-0.2950001979152296,0.0328340471329571,-0.06713168612359,0.06713168612359,1.6952140383260565,76211296.97595003,1.5487176608753388,0.4126984126984127,0.1349206349206349,0.03968253968253968,0.059217356802234486,1.1492659484579637,-0.06201919204383066,0.37140619854828927,0.24618572201264133,1.4673871999951034,0.5518340624936546,0.17739563310826012,0.7065390497312258,0.3781744423546751,-0.05800238069472996,0.8277012864878142,0.7621715682522536,0.03904386851635553,0.296317975423517,-0.06713168612359,0.06713168612359,1.3362445387568669,0.031746031746031744,0.9523809523809523,118029781.58486912,18.58644754537076,0.4603174603174603,0.20634920634920634,0.047619047619047616,0.06968618818486946,0.07844782703792141,0.17882907280903093,0.1580274964239552,0.09969170736526722,1.0,0.20006492273281973,0.09166657560401847,0.5518340624936546,0.10833800072710231,0.09969170736526722,0.018950555751186426,0.6308503875668252,0.028198959028262433,-0.06713168612359,0.06713168612359,0.15675673613677144,126015581.27996808,-0.03516683912922092,0.06344461108492226,-0.03725034331502719,-0.008646293361835089,0.028573132478199703,0.142985246152191,0.38845881333906185,1.0,4.0,1.0,0.0,1.0,63.0,126.0,0.6915559772296016,1.549532819900028,1.3803738100350245,1.7149532481211947,1.7149532481211947,0.990530303030303,0.2556052016197027,0.3710887238054932,1,1,1,1,1,1
historical_mega100_examples,2024-10-31,SOUN,5.03000020980835,1.7750632647832076,2.1635220781222695,1.2494891416511256,1.3042061611636295,2.03012066924671,-0.14601013177787803,0.18632086823953964,0.087096891023007,-0.19028126035263448,0.20047179890426414,-0.21225960656258724,0.19103784512778121,0.043335622087348646,-0.19810867589786274,0.21722353307677938,-0.4354657355836765,0.4354657355836765,0.005783603441844365,0.505842848448871,0.31119423542545643,0.29573812997555904,-0.003960392113094846,0.14185172148399006,-0.21782180227820513,0.04419676347314638,0.0009276826856121634,0.27341775926254663,0.15192607846299713,-0.003960392113094846,0.27341775926254663,0.28860761801070667,0.02576656999738436,-0.011787807658323102,-0.03929278587557794,-0.040360940136522805,-0.011787807658323102,-0.014673500230420158,0.8577379513189441,1.0526261576938098,0.9365795944097332,1.1487427236367957,1.319351224167845,0.03634775358760841,-0.18870961862101454,0.18870961862101454,0.2930591450285467,114252314.47694643,0.847554291083903,0.42857142857142855,0.15079365079365079,0.12698412698412698,0.07008245622084282,1.328100447903664,0.07028257275080196,0.051591429719527904,0.01731256042775886,1.2586022774460282,-0.04703477001090095,0.18246532681014938,0.028629927841566705,0.08781869573585244,0.6590292045788084,0.8033398625561321,1.12390464620064,0.0325450088759201,0.12259267096646265,-0.1781045255119572,0.1781045255119572,0.1919432369402827,0.047619047619047616,0.9841269841269841,96835039.40120348,18.388519474360834,0.36507936507936506,0.14285714285714285,0.1111111111111111,0.06319068372791917,-0.0049455544092738,0.17554992042326045,0.08794020278500168,0.07939922199819738,0.5,0.04248255449533354,-0.21782180227820513,0.28860761801070667,0.08804551536003247,0.07939922199819738,-0.02970674804466744,0.9028774040050204,0.03787220511004276,-0.1781045255119572,0.1781045255119572,0.08639310701523217,116074877.03413737,-0.07212687580357968,0.08788696210661529,-0.09499816180047405,-0.008646293361835089,0.028573132478199703,0.142985246152191,0.38845881333906185,1.0,4.0,1.0,0.0,1.0,63.0,126.0,0.6722011385199241,0.8508946384261531,2.944333861835728,1.81312107918767,2.944333861835728,0.9962121212121212,0.2556052016197027,0.3710887238054932,1,1,1,1,1,1
historical_mega100_examples,2024-11-30,QBTS,3.0199999809265137,2.3629772278412355,2.682926838132755,1.502339401560194,1.5383228772524682,0.6324324010844824,1.2043795404490605,1.2370369834010337,0.7829629975254799,0.4120858401274923,-0.2518518721288774,2.2419508913786994,-0.15555558106536194,1.1026764207187811,0.7530620358487883,1.009303868116411,0.0,-0.0,0.13347258084694302,2.0138339143731594,12.376287610439315,38.99642446517814,1.649122823528526,0.39166219735193525,-0.1228070065365382,1.588408703762478,0.24060153543352603,2.0199999809265137,1.6353865959520244,1.2370369834010337,2.0199999809265137,0.009999990463256836,0.342145663224964,1.990099019249822,-0.026732683434181337,1.9183197391553568,1.990099019249822,1.3209298826672875,1.2256338477228113,1.8418838447717316,1.2292328970278767,3.1175991377149446,10.731273574180207,0.051068138259706665,0.0,-0.0,2.77499991990626,13053429.02454223,1.6672468486380212,0.6111111111111112,0.20634920634920634,0.15873015873015872,0.09885064719004084,2.9582157151411193,0.12396701705658297,0.572754921265711,1.2430850382292542,3.066629523178635,0.07833160107962645,0.7773257956261078,2.0722279155539813,0.7377010365566943,1.2643999807012345,1.5065894453317348,1.4984010346820071,0.060918940743444144,0.9624782000953509,0.0,-0.0,2.5824436532825366,0.0,0.9206349206349206,21763288.40508811,16.8957351360406,0.6349206349206349,0.25396825396825395,0.14285714285714285,0.11192403367499534,0.8832234909811982,1.5274336761180645,0.8190817568697796,1.8490567395762718,0.5,0.27204884334717894,-0.15555558106536194,1.8490567395762718,1.7955485224136252,1.8490567395762718,0.6489666442441531,2.2574751837260627,0.10381652064488184,0.0,-0.0,2.023022964971264,56108217.01735457,0.34281900739466487,0.14569537000815613,0.057422946973137545,0.05350821716264664,0.07177928009446521,0.1343605626822526,0.31994961029151914,1.0,4.0,1.0,0.0,1.0,63.0,126.0,0.6470588235294117,1.781456844894819,0.966887448588033,0.8145695541998854,1.781456844894819,0.9981060606060606,0.1379567299341235,0.19303100610767446,1,1,1,1,1,1
historical_mega100_examples,2024-11-30,RGTI,3.049999952316284,1.5574089906142017,1.8773586009057208,2.5781281512795586,3.5617107257113236,0.6223404042830882,1.3828125160071072,1.9047619912629803,0.05640309323789028,-0.05429488583930331,-0.12761899982720326,2.4573132397150736,0.01904771528006588,1.7704014285807277,0.4249322486248901,1.354661345689654,0.0,-0.0,0.1407949149226264,2.716457829799591,62.0788891884605,209.0334139893422,1.850467105423677,0.05535233528178059,-0.037383251496717174,1.8336770417848363,0.28437497729901173,1.9611650845008706,1.9054647270625094,1.850467105423677,1.9611650845008706,-0.11067957861482502,0.36370867905974213,2.3296942398878704,-0.14519652288889917,2.257914959793405,2.3296942398878704,1.3313873836409167,1.4060798274961273,1.8769562157334725,1.2444702274424606,20.2899574127325,48.19270190408329,0.058968151308735985,0.0,-0.0,3.433139315023099,20359508.444600303,1.7566774627426491,0.6587301587301587,0.24603174603174602,0.1984126984126984,0.10043566263605633,4.659337011880042,0.11999996503194177,0.6163861527598709,1.4709961294202536,2.947112662289217,0.6858238382042179,0.5880128151261685,2.895274561985786,0.5972593333229643,1.8206640073366,1.7498244827263612,1.5082371392611365,0.06986330537110079,0.5106196690565801,0.0,-0.0,3.433139315023099,0.0,0.9206349206349206,35765089.637148,17.39248285376293,0.6507936507936508,0.2698412698412698,0.15873015873015872,0.11775749450925722,0.9973804454827973,0.7879234108941029,0.49660148061806675,1.3106059326668027,0.5,0.28703635552510753,-0.14519652288889917,1.3106059326668027,1.257097715504156,1.3106059326668027,0.8557955289770782,2.639150272036305,0.11511776603856257,0.0,-0.0,1.7232142315455241,97195851.89173505,0.6061084522298998,0.13747072546441902,0.25617789372348576,0.05350821716264664,0.07177928009446521,0.1343605626822526,0.31994961029151914,1.0,4.0,1.0,0.0,1.0,63.0,126.0,0.6524667931688806,4.003278841789102,3.3180328794078022,1.773770547675626,4.003278841789102,1.0,0.1379567299341235,0.19303100610767446,1,1,1,1,1,1
historical_mega100_examples,2025-02-28,QBTS,5.480000019073486,1.7977204380229306,1.9621621342973175,1.4155735921370276,1.6015195715386312,3.05925920169867,4.480000019073486,4.425742644373663,-0.2559310265505692,0.14902859475356767,1.990099019249822,-1.1755294650499366,-0.026732683434181337,4.355541342844045,-3.6111730901737777,2.2904675837823705,-0.46327130278169326,0.46327130278169326,0.3312906586137454,2.6957859537371465,0.3903358850655181,1.5228611671514405,4.574771239127231,0.20481801161528787,0.07833160107962645,0.2625040998688424,-0.46327130278169326,4.169811617823094,4.39010850044133,4.169811617823094,4.574771239127231,1.8490567395762718,0.23372097224536192,0.8145695541998854,1.781456844894819,0.8160418522692304,0.8145695541998854,0.3539537290348279,1.9322441739451297,0.5857945359860204,1.1910217020108076,-0.3895672603400603,-0.4368398328694837,0.08106576236932968,-0.46327130278169326,0.46327130278169326,5.500593182883102,275337308.9842276,1.9348622609344386,0.6904761904761905,0.29365079365079366,0.21428571428571427,0.14214048375035887,1.3397869163885876,-0.0450538723240258,-0.15357209387269577,-0.1852512556027781,0.9193275430438552,-0.29285710393165876,0.9862244356719867,-0.347619015721776,-0.09384490111520105,-0.14903798683616487,2.3013447447525954,0.4918420336061221,0.10252963536109938,0.08103477045588536,-0.46327130278169326,0.46327130278169326,1.029629600849335,0.5714285714285714,0.9841269841269841,532739768.1808267,20.09354362496851,0.746031746031746,0.3333333333333333,0.30158730158730157,0.17609386925399037,-0.08949932953885464,0.018991702802942934,-0.06841701080176077,-0.07744108311713105,0.5,0.551969052511291,-0.29285710393165876,1.8490567395762718,-0.05040629700313293,-0.07744108311713105,-0.10413600889363273,1.1318980792878786,0.05739636919350028,-0.25845735885248844,0.25845735885248844,0.028142607413610188,394480482.5158755,-0.13153723157411656,0.13727842159840611,-0.07150117500529796,-0.02703478611399812,-0.0014722980693450127,0.07020130152961812,0.16444169627438687,1.0,4.0,1.0,0.0,1.0,63.0,126.0,0.8972485768500948,0.38686129163873884,0.2609488728761713,1.979926983005193,1.979926983005193,1.0,0.17349767897233218,0.2465262774963633,1,1,1,1,1,1
historical_mega100_examples,2025-03-31,LEU,62.209999084472656,0.4353955671790999,0.4979533087654451,1.279989453383957,1.4013839647470365,0.45520465694672874,0.5709596333728999,0.13418415342024326,-0.4505577898546097,-0.5349162548793605,0.21440296195776543,-0.2804591319857105,0.8926162342114305,0.17043595830669434,-0.20024032344818832,0.1142926875441068,-0.4759497972853597,0.4759497972853597,-0.016859840698419726,1.4233683370995613,0.7017878840479084,0.5893742942277429,-0.4007321014591172,0.28759174546399496,-0.12339849590462981,-0.23595401867631305,-0.08409369715493631,-0.31637363643436645,-0.19430719482441347,-0.4007321014591172,0.13418415342024326,-0.268021971314818,0.016558509495050222,-0.06605617002794506,0.23555025217891878,0.015337164857771923,-0.06605617002794506,-0.0633361299661588,1.174039707207516,0.5503462464745178,0.8883397198461276,0.32665764546684706,-0.09036296862878768,0.05100379592216592,-0.4759497972853597,0.4759497972853597,0.13418415342024326,85367404.15037851,0.8010534462695107,0.6031746031746031,0.2222222222222222,0.15873015873015872,0.08692330574960928,1.26007326007326,-0.24024938499213055,-0.12837169487402944,-0.2792845069170662,0.6164462399238047,0.10243013356723951,0.44781754987144057,-0.24410696503438423,-0.24095755997460977,0.2207695181172955,1.0429461045889543,0.6195222775469785,0.043946055085520165,-0.2736132583671329,-0.4759497972853597,0.4759497972853597,0.0,0.5079365079365079,0.0,68383853.29374284,18.040647306391893,0.5873015873015873,0.15873015873015872,0.15873015873015872,0.07616308685065526,-0.23826356318053932,-0.24321447695548448,-0.4864966622945271,-0.3143392837787373,0.5,0.08747281149323395,-0.3143392837787373,0.8926162342114305,-0.23847743094768858,-0.3143392837787373,-0.1677647733051566,0.6461283460736983,0.03618277316046453,-0.29943697132292835,0.29943697132292835,0.0,46030779.91460165,-0.13056239690942129,0.07311640877331854,-0.08857830363649033,-0.07586185283104874,-0.08139333488571698,-0.03625180488645108,0.0625577415863452,1.0,3.0,1.0,0.0,1.0,63.0,126.0,0.6462897475705826,0.11380810055054025,1.0401864657899345,1.944542603626274,1.944542603626274,1.0,0.3497276773774849,0.5302121920211558,1,1,1,1,1,1
historical_mega100_examples,2025-03-31,OKLO,21.6299991607666,0.831487706422622,0.8940454480089672,1.4096893709208305,1.564965192122088,1.5537188286717951,2.6231155646443045,1.67367104484509,-1.7548096039137464,-1.7106256288851163,1.6242273352053171,-1.6053860904029096,1.7762668307599454,1.709922849731541,-1.6548298000426824,1.0354874746704736,-0.6102000629572832,0.6102000629572832,0.07966544008691145,1.8095292851508953,-0.35521830612101324,-0.3430698163825283,-0.03695458404002616,1.0006288865704949,0.04808556879244619,-0.25227638372289385,-0.4095223509512774,-0.08113855906865641,0.5185259672454691,-0.08113855906865641,1.67367104484509,-0.09813089564356403,0.041756989514578846,0.018841244802407564,0.9599623884856874,0.10023457968812455,0.018841244802407564,0.012422761864074405,1.616312206362233,0.8125358199188359,0.9383528544527663,-0.24778034768335444,-0.5127130654166658,0.07702351969896018,-0.6102000629572832,0.6102000629572832,1.67367104484509,489488644.85006636,1.2545756832449435,0.753968253968254,0.30952380952380953,0.29365079365079366,0.12718278943218703,0.6757470785433658,-0.21193007520569906,-0.268356188623603,-0.3901235751126272,0.7186469673290743,-0.19754869262506536,0.8355764200569027,-0.48017306312210006,-0.4080409825006678,-0.3993720870658276,1.51667117252685,0.8659171398723937,0.07714998054310483,-0.33656998293103346,-0.6102000629572832,0.6102000629572832,0.018841244802407564,0.5555555555555556,0.9523809523809523,614100551.0534135,20.235669238262606,0.7936507936507936,0.31746031746031744,0.3492063492063492,0.11976536797701545,-0.2828091060076391,-0.2631641923367999,-0.2681780019695571,-0.3522012711544903,0.5,0.35607232143582657,-0.3522012711544903,1.7762668307599454,-0.27633941832344155,-0.3522012711544903,-0.186107798685352,1.3133115638413597,0.06969967495839992,-0.30045281023947645,0.30045281023947645,0.0,349341015.30184066,-0.17772289589426482,0.12591638808596506,-0.12173139239982445,-0.07586185283104874,-0.08139333488571698,-0.03625180488645108,0.0625577415863452,1.0,4.0,1.0,0.0,1.0,63.0,126.0,0.9089933370708987,0.09754973149415425,1.4373556757380217,1.5885346209362692,1.5885346209362692,0.998109640831758,0.3497276773774849,0.5302121920211558,1,1,1,1,1,1
historical_mega100_examples,2025-04-30,LEU,69.29000091552734,0.48734460998340223,0.6140228377117787,1.19492666151667,1.2670755285299333,0.5859465116386691,0.2632634975955237,-0.3325305602052654,0.37276476348733667,0.09395914169457686,-0.20720542349203896,0.049125208986474656,-0.12339849590462981,-0.31826351828262356,0.17445034569970108,-0.30646883498997135,-0.4163086391212809,0.4163086391212809,-0.045392017993369005,1.1845206684256817,-0.5639947818524425,-0.6329185802627537,-0.23857141851068853,0.1938704309364887,-0.268021971314818,-0.10853395400846533,-0.16770098796620747,0.04023420328207128,-0.17695592514462755,-0.3325305602052654,0.04023420328207128,0.23555025217891878,-0.14581368473514222,-0.1580802145055643,0.10243013356723951,-0.06979405035417396,-0.1580802145055643,-0.1570319513392053,1.085038745346315,0.8365924739010965,0.9277783685000656,-0.6931864545083639,-0.6582685876727841,0.047997383686725896,-0.4163086391212809,0.4163086391212809,0.2730112167377394,76891531.90567985,0.7990439498428381,0.5714285714285714,0.1984126984126984,0.18253968253968253,0.0853417988939887,0.43760153238125254,0.05964115816407878,-0.18754642450735182,-0.060229905299825304,0.6701484728496532,-0.3143392837787373,0.22541076046110434,-0.23630554004347237,-0.14165790993241012,-0.5533115533115534,1.0066754769167623,0.9017158648068193,0.04325942173918483,-0.054575681729194025,-0.4163086391212809,0.4163086391212809,0.2730112167377394,0.8412698412698413,0.2698412698412698,61439713.363381036,17.93356699775937,0.6190476190476191,0.12698412698412698,0.20634920634920634,0.08069619313534408,0.044279007941540494,0.02241561636556999,0.125375874485674,0.11380810055054025,0.5,-0.042328544116914425,-0.3143392837787373,0.23555025217891878,0.099839901491805,0.11380810055054025,0.07993112278024195,0.9077352482478156,0.0443830710056494,-0.0235343600689355,0.0235343600689355,0.2730112167377394,38494367.559778124,0.024287853116286007,0.06277963048739552,-0.007107430502880319,0.013968199058735253,-0.08828616415139035,-0.014267041922641832,0.12667822772837645,1.0,3.0,1.0,0.0,1.0,63.0,126.0,0.6397470315105515,0.8317216985416946,1.6436713848380404,2.10867356112583,2.10867356112583,0.998109640831758,0.44062437801937165,0.629179412554861,1,1,1,1,1,1
historical_mega100_examples,2025-04-30,OKLO,23.739999771118164,0.6011238222411046,0.7278020499694811,1.2859799178090014,1.4051484713089064,1.608791074279488,1.934486937373423,0.05699023770354539,0.06123869696450668,-0.048494109929017704,0.8526269949457808,-1.2820910799520129,0.04808556879244619,0.07125727962618722,-0.4864543227097776,0.039720839442061645,-0.5721751837623281,0.5721751837623281,0.0002938351288623853,1.0356293802391094,-0.7521574260483844,-0.8585969102961044,0.008496127774527684,0.05498961358361208,-0.09813089564356403,-0.17957721475804733,-0.5650170058059264,0.11822893466805207,0.06123843338204171,0.008496127774527684,0.11822893466805207,0.9599623884856874,-0.2510728512088469,-0.42946408500623223,-0.19754869262506536,-0.3411779208548419,-0.42946408500623223,-0.3406314761691581,1.4347692169666644,0.7535141450094033,0.8787392473317511,-0.3394068637175164,-0.27496618064627887,0.06891683792097121,-0.5721751837623281,0.5721751837623281,0.31888887617323136,473170043.7391811,1.035858028163991,0.7142857142857143,0.2698412698412698,0.2857142857142857,0.11907888299162203,0.48968443032762776,0.03802487919495512,-0.21470412796534788,-0.10622854644783064,0.49358781471257274,-0.3522012711544903,0.46284757838337315,-0.2890086790933565,-0.1515653281367748,-0.3371957631588549,1.2607880218120526,0.8574945836292304,0.06451402151685952,-0.12731419832066604,-0.5721751837623281,0.5721751837623281,0.1989899336300449,0.8888888888888888,0.2698412698412698,490136988.49393755,20.010195480392216,0.7301587301587301,0.23809523809523808,0.3492063492063492,0.1092692063011834,0.002364460533715862,-0.01957121860774269,0.09023034516503053,0.09754973149415425,0.5,0.07628613822486136,-0.3522012711544903,0.9599623884856874,0.08358153243541899,0.09754973149415425,0.05286499555275537,1.081118899808447,0.050792142498837185,-0.03062474508001012,0.03062474508001012,0.1989899336300449,234916125.88886982,0.034152283775390035,0.0754783932393041,-0.016814384944442318,0.013968199058735253,-0.08828616415139035,-0.014267041922641832,0.12667822772837645,1.0,4.0,1.0,0.0,1.0,63.0,126.0,0.8762251308147893,1.2207245884156128,1.3584668162711462,2.2262003823213687,2.2262003823213687,1.0,0.44062437801937165,0.629179412554861,1,1,1,1,1,1
historical_mega100_examples,2025-04-30,QBTS,6.909999847412109,3.9171172637763085,4.043795491504685,1.4006046083422554,1.4630283181706527,5.909999847412109,6.029501510519978,5.518868132476166,-5.696249065664692,-4.230788698352404,4.603773941387713,-4.4404743149823975,1.8490567395762718,5.533135174398808,-5.355568506070851,2.6215659783710326,-0.38193205198633795,0.38193205198633795,0.18254649549693602,1.4038970421532562,-0.728784317079592,-0.6844948973834271,1.288079434123762,2.9578821397624853,1.781456844894819,0.02593794927024362,0.03628537847132951,-0.1773809331885262,2.2098555444704675,-0.1773809331885262,5.518868132476166,-0.29285710393165876,0.0639078509173725,0.16329962640531503,-0.07744108311713105,0.2515857905567054,0.16329962640531503,0.1088373993950639,2.105179948934734,0.46310084111225064,0.7127181362800376,-0.39545185092509016,-0.45033846443674885,0.09070013686469065,-0.38193205198633795,0.38193205198633795,5.916916675034587,434838349.2301414,1.042322789110923,0.7063492063492064,0.30952380952380953,0.2698412698412698,0.15590961429070935,0.4914918195695819,-0.06171735584846305,0.034873418497781916,-0.023349184156571612,0.5233215661603647,0.38686129163873884,0.9730778996613807,0.2609488728761713,-0.09793275651530631,-0.38836124796065163,1.5003999297388684,0.6497671625551161,0.06292313263751326,-0.21518409030050467,-0.38193205198633795,0.38193205198633795,0.49244053490622997,0.49206349206349204,0.5714285714285714,453241920.9819506,19.931936585006767,0.6349206349206349,0.23809523809523808,0.23809523809523808,0.11885246380494902,-0.06609003190383655,-0.10250683907444358,-0.09312595624944385,-0.09078948235247619,0.5,0.5927145344514272,-0.29285710393165876,1.8490567395762718,-0.10475768141121145,-0.09078948235247619,0.002248151134715437,0.9749106050443201,0.04119683090302401,-0.08233736322990359,0.08233736322990359,0.11093248882556606,219230795.97658885,0.006701611429636545,0.08403969213491741,-0.04452435335026106,0.013968199058735253,-0.08828616415139035,-0.014267041922641832,0.12667822772837645,1.0,4.0,1.0,0.0,1.0,63.0,126.0,0.8642022094761659,1.3632417198709295,1.1186686927070828,1.4876991191968711,1.4876991191968711,0.996219281663516,0.44062437801937165,0.629179412554861,1,1,1,1,1,1
historical_mega100_examples,2025-05-31,BE,18.46999931335449,-0.02706052042781293,0.13174017516753556,1.0014783981394744,0.9968552626272986,0.5507976112499937,0.9239581853565295,-0.3271402987248351,0.11043119665167322,0.15874768615003954,-0.12495447030393758,-0.10610302505990321,-0.19089258771684192,-0.34868559368405516,0.09608280336099428,-0.4185048996635585,-0.38040927057190077,0.38040927057190077,-0.05557409215139786,1.101793321375026,-0.7214081651460695,-0.7857788967362355,-0.16839261257479554,0.08137399278368747,0.06168396648837238,-0.14136956317901772,-0.07889074690537845,-0.21670910207316185,-0.2374140044575975,-0.3271402987248351,-0.16839261257479554,0.018659903964429958,-0.10756866956569766,-0.2310574953638408,-0.1815154257810323,-0.2541090271181031,-0.2310574953638408,-0.3233778246043403,0.7816880972906826,0.7882278890706321,0.914063415607464,-0.6448619091355704,-0.6419541264367377,0.03687625279811316,-0.38040927057190077,0.38040927057190077,0.13174017516753556,143989164.1117217,0.8842478972260092,0.49206349206349204,0.1349206349206349,0.1349206349206349,0.07002599530835121,0.4832137719243009,0.03555841556600636,-0.06281566613333778,-0.023908209478125775,0.6110804960231151,-0.06815870615402253,0.10733014224858962,-0.060529020513408804,0.029962656625018402,-0.48726106465324504,0.7145124921492209,0.862333920832829,0.035774374057376906,0.06713624185398492,-0.27312084123307967,0.27312084123307967,0.13174017516753556,0.7777777777777778,0.2857142857142857,127322115.58912066,18.662230784408386,0.5079365079365079,0.1111111111111111,0.12698412698412698,0.06832745628342768,0.012239645081233652,0.024909129232536298,0.013288605125882168,0.008187752239572799,0.5,-0.05867251615992027,-0.19089258771684192,0.06168396648837238,-0.08359512224449173,0.008187752239572799,-0.0003518372508704015,0.6161483588390736,0.029309774134150167,-0.08790126847632151,0.08790126847632151,0.13174017516753556,103878871.90290178,-0.032477771070584804,0.055727435931325,-0.036716411852818154,0.09178287448406452,0.023051531754262333,0.021545294959220085,0.15880069559534848,1.0,3.0,1.0,0.0,1.0,63.0,126.0,0.6571022727272728,0.2950731437763998,1.0243638754558098,1.8662696586258893,1.8662696586258893,0.998109640831758,0.32864296826323547,0.4343279754453858,1,1,1,1,1,1
historical_mega100_examples,2025-05-31,ECHO,17.729999542236328,-0.23536325613131348,-0.076562560535965,0.5537753126975302,0.5630425706897405,-0.04368939230270674,-0.2924980079775277,-0.2989324278216767,-0.06006975438928375,0.0731682285895302,0.23487538203535596,-0.6671520454321076,-0.09450380428929417,-0.3204777227808968,-0.1333442355750749,-0.5041441794728747,-0.43227666339675164,0.43227666339675164,-0.010374071444965605,1.7161731275875047,1.412403946710317,0.36957801786122624,-0.22576419923214652,0.06672621320937938,0.20786027546612384,-0.29624985903705914,-0.4293530828328308,-0.3590021822109605,-0.2945662697549279,-0.3590021822109605,-0.22576419923214652,0.1290672347982038,-0.10612576500846138,-0.43227666339675164,-0.18091577654008795,-0.45532819515101397,-0.43227666339675164,-0.5655541629689649,0.5929502709606522,1.6659854642062104,1.2890486704159736,7.648084759576202,5.8207536454982325,0.02357533086277583,-0.43227666339675164,0.43227666339675164,0.0,55658101.34219821,1.228081031575621,0.2222222222222222,0.031746031746031744,0.07142857142857142,0.047633760770887754,3.051299746951921,-0.14917376396456583,-0.07017023700644942,-0.22450445605437563,1.35437239878641,-0.12118844373399795,0.17240725130062598,-0.3068803911212995,-0.024147468731739674,1.2339995508645853,0.76434175840462,1.2924147105078663,0.03080525222839606,-0.06138604780425172,-0.4293530828328308,0.4293530828328308,0.0,0.9841269841269841,0.0,68352658.51186723,18.04019103057282,0.30158730158730157,0.047619047619047616,0.14285714285714285,0.05842114887105186,-0.19316184559062133,-0.13353404660368995,-0.21389854572849204,-0.21129893668705413,0.3333333333333333,-0.045163241831017754,-0.21129893668705413,0.20786027546612384,-0.30308181117111865,-0.21129893668705413,-0.1890408701634474,0.9878465324175805,0.03968989350181522,-0.2688659982582957,0.2688659982582957,0.0,72987347.87790208,-0.1455010091187886,0.10103939514901189,-0.0940214883436048,0.09178287448406452,0.023051531754262333,0.021545294959220085,0.15880069559534848,1.0,3.0,1.0,1.0,0.0,63.0,126.0,0.5581439393939394,0.5623238284328564,0.8381275236331582,2.4850537231166574,2.4850537231166574,1.0,0.32864296826323547,0.4343279754453858,1,1,1,1,1,1
historical_mega100_examples,2025-06-30,BE,23.920000076293945,0.7963652507635228,0.9542484087896985,1.067213571514533,1.1275631238376915,1.2651514323672894,-0.12859747134912292,0.0769923936204382,-0.0811556067579885,-0.06257338795088874,-0.11481311761256618,0.3314967525029595,0.06168396648837238,-0.004874955517700119,0.13969124126995514,0.09728932703674088,-0.19758468618483882,0.19758468618483882,-0.024826719925555296,1.3388233496969149,0.6865118066022402,1.0519513151423778,0.014419005669549456,0.042518545451180535,0.018659903964429958,0.13720642842828612,0.3404897618373507,-0.004163213137550303,0.029082728717479116,-0.004163213137550303,0.0769923936204382,-0.1815154257810323,0.03092566967455035,0.21668363489039333,-0.06815870615402253,0.03895720395540292,0.21668363489039333,0.30295181437970814,0.7913755389772853,0.8541964119729635,0.9037949953834706,2.432261750819475,3.4450300158972684,0.03736294211714642,-0.19758468618483882,0.19758468618483882,0.46568630659227384,133035846.08857442,0.8487238355999879,0.5,0.14285714285714285,0.12698412698412698,0.06614257787255176,1.4007715721088547,0.27312084123307967,0.14291463412022054,0.21866721210022266,0.775958298987164,0.008187752239572799,0.15867715215439848,0.3056768818097657,0.17976459843042214,0.42062484441125214,0.7152412515965672,0.945121865396629,0.034778118624786226,0.16015605157621482,0.0,-0.0,0.46568630659227384,0.0,0.6031746031746031,112910693.56458452,18.542107750626442,0.49206349206349204,0.12698412698412698,0.1111111111111111,0.05966867391298612,0.1483437323512451,0.17970137735784197,0.43650509635148166,0.2950731437763998,0.6666666666666666,0.022321772422286685,-0.1815154257810323,0.2950731437763998,0.23121478671995987,0.2950731437763998,0.10230414129244769,0.6759901459175672,0.031979658620367404,0.0,-0.0,0.30853387187062586,104972540.09791782,0.07245337061100732,0.04703176672962263,0.05859443128825581,0.06385835705643994,0.1777264309349904,0.08186734913813831,0.1578831580261757,1.0,3.0,1.0,0.0,1.0,63.0,126.0,0.6488636363636364,0.5631270597989677,1.2132106378701675,2.535535093021919,2.535535093021919,1.0,0.2901394480611604,0.44366027930852975,1,1,1,1,1,1
historical_mega100_examples,2025-06-30,ECHO,27.700000762939453,0.3974229393102937,0.5553060973364694,0.8427880314353745,0.9436644422271101,0.11603549973918037,0.09529457335576597,0.2096070403654111,-0.3226393436327488,-0.2081608756601323,0.11703058296154567,-0.03415330205629008,0.20786027546612384,0.1277396912272728,-0.12672975946015552,0.20886543313399417,-0.11303230326733771,0.11303230326733771,-0.03770289239394442,1.6881104476230153,0.1400431284730861,0.23452680307565643,0.0014461647052788074,0.16357078785891724,0.1290672347982038,0.14012886220238108,0.14238753205625487,-0.11303230326733771,0.03267363393445074,-0.11303230326733771,0.2096070403654111,-0.18091577654008795,-0.05543880377740429,0.08287728090525559,-0.12118844373399795,-0.09484915002973482,0.08287728090525559,0.06102242646122505,1.0035506460800585,2.0492333610917317,1.3533394023517413,-0.7409246833534379,-0.5952404594442885,0.033172545795261445,-0.11303230326733771,0.11303230326733771,0.732332780452718,69171026.9475846,1.1405977853564733,0.30952380952380953,0.05555555555555555,0.10317460317460317,0.05286636399878288,0.7258988689873697,0.3908248383489977,-0.04168111323995838,0.2733290771127146,1.237520511429805,-0.21129893668705413,0.29776621514919205,0.2322064647241464,-0.0318382191167611,-0.4346246392409836,1.3581446315956902,1.5142050527241822,0.04746129182389098,0.2060095904136976,-0.038528244483833074,0.038528244483833074,0.732332780452718,0.015873015873015872,0.2222222222222222,78896320.14724793,18.18364515795145,0.42857142857142855,0.07936507936507936,0.1746031746031746,0.06522778315975918,0.3067065404254903,0.30444242757788675,0.2734360519196949,0.5623238284328564,0.5,0.06430803028934068,-0.21129893668705413,0.5623238284328564,0.4984654713764165,0.5623238284328564,0.2930028857829634,2.056509463492417,0.07536955728993644,-0.038528244483833074,0.038528244483833074,0.732332780452718,122925120.409248,0.0800483813740589,0.06738008635223135,0.05051581961545182,0.06385835705643994,0.1777264309349904,0.08186734913813831,0.1578831580261757,1.0,3.0,1.0,1.0,0.0,63.0,126.0,0.6138257575757576,0.17653426913225556,1.2306858921894972,1.7566786464683273,1.7566786464683273,0.998109640831758,0.2901394480611604,0.44366027930852975,1,1,1,1,1,1
historical_mega100_examples,2025-06-30,RGTI,11.859999656677246,9.926228127293893,10.084111285320068,1.4027920552322986,1.5120381409777086,14.146870718057086,2.8885245383923097,-0.2228047523727804,0.6246959584247119,0.12333623209731714,-0.48099607093686936,0.9784707606374999,-0.13695937884930398,-0.3046721015109187,0.720279442073411,-0.12191472874028134,-0.40700001716613765,0.40700001716613765,-0.02446894132187205,0.6801960378675858,0.3809789069274634,1.0679809601343195,-0.09946852027546327,0.33086211675037003,-0.3576309803236062,0.15035060240798526,0.4397998557619641,0.4018912060519315,0.02653931113456261,-0.2228047523727804,0.4018912060519315,-0.06382978243712933,0.120789368698756,0.4974746897006306,0.11994946971132814,0.31974825876564017,0.4974746897006306,0.4232232999193026,1.827545815628464,0.44040129758996716,0.6431809123331762,-0.10817471281418911,-0.12658563999150896,0.07257208450342127,-0.40700001716613765,0.40700001716613765,0.9603304599626254,979339805.5278951,0.5488089521384865,0.6349206349206349,0.2222222222222222,0.23809523809523808,0.11878362162604293,0.7033544078107592,-0.01761804139484313,0.12726129596241442,0.07364320841253869,0.8624640663337321,0.3652761908591553,0.24392833667856195,0.3370912975981062,0.0008472864531581248,0.24666935669917445,1.1754425850265942,0.6847238298667568,0.05158673055850996,-0.11143305025187789,-0.16420014042333864,0.16420014042333864,0.5813332875569661,0.36507936507936506,0.9206349206349206,537470452.4592732,20.10238434614684,0.5238095238095238,0.2222222222222222,0.1746031746031746,0.08998634742486694,-0.007835835623235865,-0.1837705412831706,-0.02564950655877557,-0.02064409637387188,0.3333333333333333,-0.01563976290223799,-0.3576309803236062,0.3652761908591553,-0.08450245343031182,-0.02064409637387188,0.02978203507202104,0.8048535486078905,0.039055714227964194,-0.05271571700919209,0.05271571700919209,0.09916586641400338,564743247.1910158,0.04521016378303799,0.0784449644840164,0.047148139893835816,0.06385835705643994,0.1777264309349904,0.08186734913813831,0.1578831580261757,1.0,4.0,1.0,0.0,1.0,63.0,126.0,0.8871212121212122,0.22259699997853022,0.36846543103386575,1.5118045343918207,1.5118045343918207,0.994328922495274,0.2901394480611604,0.44366027930852975,1,1,1,1,1,1
historical_mega100_examples,2025-06-30,SNDK,45.34999847412109,,,1.0682478332412064,1.076476054833329,,,,,,,,,,,,,,,,0.435885303302735,0.36772517284181316,,,,,0.09878168898100903,-0.03201707681652466,-0.03201707681652466,-0.03201707681652466,-0.03201707681652466,0.01622203118427601,0.001021749482432055,-0.047469063374452,-0.32556185257913917,-0.2251954943094424,-0.047469063374452,-0.05505728877815245,0.9373243136661821,0.4733263994541654,0.9198265876894441,-0.4482144155938613,-0.33607120396317725,0.037000430980768016,-0.19620701974636667,0.19620701974636667,0.5310599996355301,160957213.72174406,0.7648339616000753,0.43617021276595747,0.10638297872340426,0.0425531914893617,0.07268257144295795,0.7335799066889066,0.2746059056698843,0.1638392217303366,0.16597158463743833,0.7014224600219461,0.17377757428502028,0.24263319767105104,0.41233253229840305,0.13894231334635432,-0.16142700551753353,0.8621758249979145,0.5145822112439001,0.03451438579189853,0.19011876905399716,-0.057368574126283045,0.057368574126283045,0.5310599996355301,0.9682539682539683,0.746031746031746,123105543.41891152,18.628552630099076,0.38095238095238093,0.09523809523809523,0.047619047619047616,0.06735996059742984,0.08783429485727123,0.23125787139291254,0.45809128460992987,0.20323693623018224,0.75,0.01691867228008484,-0.32556185257913917,0.20323693623018224,0.1393785791737423,0.20323693623018224,0.04918560286264673,0.4436603425084607,0.02127650753450839,-0.04405565373290732,0.04405565373290732,0.2148405103048936,162187689.59946406,-0.020476078470773373,0.05002363682398475,-0.033172755933933984,0.06385835705643994,0.1777264309349904,0.08186734913813831,0.1578831580261757,1.0,3.0,1.0,1.0,0.0,63.0,94.0,0.6553030303030303,-0.053583249987592674,0.15700116838250966,1.474090423889848,1.474090423889848,0.9924385633270322,0.2901394480611604,0.44366027930852975,1,1,1,1,1,1
historical_mega100_examples,2025-06-30,UUUU,5.75,-0.20903826457842978,-0.05115510655225408,1.3943282214715786,1.491686982262849,0.04735887790918447,-0.20798900568552758,0.12085767480078347,0.27477343192671766,-0.03799513959138778,-0.27290449593294164,0.8144594478356688,0.035087685053246886,0.03899032566264515,0.4206972771019437,0.17108207523246136,-0.2112482811949945,0.2112482811949945,0.004901643182891657,1.2301613983645303,-0.20890843957433358,0.21951111238264165,0.08286253520939568,0.17066939232271644,-0.22410547458453434,0.23554943999680433,0.34022252303929157,0.3956311067275011,0.19978377224589342,0.08286253520939568,0.3956311067275011,-0.0946601643977164,0.15254935647375634,0.5415549519027272,0.21179623533869574,0.36382852096773677,0.5415549519027272,0.6826928486757873,0.7064309609090582,1.038031554635757,1.1229164728228982,0.04512289900126443,0.22892777777849282,0.031636785662171575,-0.02542374456658214,0.02542374456658214,0.6715116001032961,42771234.714140214,1.1639224208303953,0.3492063492063492,0.1111111111111111,0.0873015873015873,0.06022448187242759,0.9265615546387724,0.07732854210827733,0.14259125994152555,0.14273222020245524,1.2709876887278337,0.0818583821062846,0.1656181816413353,0.2721238991734154,0.18416576245809502,0.11082937093400291,0.7932629629168902,0.9244067388434074,0.03489927599195348,0.18927974027151362,-0.02542374456658214,0.02542374456658214,0.6715116001032961,0.031746031746031744,0.8888888888888888,49782399.05038712,17.723172066887088,0.4126984126984127,0.12698412698412698,0.09523809523809523,0.06670336110940371,0.08069164342610802,0.10739300381931716,0.23983324901338188,0.17586915275980974,0.6666666666666666,0.030974302712631036,-0.22410547458453434,0.21179623533869574,0.1120107957033698,0.17586915275980974,0.032038052384107285,0.7332976285952614,0.03426266664532033,-0.02542374456658214,0.02542374456658214,0.18069817969613622,66241592.671467006,0.012323931764099738,0.06732919349433472,0.01018972170654675,0.06385835705643994,0.1777264309349904,0.08186734913813831,0.1578831580261757,1.0,3.0,1.0,0.0,1.0,63.0,126.0,0.6109848484848485,0.5808695917544158,1.0104348555855127,1.6695652837338657,1.6695652837338657,0.996219281663516,0.2901394480611604,0.44366027930852975,1,1,1,1,1,1
recent_month_non_top10_control,2025-07-31,A,113.89603424072266,-0.38798965049248757,-0.18180188406241915,0.976905074024529,0.9937313556793294,-0.11358038428785,-0.14175807649070904,-0.23906936218368802,0.22467550386605517,0.1403843445372458,-0.28835411624108775,0.3576087205072963,-0.1557550326864282,-0.3236928665922304,0.30832396644989657,-0.6713816306336589,-0.24445461493838505,0.24445461493838505,-0.02733479674368966,1.4877517761742425,0.6110039939402285,0.7225734380118405,-0.09868501764644222,0.11349878543374567,-0.08552215308330935,0.008700334910815899,0.21297356015442925,-0.014393858317632846,-0.11738274604925436,-0.23906936218368802,-0.014393858317632846,-0.07823063117997642,0.03847204293471118,0.06925460426620855,0.04014870426326489,-0.12039883934857532,0.06925460426620855,0.20780005219607273,0.3560856467849011,0.993497985525527,0.935941126814906,0.45999750374438353,0.42339894373666387,0.016211411283211498,-0.23906936218368802,0.23906936218368802,0.15874490022281385,240429998.8829658,0.9527080728204139,0.1111111111111111,0.015873015873015872,0.03968253968253968,0.02791698945912825,0.9349024936061381,-0.05455425418700455,0.02764323089632592,-0.014772604923548038,1.023339885594068,0.054414017036245266,0.08059425017828764,0.027982441244840395,0.011231549753001335,-0.1928583750215629,0.333275201494475,1.061496238450908,0.01542192048531284,5.921901688110687e-05,-0.0753805560866585,0.0753805560866585,0.09323244565356714,0.23809523809523808,0.9365079365079365,229059600.88400462,19.24949279788992,0.09523809523809523,0.015873015873015872,0.015873015873015872,0.025160509268966576,-0.028916963669280205,-0.0037857972350930913,-0.07085825056225036,-0.025067549714199555,0.3333333333333333,-0.04166877422740056,-0.1557550326864282,0.054414017036245266,-0.049304357211551575,-0.025067549714199555,-0.030181735687163647,0.3537703727553536,0.016693792510470387,-0.0753805560866585,0.0753805560866585,0.02472330184189042,211996363.70954967,-0.0224443874487793,0.03154901531587006,-0.031008456874297763,0.02423680749735202,0.18965344361478387,0.08462350440854238,0.20618776643006842,1.0,3.0,1.0,1.0,0.0,63.0,126.0,0.47405303030303036,0.09450409251890712,0.1201789373015425,0.2773617264762136,0.2773617264762136,0.8922495274102079,0.29907848451619157,0.4979279774899724,0,0,0,0,0,0
recent_month_non_top10_control,2025-07-31,ABBV,183.3325042724609,-0.14974473996948734,0.05644302646058108,0.8076393096277174,0.8159470515099566,-0.04729001830585433,0.09301640541810441,0.046299593380283444,-0.12794100372117434,-0.12578821753787117,0.07070705223477991,-0.09350269816197654,0.13665036721871604,-0.03832391102825894,-0.06909523930748007,0.16273685763218715,-0.11190580060336308,0.11190580060336308,-0.009188229971336948,1.1820953465607862,0.23179020795886052,0.20371075452164256,-0.07948862415758773,0.07325322585944295,0.0023441673084392267,0.0018622676631423474,0.051800511269690985,-0.0816414103408909,-0.03827681370606506,-0.0816414103408909,0.046299593380283444,-0.060218483645141596,0.010620629356194344,-0.02279564592719663,-0.046078963624289426,-0.2124490895419805,-0.02279564592719663,-0.09108356354551507,0.28450588301839014,0.732080622424993,0.8796717353839104,0.5962576743899053,0.6395358526161627,0.012887195692187561,-0.11190580060336308,0.11190580060336308,0.12043120110128802,1283634231.5918574,0.8921881463436966,0.07936507936507936,0.0,0.023809523809523808,0.026241148507129053,1.016654576774635,0.06649460567091448,0.01429161382769717,0.011993828606601475,0.8523533205971757,-0.002632878738284994,0.07017906211532117,0.02440801367118861,0.017254743330626265,0.09156982366075339,0.25027178384171905,0.8322202396391593,0.011581288591642574,0.02780775543625813,-0.039388352456480535,0.039388352456480535,0.07446218668805282,0.9682539682539683,0.8412698412698413,1145243245.6672547,20.858882893894055,0.031746031746031744,0.0,0.015873015873015872,0.02335130529166261,0.007361343747766647,0.028428085628726896,0.1301714702345513,0.02711227574382602,0.5,0.009529414043877546,-0.060218483645141596,0.13665036721871604,0.002875468246474,0.02711227574382602,-0.0009902726486724633,0.2082812439236753,0.01080449119140504,-0.02229451357258505,0.02229451357258505,0.022558819426719445,1023040462.8255209,-0.00039661733138207644,0.023719128332226967,-0.0034270014663665416,0.02423680749735202,0.18965344361478387,0.08462350440854238,0.20618776643006842,1.0,3.0,1.0,1.0,0.0,63.0,126.0,0.47897727272727275,0.1131096701015466,0.22494966449516474,0.16184457621254467,0.22494966449516474,0.8582230623818525,0.29907848451619157,0.4979279774899724,0,0,0,0,0,0
recent_month_non_top10_control,2025-07-31,ABNB,132.41000366210938,-0.25742016841891535,-0.05123240198884693,1.1593368375663644,1.1622878336088514,-0.017657020124418166,0.007609770733826959,0.009453423118653603,0.09895110288908149,-0.05597168971488098,-0.07051917457592782,0.15655924717031866,0.05870242475969767,-0.07517008128988878,0.07658664947573723,0.020687885651994396,-0.17971747513262581,0.17971747513262581,-0.00854743483431597,1.1767745042395474,-0.4854795466008335,-0.44121016943907043,-0.046518266596227376,0.07844873323888546,-0.13977098520335818,0.026918936674810823,0.17611856981932728,0.10840452600773509,0.02377989417672044,-0.046518266596227376,0.10840452600773509,0.020592659495444643,0.036676080908713216,0.08604007259439084,0.05807088203236255,-0.10361337102039303,0.08604007259439084,0.31095252898994463,0.4569545326031061,0.4710288344257708,0.6055272405747688,0.05744837556943727,0.05800776149449094,0.01821643220268425,-0.17971747513262581,0.17971747513262581,0.2528148415505669,697614705.6822944,0.9110939979960835,0.14285714285714285,0.023809523809523808,0.05555555555555555,0.030178287237267648,0.6123593434888607,-0.009568742391364626,0.02288615461829835,-0.018917718392436833,0.7355101710839026,0.025891444479772208,0.07396311413752259,0.0264341369155765,0.02203077166362366,-0.320123002811994,0.27669841719529203,0.7778821543662816,0.013100208715632899,0.045375344045346155,-0.0685846915365459,0.0685846915365459,0.08827160068048134,0.047619047619047616,0.9365079365079365,635592571.2609427,20.270068306373755,0.07936507936507936,0.015873015873015872,0.0,0.023145251376290473,-0.027395862423638895,0.03276447050837761,0.002457717020672827,0.0005289959661174404,0.8333333333333334,0.004002570255006055,-0.13977098520335818,0.05870242475969767,-0.02370781153123458,0.0005289959661174404,-0.039309847683458576,0.21523876087761395,0.009431474424297486,-0.0685846915365459,0.0685846915365459,0.0,461383868.61012775,-0.04449540911136318,0.023421838049970042,-0.03697613403496791,0.02423680749735202,0.18965344361478387,0.08462350440854238,0.20618776643006842,1.0,3.0,1.0,1.0,0.0,63.0,126.0,0.7231060606060606,-0.014198359873246358,-0.08299981262147615,-0.04433201861062863,-0.014198359873246358,0.14177693761814744,0.29907848451619157,0.4979279774899724,0,0,0,0,0,0
recent_month_non_top10_control,2025-07-31,ABT,123.33916473388672,0.007849967593994922,0.21403773402406334,1.0787380100258375,1.0911732751645213,0.12915106599560544,0.13174652445830404,-0.0045837157560542074,-0.03541928900167679,-0.07270354728610184,0.02677775920994807,-0.05732134538007827,0.07879326292363031,-0.08920722016459659,-0.02595987041407599,-0.018772699588468566,-0.09183007718228486,0.09183007718228486,-0.0060918065718938985,1.3109291541866113,-0.2100816638270372,-0.23420860259530196,-0.07728726304215605,0.03635576005987329,-0.038837890607163694,-0.030964529356570458,-0.018789891995475205,-0.040003004757731,-0.04062466118531375,-0.07728726304215605,-0.0045837157560542074,-0.009757445979681645,-0.006885193559718394,-0.0305435861701302,0.021644320204705636,-0.22019702978491407,-0.0305435861701302,-0.12315659704070725,0.2441692381243787,1.3724982449048284,1.0157139062954355,0.16920882828669326,0.08966061745428466,0.010204117393135329,-0.09183007718228486,0.09183007718228486,0.047132966746686655,877459428.0486577,0.9797016679978224,0.047619047619047616,0.0,0.015873015873015872,0.021045942325565403,0.7518943877655637,-0.06701598478180626,-0.021979377048551685,-0.04035832148106255,1.1282725386816903,0.018191329268119505,0.051457927687088754,-0.0510822654643438,-0.0391838021450186,-0.2449090384924989,0.24800609065249304,1.3512645996062764,0.009069858059326455,-0.05951405885127181,-0.08200726839101669,0.08200726839101669,0.047132966746686655,0.4126984126984127,0.15873015873015872,859648465.2596852,20.572034103483464,0.047619047619047616,0.0,0.015873015873015872,0.01907251300889549,-0.033129891213176776,-0.05788044127150249,-0.20301848582927468,-0.06803593071476799,0.5,0.00033294084914035443,-0.06803593071476799,0.07879326292363031,-0.09227273821212001,-0.06803593071476799,-0.019073481029146855,0.3351218507854589,0.010434148998177168,-0.057152566879875355,0.057152566879875355,0.047132966746686655,955792970.7868667,0.0007692329168447198,0.026153214471954168,-0.007378426949922301,0.02423680749735202,0.18965344361478387,0.08462350440854238,0.20618776643006842,1.0,3.0,1.0,1.0,0.0,63.0,126.0,0.3715909090909091,0.05127199396324866,0.061415433613766224,-0.016009898609521955,0.061415433613766224,0.44045368620037806,0.29907848451619157,0.4979279774899724,0,0,0,0,0,0
recent_month_non_top10_control,2025-07-31,ACGL,86.05999755859375,-0.26127364093872385,-0.05508587450865543,0.8976587692406854,0.9154096649122521,-0.08173831609389703,-0.06811046041641211,-0.07531967507484916,-0.029899733476529633,0.0015923493454541582,-0.025679589529227775,-0.025268830530695063,-0.0017190935128340579,-0.15994317948339154,0.02437125501492632,-0.2712562857721282,-0.21205059252732894,0.21205059252732894,-0.005386342811868117,1.1154594951328163,-0.012387943813086721,-0.0627052177079418,-0.073727325729395,0.01774016590899571,0.03519531282076538,-0.060175652731721985,-0.04147983186132154,-0.10521940855137879,-0.08475546978520765,-0.10521940855137879,-0.073727325729395,-0.05718444564928982,-0.019757550410590463,-0.05094842005992284,0.04808117110364307,-0.2406018636747067,-0.05094842005992284,-0.20996275577895285,0.27766978693397826,0.9108530698795145,0.8738961569913279,0.46515524373003814,0.3848572484581989,0.012552319380490716,-0.11223441931919409,0.11223441931919409,0.012589713162945548,173812613.47593883,1.0511896263317602,0.07142857142857142,0.007936507936507936,0.007936507936507936,0.022825208903985587,1.1365577931968183,-0.04646078818958521,-0.0371716504635865,-0.04973910893666511,0.8620579666220848,-0.04198230035073236,0.04629398026336478,-0.09448656639760689,-0.03656399327485438,0.1037352581548534,0.24265455971420444,1.0422898219571337,0.011733501153630121,-0.033576778695669884,-0.106055878679705,0.106055878679705,0.005256359596238269,0.6507936507936508,0.015873015873015872,182710016.2115188,19.02341084858914,0.06349206349206349,0.0,0.0,0.02059228096633013,-0.03218916839559749,-0.042463375441134654,-0.21669261251965255,-0.05480511066350491,0.3333333333333333,-0.012069077708658782,-0.05718444564928982,0.04808117110364307,-0.07904191816085693,-0.05480511066350491,-0.024456625578577973,0.2529163778416048,0.01241924740344041,-0.050005507919444914,0.050005507919444914,0.005256359596238269,256692237.10145497,-0.016119845567518554,0.022650305484805622,-0.0066485352744311,0.02423680749735202,0.18965344361478387,0.08462350440854238,0.20618776643006842,1.0,3.0,1.0,1.0,0.0,63.0,126.0,0.27339015151515156,0.06356032275017065,0.05426453556613553,0.0029049501172688785,0.06356032275017065,0.45179584120982985,0.29907848451619157,0.4979279774899724,0,0,0,0,0,0
recent_month_non_top10_control,2025-07-31,ACN,261.7071228027344,-0.3834421569361447,-0.17725439050607628,0.8402013729977118,0.859853090438943,-0.2143337866506302,-0.22990011515193043,-0.29921561942579544,0.16374240658115513,0.07329590241092476,-0.21903263270304607,0.11636126629208476,-0.09468772687022797,-0.3838391238343378,0.19654425301483414,-0.9997172057745569,-0.32261900586763126,0.32261900586763126,-0.053262086408670584,1.2024888244533043,0.6912195294034642,0.5175797094187076,-0.22591971701487068,0.08202076478940726,-0.10461966652049703,-0.11186215073094075,0.0756445899543694,-0.1354732128446403,-0.22020284976176882,-0.29921561942579544,-0.1354732128446403,-0.03655499803063422,-0.024315792643522238,-0.1026713664109613,0.059067377139202515,-0.2923248100257452,-0.1026713664109613,-0.3927006780702883,0.2993002598109436,0.7348158807817072,0.8735355759227901,0.5283409844427442,0.3726169475842611,0.013131524106602245,-0.32261900586763126,0.32261900586763126,0.0,1056511603.7740314,0.9320264709956088,0.07142857142857142,0.007936507936507936,0.031746031746031744,0.021360442274874377,1.1038598214765412,-0.09422410683951554,-0.06663244076010533,-0.10600078577432104,0.6712939861329327,-0.05659355604387528,0.06258667902537937,-0.15271808672556741,-0.07060926281179059,0.2041846679393149,0.2614494248277933,0.8411974292008183,0.011966370918264616,-0.058034364792678206,-0.16946921921601998,0.16946921921601998,0.0,0.8253968253968254,0.0,984696781.6314213,20.707844316853517,0.047619047619047616,0.0,0.015873015873015872,0.016942474267586223,-0.07367173863523901,-0.0675947038420196,-0.4632866294268762,-0.1018908989836862,0.16666666666666666,-0.0558799115516197,-0.10461966652049703,0.059067377139202515,-0.12612770648103822,-0.1018908989836862,-0.06077832112591186,0.21993058403117233,0.012192326661560374,-0.11924717347534464,0.11924717347534464,0.0,992294499.2903936,-0.04599987809704087,0.018510991092989794,-0.032379601168327166,0.02423680749735202,0.18965344361478387,0.08462350440854238,0.20618776643006842,1.0,3.0,1.0,1.0,0.0,63.0,126.0,0.5178030303030303,-0.02669416633364896,-0.07675026140970131,-0.06364654259943214,-0.02669416633364896,0.11342155009451796,0.29907848451619157,0.4979279774899724,0,0,0,0,0,0
recent_month_non_top10_control,2025-07-31,ADBE,357.69000244140625,-0.5577875369162054,-0.351599770486137,0.8874777785861455,0.9140362768399988,-0.25181975299579173,-0.1956238006367873,-0.1823294263114048,0.11495530585111635,-0.002069505573354835,-0.14280489079318648,0.09669574353639498,0.002537399292692477,-0.2669529307199472,0.1362202790546133,-0.5313880583604897,-0.3901798484604895,0.3901798484604895,-0.041158268601192316,1.3204606361235955,0.3653305097564665,0.3023762842279154,-0.18439893188475964,0.0669748854491678,-0.12547883775456425,-0.06963351174123755,0.04231119638708125,-0.06737412046028846,-0.14470082621881764,-0.18439893188475964,-0.06737412046028846,-0.02229287883654929,-0.011590276624212192,-0.046109147256791494,0.10696566263908114,-0.23576259087157536,-0.046109147256791494,-0.1879684843324784,0.34311916393821906,0.6001052343096684,0.7149193896084508,-0.028500699601765156,-0.10180008595552281,0.013356361167432189,-0.2292990589925431,0.2292990589925431,0.052029418945312544,1470033346.6577196,0.9385013289902483,0.10317460317460317,0.007936507936507936,0.015873015873015872,0.023274330480477345,1.1010694099947138,-0.06938766508894334,-0.07097692874677675,-0.0793813144109553,0.576653787106461,-0.06796114506241846,0.08062275371668715,-0.13828325038640477,-0.07033812230754355,0.011157663612125557,0.24530254324567355,0.839402655785201,0.01052906200079792,-0.04021462579629198,-0.14973374377450255,0.14973374377450255,0.0,0.7936507936507936,0.0,1379628249.4982522,21.0450799161283,0.07936507936507936,0.0,0.015873015873015872,0.01839612452702232,-0.04380733258189862,-0.054049166930968284,-0.36642530397777556,-0.07544975721929081,0.3333333333333333,-0.030279926156841535,-0.12547883775456425,0.10696566263908114,-0.09968656471664283,-0.07544975721929081,-0.031846812191286045,0.2059076062712825,0.010176065251649824,-0.06422663358147229,0.06422663358147229,0.0,1254430088.5928202,-0.02883176138226695,0.016528675758483404,-0.024091451352963977,0.02423680749735202,0.18965344361478387,0.08462350440854238,0.20618776643006842,2.0,8.0,2.0,1.0,1.0,63.0,126.0,0.6090909090909091,-0.0027677324711841145,-0.013810848521592312,-0.04858957411218001,-0.0027677324711841145,0.18714555765595464,0.29907848451619157,0.4979279774899724,0,0,0,0,0,0
recent_month_non_top10_control,2025-07-31,ADI,221.65457153320312,-0.21868132869217127,-0.012493562262102853,0.8528979428015374,0.863272937306571,0.02009824052439879,0.06671608228802484,0.06958573154685577,0.04933484990485715,-0.08447527993293735,-0.07608629224469854,0.23375472228182015,0.08575208982357307,-0.015037772861686616,0.08808269849026584,0.14553673716410706,-0.08568052356260192,0.08568052356260192,0.01626701230787453,1.587133437939529,0.20935815554649628,0.40003575728410157,-0.014889548386081586,0.06766972634555073,-0.11958858569228048,0.048538221108362256,0.11139910517261453,0.11892058145171291,0.05787225487082903,-0.014889548386081586,0.11892058145171291,-0.03347059277082154,0.06992746237874492,0.1576684300371216,0.09778362025958054,-0.03198501357766226,0.1576684300371216,0.5583633171701273,0.47813172744412274,0.43830380080589343,0.5905821293563273,0.6386289010955288,0.5464465992183372,0.017939651619188864,-0.08568052356260192,0.08568052356260192,0.37091553616392914,858721188.8434032,0.9692004373339271,0.15873015873015872,0.031746031746031744,0.023809523809523808,0.02901788717885781,0.9897010397810466,-0.08568052356260192,0.051111055202886835,-0.025791526704568413,0.7445283977446489,0.1174114730078708,0.09786472273987867,0.05455064975680801,0.032681371792735,-0.1794138890169502,0.2823760537067691,0.7421555428431246,0.012437864545728806,-0.009251785960376235,-0.08568052356260192,0.08568052356260192,0.16471934123039644,0.30158730158730157,0.9841269841269841,832272951.7749362,20.53967101322197,0.09523809523809523,0.015873015873015872,0.0,0.020714994012123938,-0.05148705468853543,-0.03580326448763416,-0.2684380889599029,-0.056255752486461086,0.5,0.015272042023576885,-0.11958858569228048,0.1174114730078708,-0.0804925599838131,-0.056255752486461086,-0.05378909524369779,0.2095669534246465,0.00999879568650461,-0.08568052356260192,0.08568052356260192,0.0,785049755.2664621,-0.030664229190714543,0.02291386698874663,-0.019151534761540634,0.02423680749735202,0.18965344361478387,0.08462350440854238,0.20618776643006842,1.0,3.0,1.0,1.0,0.0,63.0,126.0,0.7820075757575758,0.1187730933722253,0.09812462232436303,0.046413986606687496,0.1187730933722253,0.6824196597353497,0.29907848451619157,0.4979279774899724,0,0,0,0,0,0
recent_month_non_top10_control,2025-07-31,ADM,52.52543640136719,-0.29749133781385784,-0.09130357138378942,1.0612886741108027,1.0776502855750012,0.011969023633263687,0.0955828270454333,0.08039923499993007,0.05970763469055451,0.07927300320622832,-0.05750211815632267,0.20381688003832887,-0.06835811067517827,-0.004224269408612313,0.06591552688207614,0.2571585464225714,-0.10535133854610723,0.10535133854610723,0.03799099240270287,1.057522666629132,-0.0871556481714717,0.04640695580165355,0.1596722382061584,0.04129571067885363,0.0171609951977445,0.09353500547646365,0.029241886858217492,0.14010686969048458,0.1267261142988577,0.08039923499993007,0.1596722382061584,-0.0054155214588090805,0.05662026873721482,0.1463147618820062,0.021273864372953977,-0.04333868173277766,0.1463147618820062,0.5835646994322642,0.31264461600982685,0.7035821668679575,0.8019516359731516,-0.050609698008954984,-0.025426931753378512,0.014119392387495535,-0.03628610735184867,0.03628610735184867,0.3097997539683355,195383971.99331313,0.8948275974385703,0.10317460317460317,0.007936507936507936,0.015873015873015872,0.025666847883578457,0.8782266415022288,-0.01080599401971749,0.07949467742219496,0.03920911441446884,0.8745688688967039,0.09343268714228992,0.05232416337171135,0.12243620626268092,0.06942025971476307,-0.09044652839573775,0.2507258612872784,0.8773374045358423,0.012368196819590713,0.03237933725664899,-0.03628610735184867,0.03628610735184867,0.15325663341913032,0.09523809523809523,0.6031746031746031,174834970.2367813,18.979353065459165,0.047619047619047616,0.0,0.0,0.022621887902286298,-0.0010264104103266947,0.034041127653775316,0.12058488288595372,0.026525198543490003,0.6666666666666666,0.014103185520415173,-0.06835811067517827,0.09343268714228992,0.002288391046137983,0.026525198543490003,-0.008727177925726859,0.21997117639179448,0.011746745919481924,-0.03628610735184867,0.03628610735184867,0.01195362831806368,157585402.50247774,-0.013761519966808411,0.021120071994813625,-0.010194034699467669,0.02423680749735202,0.18965344361478387,0.08462350440854238,0.20618776643006842,1.0,3.0,1.0,1.0,0.0,63.0,126.0,0.33522727272727276,0.16606428479505175,0.11207992198255412,0.12678597521952573,0.16606428479505175,0.7863894139886578,0.29907848451619157,0.4979279774899724,0,0,0,0,0,0
recent_month_non_top10_control,2025-07-31,ADP,301.131591796875,-0.003260358781372874,0.20292740764869555,1.0539041877835644,1.0613329574820518,0.08672435889740782,0.06823302910687867,0.031991864948778925,-0.013936420303972685,-0.03984819079124058,-0.002667235052089101,0.037419026248559195,0.040163730142287024,-0.05263163945976346,0.002759926247691169,0.14664581345204863,-0.04823461269315665,0.04823461269315665,-0.0011682422911524215,1.1222566952814208,-0.39245960502693,-0.3713464880774049,-0.007856325842461653,0.020221778565072443,-0.025452219349711647,0.017243041075219123,0.003354091525465952,0.01805544464480624,0.014063661250374504,-0.007856325842461653,0.031991864948778925,-0.01613560536325165,0.005207738335123224,0.034751791196470094,0.08293393808192118,-0.15490165241831377,0.034751791196470094,0.21757668609684103,0.2181573697583932,0.6067443425278793,0.7321413700083746,-0.15911538142963633,-0.15611613469630625,0.009340725360728212,-0.04823461269315665,0.04823461269315665,0.12388501098260263,521029219.8561411,0.9127919466910739,0.031746031746031744,0.007936507936507936,0.007936507936507936,0.018320756013990445,0.738613765339283,0.003382668334047878,-0.029617267623961996,-0.004087427265962895,0.8294252596060677,-0.04788820008697636,0.04790582785532692,-0.04449223095804966,-0.019648218510122106,-0.17351424694708273,0.15972203557233355,0.8287256633523373,0.007048653125467726,-0.0015332585699801005,-0.04823461269315665,0.04823461269315665,0.04136883686226245,0.5873015873015873,0.9841269841269841,475591275.87541854,19.980069381307857,0.015873015873015872,0.0,0.0,0.01525875368144522,0.01266014006952565,0.0140825954086643,0.02694636335560771,0.0035667755921489075,0.5,0.006198069836069575,-0.04788820008697636,0.08293393808192118,-0.020670031905203112,0.0035667755921489075,0.013748658225034793,0.13236574988166774,0.006982139287204851,-0.004631110044091669,0.004631110044091669,0.037963725106044954,431416402.01139903,0.011193346349666511,0.015684283863738463,0.001877492273673731,0.02423680749735202,0.18965344361478387,0.08462350440854238,0.20618776643006842,1.0,3.0,1.0,1.0,0.0,63.0,126.0,0.3118371212121212,-0.017609055199503842,-0.04677060404480171,-0.15459767843461547,-0.017609055199503842,0.1342155009451796,0.29907848451619157,0.4979279774899724,0,0,0,0,0,0
recent_month_top_future_return,2025-07-31,BE,37.38999938964844,1.5552597590492006,1.761447525479269,1.2079827013690023,1.3202249431505462,2.894791448323271,0.683475953665768,0.5856657977364352,0.3161653151753061,-0.02904636904848301,-0.22307040907127884,1.2640092743820621,0.018659903964429958,0.5010422933278929,0.45527306757434793,0.7363794762625873,-0.006113757277153797,0.006113757277153797,0.04028991702790652,1.5515036471839263,0.9787149966892368,3.0384363401163617,0.5566194286879522,0.19147467413012548,-0.1815154257810323,0.7104847555527103,0.30256549952193224,0.9018311129117413,0.6813721131120429,0.5566194286879522,0.9018311129117413,-0.06815870615402253,0.21485408150750152,1.0409388653107832,0.008187752239572799,0.8512854216959993,1.0409388653107832,1.2156161597041482,0.7953315058547222,1.4061936604978402,1.076664943599188,0.6233254185905917,1.53746388865844,0.0367348722806521,-0.006113757277153797,0.006113757277153797,1.2910539270111894,160648301.16926527,1.1424358758647748,0.4603174603174603,0.1349206349206349,0.11904761904761904,0.06334797276566714,1.8124826765362856,-0.006113757277153797,0.2628724446397783,0.5598794923734731,1.3198503119548257,0.2950731437763998,0.27382682129667746,1.0243638754558098,0.29779603285600453,0.670845094555719,0.8563055508937317,1.306064313561719,0.036764200067241924,0.417753974527602,-0.006113757277153797,0.006113757277153797,1.2910539270111894,0.015873015873015872,0.9523809523809523,183530382.65249768,19.02789079024002,0.3968253968253968,0.15873015873015872,0.09523809523809523,0.0533675965947794,0.4167887486319719,0.5948644569969237,0.5035157669579942,0.5631270597989677,0.6666666666666666,0.1058956213073859,-0.1815154257810323,0.5631270597989677,0.5388902523016157,0.5631270597989677,0.3159932301743831,1.1183901215271113,0.045696131080199306,-0.006113757277153797,0.006113757277153797,0.6573581682080316,333749690.02376735,0.18656975480137694,0.05250067744290604,0.04511404192046986,0.02423680749735202,0.18965344361478387,0.08462350440854238,0.20618776643006842,1.0,3.0,1.0,0.0,1.0,63.0,126.0,0.7074810606060606,0.415886587079368,1.261834743924541,2.5346350847681043,2.5346350847681043,0.998109640831758,0.29907848451619157,0.4979279774899724,1,1,1,1,1,1
recent_month_top_future_return,2025-07-31,CIEN,92.83999633789062,0.5541458206618759,0.7603335870919443,0.7717159732294196,0.8131408939885857,0.4618170176586671,0.09468221920121023,0.065411946157522,0.47091100385144813,0.10135940854853542,-0.22928615868125113,0.6116564873813597,-0.0868716978178391,-0.01921155825102039,0.31695838254258657,0.12023034201068791,-0.05438993634840772,0.05438993634840772,0.005360301901017106,0.9972073425659785,0.13875790684301315,0.5741851419924238,0.16677135470605742,0.24785724548639393,-0.24054291143717865,0.2650069163163207,0.2775966121162198,0.5363229500089701,0.25616875029084984,0.065411946157522,0.5363229500089701,0.11136858055513166,0.07114045846665618,0.38237032870010856,0.19207851687123045,0.1927168850853247,0.38237032870010856,0.9638620001578257,0.544055228186136,0.4817284994270267,0.729165878548933,0.08634593230566678,0.2400879147457482,0.02337099674406243,-0.0030069415854017123,0.0030069415854017123,0.7353270343530958,168657947.14665186,0.9959684757035353,0.21428571428571427,0.06349206349206349,0.05555555555555555,0.04104216232217718,0.8032639485123615,0.02933268466553063,0.05922139225801226,0.15076448335816095,0.7915976917659157,0.01586315652247494,0.16249192946113983,0.15963026691255555,0.10595748439495156,-0.027054912300814027,0.39670650843948413,0.6606569418548276,0.01618755679188379,0.13272477901699964,-0.0011834385579682083,0.0011834385579682083,0.29973394849843626,0.015873015873015872,0.9841269841269841,167977998.53493828,18.939343573642983,0.07936507936507936,0.047619047619047616,0.015873015873015872,0.02972754489323075,0.12280188023801175,0.12734236317897718,0.5399816553892909,0.14152212280463772,0.6666666666666666,0.02223629458307617,-0.24054291143717865,0.19207851687123045,0.1172853153072857,0.14152212280463772,0.09647927198540573,0.26208690867953593,0.014343046959059339,-0.0011834385579682083,0.0011834385579682083,0.1940835541850885,164387528.73208183,0.049324066568683156,0.02636641043289107,0.017960104561906443,0.02423680749735202,0.18965344361478387,0.08462350440854238,0.20618776643006842,1.0,3.0,1.0,1.0,0.0,63.0,126.0,0.6335227272727273,0.012171530885243254,0.569043557894813,1.0456700308101325,1.0456700308101325,0.9867674858223062,0.29907848451619157,0.4979279774899724,1,1,1,1,1,1
recent_month_top_future_return,2025-07-31,ECHO,32.59000015258789,0.41682021546303805,0.6230079818931065,1.0021449806640481,1.064069069109501,0.3004788845617934,0.4231441351735499,0.17823573146682548,0.09580649878296366,-0.13468784064754247,-0.1872740540040323,0.6370071863982962,0.1290672347982038,0.09361222705828309,0.27149740092743846,0.17518873461273674,-0.007007908116239192,0.007007908116239192,0.006511738135297707,1.8235037228335589,1.8937245313773432,3.1951283291597994,0.04354789081928301,0.11579244372068873,-0.18091577654008795,0.3327717098726797,0.2731714107520258,0.27404223024978913,0.16527528417863255,0.04354789081928301,0.27404223024978913,-0.12118844373399795,0.14720692095701948,0.44973313239426393,-0.21129893668705413,0.26007968877948007,0.44973313239426393,0.3392683066795554,1.0173926529055894,0.5544865678568129,1.302935735244134,0.2915499618056818,0.5195527903608406,0.03387643300925335,-0.007007908116239192,0.007007908116239192,1.0381488817437865,75230651.0845805,1.1965637172228676,0.3333333333333333,0.07142857142857142,0.10317460317460317,0.05455984613071423,0.8539235767339134,0.03152033636759388,0.36026338266934843,0.29799267024186826,0.8852061091016246,0.5623238284328564,0.29500763478214187,0.8381275236331582,0.3838945909939364,-0.37012222885831036,1.3255972442455242,0.4255670888886301,0.04459482960270513,0.15073927127957787,-0.007007908116239192,0.007007908116239192,1.0381488817437865,0.015873015873015872,0.5714285714285714,90018267.5108622,18.31552319115021,0.4126984126984127,0.1111111111111111,0.12698412698412698,0.06062317451153813,0.12144708353090428,0.14374630747986505,0.3129315828006661,0.17653426913225556,0.5,0.059087029233695965,-0.21129893668705413,0.5623238284328564,0.15229746163490354,0.17653426913225556,0.07382328391722259,0.5641305602723581,0.023350993139786107,-0.007007908116239192,0.007007908116239192,0.1589615640095532,80042930.13878778,0.09044065490311581,0.04184017898392938,0.055649132667934476,0.02423680749735202,0.18965344361478387,0.08462350440854238,0.20618776643006842,1.0,3.0,1.0,1.0,0.0,63.0,126.0,0.6248106060606061,0.895980381289466,1.3430500231000462,1.2973305429897888,1.3430500231000462,0.994328922495274,0.29907848451619157,0.4979279774899724,1,1,1,1,1,1
recent_month_top_future_return,2025-07-31,INTC,19.799999237060547,-0.5579898871892057,-0.3518021207591373,0.9537838362310072,0.9828617742831453,-0.07992570558160039,-0.012468828404636478,0.019042662175677183,-0.14718004503456694,-0.1846558261448079,0.034482762005694445,-0.04940819179253919,0.22130721407735177,-0.0655808422328652,-0.03396809196252193,0.02838825873244752,-0.3518021207591373,0.3518021207591373,-0.003410738603265684,1.0442053580361796,0.32750782241757737,0.3076941976225964,-0.16561316396913073,0.09760820829163684,-0.04298358522713841,-0.07929676482440873,0.09738973648278815,-0.12813738285888976,-0.09156929488411443,-0.16561316396913073,0.019042662175677183,-0.11492729230391929,0.03274684522988114,-0.014925429786844746,-0.02736324049606631,-0.2045788734016286,-0.014925429786844746,-0.03312452808937907,0.6707935965763056,0.7150594937777501,0.6717199358108771,0.17590632717010113,0.039417177559323946,0.028646336653477152,-0.277108445480886,0.277108445480886,0.09211252915597656,2125255251.5827057,0.8154611729971759,0.31746031746031744,0.0873015873015873,0.07936507936507936,0.04500974901286876,1.045508411674059,-0.15511541313450394,0.06246526055400903,-0.08185413059435664,0.7709023483932909,0.14578007635248613,0.14056001109048358,0.012787724284207602,0.053853208012563325,-0.03564587067163738,0.4505854316345833,1.0645202794443716,0.020872905284101424,-0.009556315729099985,-0.1687657644528504,0.1687657644528504,0.012787724284207602,0.23809523809523808,0.6666666666666666,1733063140.3740413,21.273156281738622,0.2222222222222222,0.047619047619047616,0.031746031746031744,0.032604581775789516,-0.11205456540786485,-0.09508168384677396,-0.24198827040854945,-0.11607144757801224,0.3333333333333333,0.010956954137450273,-0.11607144757801224,0.22130721407735177,-0.14030825507536426,-0.11607144757801224,-0.11632788368817515,0.4796573295972094,0.020841528968441592,-0.1687657644528504,0.1687657644528504,0.0,1855377216.2492752,-0.09028259720820075,0.03993507913446661,-0.028745257638582156,0.02423680749735202,0.18965344361478387,0.08462350440854238,0.20618776643006842,1.0,3.0,1.0,1.0,0.0,63.0,126.0,0.9335227272727273,0.22979804645106938,0.694444471202984,1.0196971322915869,1.0196971322915869,0.9848771266540642,0.29907848451619157,0.4979279774899724,1,1,1,1,1,1
recent_month_top_future_return,2025-07-31,MU,108.96510314941406,-0.2077321899997674,-0.0015444235696989717,0.8266014437244211,0.7856038656454746,0.09911779058321457,0.29972620002822903,0.1988707227149662,0.05838244221082589,-0.03060241453821022,-0.15552182612997822,0.5751804506043756,0.026194680043978513,0.11424721830642381,0.2207879017594312,0.314238603243215,-0.14594069789574282,0.14594069789574282,0.04674496302319486,1.1180716847861167,0.47751942687557203,1.0975731971923746,0.16826830817675598,0.045209368617421475,-0.07077719844458552,0.10596040870575196,0.13254801494236934,0.2572531649257921,0.20813073193917142,0.16826830817675598,0.2572531649257921,-0.11439754371142075,0.14026582618813865,0.4196586244743974,0.22755045098792714,0.23000518085961352,0.4196586244743974,1.1079380601691429,0.6328653471039134,0.5833767945226908,0.598507166351397,0.28178440944398386,0.13611050466204366,0.027870136430746692,-0.14594069789574282,0.14594069789574282,0.6879283411228041,2213326537.722676,1.0797533316391812,0.3333333333333333,0.07142857142857142,0.05555555555555555,0.04094954496057748,1.252379649753839,-0.10950884878040557,0.07521930837229007,-0.03506228567639236,0.874430013432552,0.30478508731904363,0.18173083189467024,0.15649717152713571,-0.011590757436425458,0.15690623919601188,0.3787744455771565,0.9747198151010562,0.01901527741819008,-0.09701819842610637,-0.14594069789574282,0.14594069789574282,0.40468985491510057,0.4126984126984127,0.9841269841269841,2389846703.111473,21.594495060293607,0.2222222222222222,0.031746031746031744,0.0,0.03009254497974259,-0.08020074054462956,-0.10170290689696782,-0.3078267170432304,-0.11364930304085319,0.5,0.043284362192348304,-0.11439754371142075,0.30478508731904363,-0.1378861105382052,-0.11364930304085319,-0.0597681764071738,0.36919895755797105,0.018308860058182257,-0.12358470420170542,0.12358470420170542,0.0,2548422176.0890055,-0.02269985461006152,0.03528235474018821,-0.022656056737142105,0.02423680749735202,0.18965344361478387,0.08462350440854238,0.20618776643006842,2.0,7.0,2.0,1.0,1.0,63.0,126.0,0.93125,0.09043440841423434,0.5330770156068985,1.0515864630520322,1.0515864630520322,0.9886578449905482,0.29907848451619157,0.4979279774899724,1,1,1,1,1,1
recent_month_top_future_return,2025-07-31,QBTS,17.190000534057617,15.98381276762755,16.190000534057617,1.4131383873066234,1.3533535985704908,15.216982511321508,1.0464287279414553,1.8939394559705511,-0.6320972520542751,0.2429219444357873,0.16329962640531503,1.324399492791556,-0.07744108311713105,1.8093159515620088,-0.40624033677368,1.2651576131969249,-0.15320191230969027,0.15320191230969027,0.2399584248741793,1.428506160782867,0.8645051614969572,3.6383278479940007,2.1368614004063384,0.4517035534819166,0.38686129163873884,0.38551939055349393,0.22873013967664768,1.261842203916276,1.7642143534310553,1.261842203916276,2.1368614004063384,-0.09078948235247619,0.2785856119303174,1.4876991191968711,1.3632417198709295,1.2980456755820873,1.4876991191968711,0.9913419195388982,1.4969988215023726,0.64978825472432,1.0024672108920265,-0.013897973809368636,0.15786160924398995,0.059963260315396325,-0.15320191230969027,0.15320191230969027,2.712743004139935,767952561.4781762,1.4098047930076067,0.6190476190476191,0.23015873015873015,0.18253968253968253,0.10611577499045624,0.9287068269412486,0.07789054360591519,0.025983389312645766,0.026771345455091522,1.2192906448779193,-0.10349048305443953,0.5671363518451588,0.05266384656273693,0.09874365218703152,-0.21669971888364925,1.5006922333001342,0.6481890356754094,0.05700338799327939,0.23919481998321968,-0.15320191230969027,0.15320191230969027,1.4949203000240079,0.09523809523809523,0.9206349206349206,1082663201.9744017,20.802689771349463,0.6031746031746031,0.2222222222222222,0.12698412698412698,0.09337908617596347,0.03570857957645868,0.24288900975736993,0.17906298113918426,0.17418033681248568,0.5,0.2754270499663512,-0.10349048305443953,1.3632417198709295,0.14994352931513366,0.17418033681248568,-0.014758530250545188,0.9727322515483905,0.04735252513483511,-0.15320191230969027,0.15320191230969027,0.16070223139821604,803427169.2162787,-0.06611612090196706,0.09263275002620563,-0.03578638748366769,0.02423680749735202,0.18965344361478387,0.08462350440854238,0.20618776643006842,1.0,4.0,1.0,0.0,1.0,63.0,126.0,0.9550189393939393,-0.0913322047540358,0.43746354373381635,1.1559046086046387,1.1559046086046387,0.9905482041587902,0.29907848451619157,0.4979279774899724,1,1,1,1,1,1
recent_month_top_future_return,2025-07-31,RGTI,14.5,12.871482527516902,13.07767029394697,1.5514505584399565,1.6852177565654276,9.984848048349841,-0.04980342185339037,0.10098708549744528,0.7298209776743261,0.6129608973179297,-0.32649963294038853,0.9612234420812332,-0.3576309803236062,0.0163635810889029,0.5337367236433994,0.08241843731370824,-0.275,0.275,0.08835282471809247,0.8375744612335281,2.6939384215976547,5.038569087285838,0.713947982815375,0.39200680255050296,-0.06382978243712933,0.29538308195897867,0.20362899353667996,0.8308080631717714,0.5485810438281972,0.10098708549744528,0.8308080631717714,0.11994946971132814,0.17500247389302492,0.6347238091408447,0.3652761908591553,0.44507036552606083,0.6347238091408447,0.5074534106935473,1.2252972610128416,1.0706228759955292,1.0208152536320243,0.053201177674093714,0.2876406001982019,0.05445555618316289,-0.15501164749796092,0.15501164749796092,0.9333333333333333,649261266.1080655,1.0598455317093722,0.5952380952380952,0.18253968253968253,0.20634920634920634,0.09664354938360903,1.1669933049393542,0.009188492925377711,0.13837303592266315,0.11107706082543345,1.2316430936256204,-0.02064409637387188,0.25218908576261406,0.19735758968456696,0.2789329152159501,-0.004691609989205925,1.2508021342754485,1.0487920044163637,0.05274548044530091,0.37526633285807653,-0.15501164749796092,0.15501164749796092,0.5864332008032149,0.14285714285714285,0.9841269841269841,688116651.7966028,20.349468935008485,0.5396825396825397,0.1746031746031746,0.19047619047619047,0.08431633769935946,0.06711804942841781,0.3133191785495908,0.1696841688336624,0.22259699997853022,0.5,0.04428630023573438,-0.3576309803236062,0.3652761908591553,0.1983601924811782,0.22259699997853022,-0.011588270894096642,1.3118312775350132,0.04995627293441064,-0.15501164749796092,0.15501164749796092,0.1904761606482357,699300336.2026533,-0.0639726225841345,0.09186698650491647,-0.022252186473618485,0.02423680749735202,0.18965344361478387,0.08462350440854238,0.20618776643006842,1.0,4.0,1.0,0.0,1.0,63.0,126.0,0.9148674242424242,0.11931031325767782,1.0544828217605065,2.0531034798457704,2.0531034798457704,0.996219281663516,0.29907848451619157,0.4979279774899724,1,1,1,1,1,1
recent_month_top_future_return,2025-07-31,SNDK,42.91999816894531,,,1.0372120726437877,1.0244226647005505,,,,,,,,,,,,,,,0.9216294540822894,-0.20365186684466652,0.06444284544333789,-0.08388474777318555,0.010340742931958132,0.01622203118427601,0.02778634847228134,0.3355972881353385,-0.09850876667257447,-0.09119675722288001,-0.09850876667257447,-0.08388474777318555,-0.32556185257913917,0.0884140082524385,0.3366551651546479,0.17377757428502028,0.14700172153986402,0.3366551651546479,0.7251739369632142,0.8602937449643814,0.4756160762506622,0.5396303033485744,-0.3906280893692744,-0.42328021679201744,0.03348654184673749,-0.23927685994556924,0.23927685994556924,0.44902082892905604,147398406.7526176,0.7596695675259881,0.3793103448275862,0.08620689655172414,0.04310344827586207,0.06629869048499643,0.49240437231223955,-0.0379096844868797,0.0634416096950916,0.006779063618462811,0.706480888045001,0.20323693623018224,0.21247883581135096,0.1387635906818554,-0.0036233915954702045,-0.4657241366026542,0.46424057456401024,0.8813739208108144,0.022252968385128444,-0.0860414499067681,-0.09527825861316275,0.09527825861316275,0.3169683328625925,0.38095238095238093,0.9841269841269841,111974083.9117807,18.533778017769553,0.2857142857142857,0.06349206349206349,0.015873015873015872,0.04680048775572565,-0.035361143389031846,-0.079862162818511,-0.13095610829096624,-0.053583249987592674,0.6,0.0028182878265493373,-0.32556185257913917,0.20323693623018224,-0.0778200574849447,-0.053583249987592674,-0.012141132832464652,0.409169535402947,0.019110117373327965,-0.08583604959545121,0.08583604959545121,0.037717541962591694,87530944.38612802,0.012670135899367052,0.043053527909481304,0.0046345866950192605,0.02423680749735202,0.18965344361478387,0.08462350440854238,0.20618776643006842,1.0,3.0,1.0,1.0,0.0,63.0,116.0,0.6429924242424242,0.22250707034437145,1.6141659304502092,3.6442220488089294,3.6442220488089294,1.0,0.29907848451619157,0.4979279774899724,1,1,1,1,1,1
recent_month_top_future_return,2025-07-31,UUUU,9.09000015258789,0.3913517873794121,0.5975395538094805,1.5757420690291408,1.6568209076682687,0.5099668075395718,0.7719298147771181,0.7118644539626291,0.7251328935188335,0.4944463239694392,-0.14877588895782523,1.159837878105138,-0.22410547458453434,0.6272409495540867,0.2991975351846836,0.9379548149793469,-0.09462149530624109,0.09462149530624109,0.15880205851296703,1.457004606883638,1.3383864758806943,3.702640157579803,1.2063107779320683,0.3704751844861666,-0.0946601643977164,0.6840506409913332,0.08949402598436607,1.4369973474814626,1.1183908597920533,0.7118644539626291,1.4369973474814626,0.21179623533869574,0.29509885028476135,1.0110619891473127,0.0818583821062846,0.8214085455325288,1.0110619891473127,1.241177859254481,0.7589538883899262,1.22625853188839,1.0733179023905934,0.7394310702671505,1.749813685938177,0.033765707054226976,-0.09462149530624109,0.09462149530624109,1.6424418608680682,58449429.627782576,1.343786400614668,0.3968253968253968,0.14285714285714285,0.0873015873015873,0.06426021612585346,1.4076694381154549,-0.06919775073965895,0.37322981461234717,0.3904610633845875,1.8311134433252885,0.17586915275980974,0.2792377139642563,0.8588957874800112,0.4598878073621695,0.4117779532713368,0.8145987954978601,1.1424933182956822,0.03481964786252709,0.6727753049138334,-0.09462149530624109,0.09462149530624109,1.0896552533041253,0.047619047619047616,0.7936507936507936,78543548.65749829,18.179163801630136,0.4126984126984127,0.15873015873015872,0.09523809523809523,0.06543272943382579,0.23343436785666283,0.6708683321395152,0.6241388401171097,0.5808695917544158,0.6666666666666666,0.12193795382949252,-0.22410547458453434,0.5808695917544158,0.5566327842570638,0.5808695917544158,0.10880704768346283,0.930673680948016,0.04502220876830541,-0.09462149530624109,0.09462149530624109,0.6261180508876507,122505967.19889641,-0.042452310683164685,0.07606473171851479,-0.04756914273652613,0.02423680749735202,0.18965344361478387,0.08462350440854238,0.20618776643006842,1.0,3.0,1.0,0.0,1.0,63.0,126.0,0.6288825757575758,0.2717271975320714,0.6886688805059742,1.2563256198673125,1.2563256198673125,0.9924385633270322,0.29907848451619157,0.4979279774899724,1,1,1,1,1,1
recent_month_top_future_return,2025-07-31,WDC,78.47733306884766,0.3493805931766485,0.5555683596067169,,,0.5970119974851307,0.7491339507625587,0.6014257513790568,0.3485280835274409,0.009786844115641902,-0.10906216500513499,0.9065228726742472,-0.006074210282993042,0.5168022469705145,0.1960349562900554,1.100862391157089,0.0,-0.0,0.08319357211535383,1.3366745413253613,0.5096630202439332,1.7135599607095493,0.6112125954946988,0.19845790259032114,-0.17371756876902777,0.5357939826466973,0.19440814643858673,0.9499538349064978,0.7208640605934177,0.6014257513790568,0.9499538349064978,0.08483808663341152,0.19768244185598438,0.7974607076691123,0.17533059169771592,0.6078072640543284,0.7974607076691123,2.5294576737084227,0.5463223707251124,0.7476990036487272,0.5770758406176442,2.953098248386672,3.861217884700954,0.021861065059100182,0.0,-0.0,1.581421769690837,399258565.49387395,1.0015980259577766,0.21428571428571427,0.07142857142857142,0.03968253968253968,0.036754475112070875,2.0327724061645083,0.0,0.17856742043819174,0.28654825277789353,1.2122555106987356,0.24363199468091445,0.1607353020231736,0.5293235115005008,0.15948020928060846,0.921533533031563,0.3152694413344185,1.2956685257321898,0.015036630148602332,0.13621327654043847,0.0,-0.0,0.7937799690131098,0.0,0.9841269841269841,399896591.0453978,19.806716551763724,0.12698412698412698,0.047619047619047616,0.0,0.02699673372695065,0.19002505142218196,0.13039918713117205,0.5623797470860122,0.22972351792291068,0.6666666666666666,0.09228873531382197,-0.17371756876902777,0.24363199468091445,0.20548671042555866,0.22972351792291068,0.15733367906465268,0.4084846922621771,0.017728651900475092,0.0,-0.0,0.22914734332709963,510699432.04861593,0.12305201779286623,0.028910918907823432,0.09736718868818883,0.02423680749735202,0.18965344361478387,0.08462350440854238,0.20618776643006842,1.0,3.0,1.0,1.0,0.0,63.0,126.0,0.7673295454545456,0.02096822912215912,0.5275098697952136,0.9111048113969606,0.9111048113969606,0.9829867674858223,0.29907848451619157,0.4979279774899724,1,1,1,1,1,0
recent_month_non_top10_control,2025-08-31,A,124.65967559814452,-0.3184024762923705,-0.1140029391902555,1.0432364031225152,1.0613565447441227,-0.08367455666763701,-0.16715830278702437,-0.013507063165424493,0.1838106034794741,0.09225701884854509,-0.12321947711275494,0.24835046609280964,-0.08552215308330935,-0.1389023840089797,0.1386380521454792,-0.03747121261715331,-0.17305248396628892,0.17305248396628892,0.0013711668959262013,0.9704528305086183,-0.6252945136317738,-0.5784072455462652,0.0787499556831206,0.0919055260735011,-0.07823063117997642,0.102514912734474,0.11477685811371974,0.1703035403140496,0.0785154776105819,-0.013507063165424493,0.1703035403140496,0.04014870426326489,0.014209678406166049,0.1251309889800547,0.054414017036245266,0.025093223615684,0.1251309889800547,0.42191272226770626,0.3604650669682711,0.8341399931179606,0.8227711834656004,-0.23864073519982898,-0.16668916879902662,0.016500177061303706,-0.004008010901458192,0.004008010901458192,0.2682510354792822,228449409.64050293,0.87519502662433,0.11904761904761904,0.023809523809523808,0.031746031746031744,0.02763508714765375,0.76649764396216,0.0753805560866585,-0.0024287449531000815,0.06322729799574245,0.8493374337739352,-0.025067549714199555,0.0742512888143675,0.06706755676729448,-0.0014275776021418496,-0.0663102164910625,0.2965802697474913,1.0138177051904924,0.014311515490519393,0.024223917319405874,0.0,-0.0,0.13394544603707748,0.0,0.9841269841269841,199937787.15263245,19.113516816886513,0.07936507936507936,0.015873015873015872,0.015873015873015872,0.023322282523731235,0.06544204442788404,0.02420581420590695,0.3143029728700151,0.09450409251890712,0.5,4.107997348865947e-05,-0.08552215308330935,0.09450409251890712,0.0849643816420389,0.09450409251890712,0.0629875565170217,0.30067832848017884,0.014291877211032967,0.0,-0.0,0.1097765299761504,165746842.16086978,0.0446335029964704,0.022265288311217577,0.035500086854687085,0.009539710876868224,0.1000377653643707,0.1253953208435552,0.204399537102115,1.0,3.0,1.0,1.0,0.0,63.0,126.0,0.4943181818181819,0.02345797056230925,0.1670689357921682,0.2240031193325236,0.2240031193325236,0.8563327032136105,0.28512681118527616,0.49711249147701736,0,0,0,0,0,0
recent_month_non_top10_control,2025-08-31,AAPL,231.485107421875,-0.18596992216787633,0.01842961493423867,1.1229974647100713,1.125715827676026,-0.018396022443860405,-0.012864071494667617,-0.037759603418080934,0.13285710541815998,0.08538132120300146,-0.16840314391995947,0.3255027523981623,-0.08150014433027475,-0.16315492426163614,0.19485921189628375,-0.09531361680403601,-0.10059412951613189,0.10059412951613189,0.01039436327998633,1.1382572010888163,-0.44339938350661323,-0.3559576445767759,0.047621717784920525,0.06732375825975363,-0.04335302028216581,0.11387453016294735,0.15366774025831942,0.09509750200007905,0.03498653878897288,-0.037759603418080934,0.09509750200007905,-0.05358407005224708,0.049955665946889605,0.1570996084782028,0.021508605211605802,0.05706184311383211,0.1570996084782028,0.7352957492345731,0.3961616890030976,0.7318498206563346,0.5393126073758499,-0.5115343055128726,-0.4530947976212375,0.015154257637437496,-0.02661057892662344,0.02661057892662344,0.3496590757243161,12072559620.746393,0.943477902827826,0.14285714285714285,0.023809523809523808,0.015873015873015872,0.025458932614106436,0.5906332433728995,0.026756249224857198,0.06005737486918705,0.07780900949387215,0.7007459741711034,0.011697625508581444,0.07238339163192577,0.13273603626521502,0.0688757505931259,-0.44227032452072723,0.2136549934386811,1.357004844031589,0.009592054201404673,0.08134213013320801,-0.00510008410075935,0.00510008410075935,0.18791386411405142,0.19047619047619047,0.8095238095238095,11390193232.7457,23.15601857947193,0.047619047619047616,0.015873015873015872,0.0,0.019035965161083832,0.05126459463643385,0.09201096441180145,0.4126463773049876,0.11963891948030181,0.5,-0.004265347410699764,-0.08150014433027475,0.11963891948030181,0.11009920860343358,0.11963891948030181,0.028533849994153426,0.2899308610478276,0.01283427239301189,-0.00510008410075935,0.00510008410075935,0.14835188209374084,12874778674.788412,0.012924464943261382,0.0163479061238369,0.007849537775012072,0.009539710876868224,0.1000377653643707,0.1253953208435552,0.204399537102115,2.0,8.0,2.0,1.0,1.0,63.0,126.0,0.784185606060606,0.0968812192629327,0.1646851596191794,0.20237923226280707,0.20237923226280707,0.8374291115311909,0.28512681118527616,0.49711249147701736,0,0,0,0,0,0
recent_month_non_top10_control,2025-08-31,ABBV,204.06918334960935,-0.09429489463269669,0.11010464246941831,0.7988532647813221,0.8187601116959087,0.18186291360939832,0.16464619521490964,0.024630113888668204,0.06310550229510481,-0.002396287118295648,-0.10142114903654476,0.24169961518346217,0.0023441673084392267,-0.100765206954887,0.11564835225824921,0.08911899225172669,-0.011453758690512239,0.011453758690512239,0.0005887073682495636,0.8728015962249982,-0.6326384701524679,-0.5811055582240712,0.022233826770372556,0.037145055813275804,-0.060218483645141596,0.11452644831347647,0.13211625735309018,0.08773561618377301,0.04486651894760459,0.022233826770372556,0.08773561618377301,-0.046078963624289426,0.04121005870711536,0.1402784661469174,-0.002632878738284994,0.04024070078254671,0.1402784661469174,0.7449499636130525,0.27637334384457196,0.5957972504186864,0.6813460650984172,-0.5878680698499212,-0.5412519631923323,0.01250859668696935,-0.011453758690512239,0.011453758690512239,0.24716280462933438,1243959244.0045917,0.8177496895139676,0.07142857142857142,0.0,0.023809523809523808,0.02549293017722677,0.4902085496545885,0.038438670793688234,0.06237484397899151,0.08187594547812571,0.6906837544296007,0.02711227574382602,0.06180983055959566,0.14328860641045882,0.0790726532089765,-0.393506579695855,0.18830589032659098,0.8744414636527272,0.0091163797553568,0.10225017272139003,-0.000949681662792301,0.000949681662792301,0.16404608842914215,0.07936507936507936,0.6984126984126984,1017247285.5527848,20.740366077408538,0.015873015873015872,0.0,0.0,0.020129733860172055,0.05546894240494771,0.09905623959850152,0.6869183024199138,0.1131096701015466,0.5,0.005605964524349305,-0.060218483645141596,0.1131096701015466,0.10356995922467838,0.1131096701015466,0.03052133212101471,0.16466247835161416,0.008444747620624578,-0.000949681662792301,0.000949681662792301,0.07775839037806165,907053736.5619478,0.009451591890018651,0.015555410825437805,0.009315994634742752,0.009539710876868224,0.1000377653643707,0.1253953208435552,0.204399537102115,1.0,3.0,1.0,1.0,0.0,63.0,126.0,0.45994318181818183,0.10047526977590193,0.04378266348773341,0.09002624369685441,0.10047526977590193,0.6767485822306238,0.28512681118527616,0.49711249147701736,0,0,0,0,0,0
recent_month_non_top10_control,2025-08-31,ABNB,130.52999877929688,-0.09170665929261701,0.112692877809498,0.9737063025769555,0.9869097296303718,-0.040996266299555884,-0.004879159858065418,-0.06005614337966092,0.13067622818658986,0.15272314304200307,-0.07107363335656891,0.08293408901003296,-0.13977098520335818,-0.18545146422321612,0.07191659903312497,-0.14471991232652384,-0.19136414161842796,0.19136414161842796,0.005389365222217668,0.7930318807382194,-0.5650482594192139,-0.5598895335886585,0.09266699966234215,0.08254968351276265,0.020592659495444643,0.006911756847056694,0.013435525204808951,0.07062008480692894,0.03441031369653672,-0.06005614337966092,0.09266699966234215,0.05807088203236255,-0.02115686886145085,0.011860455653464053,0.025891444479772208,-0.08817730971090665,0.011860455653464053,0.039773496899141246,0.41498189443453665,0.9344372808790864,0.7185854992544125,0.07297820198632787,0.05774367133837721,0.01727456977994085,-0.08451397739520339,0.08451397739520339,0.23502692557568783,672823682.542595,0.9062002612199566,0.12698412698412698,0.015873015873015872,0.05555555555555555,0.02887787221397755,0.6953793512757427,-0.013224569741014824,-0.04514971162622694,-0.01194329148217843,0.6980587825420322,0.0005289959661174404,0.06900167675153542,-0.013676874782227344,-0.08387628493061527,0.06634876685638114,0.29819997179378344,1.3003842713896072,0.013407857929662795,-0.07727167375745148,-0.08180926127756072,0.08180926127756072,0.10338119536808721,0.38095238095238093,0.2222222222222222,609712996.8750727,20.22849890912723,0.06349206349206349,0.0,0.015873015873015872,0.022217793092814877,0.004130978113635386,-0.06049717989736503,-0.03661498610878513,-0.014198359873246358,0.6666666666666666,-0.008147560517151283,-0.13977098520335818,0.05807088203236255,-0.02373807075011458,-0.014198359873246358,0.03375768166370441,0.3877745530494605,0.016297799532697277,-0.0032835057462224926,0.0032835057462224926,0.10338119536808721,715363583.628264,0.020818334126943228,0.020125086467474143,0.010481806159799323,0.009539710876868224,0.1000377653643707,0.1253953208435552,0.204399537102115,1.0,3.0,1.0,1.0,0.0,63.0,126.0,0.6613636363636364,-0.06979239022100159,-0.030567669509565465,-0.10373095106222363,-0.030567669509565465,0.19281663516068054,0.28512681118527616,0.49711249147701736,0,0,0,0,0,0
recent_month_non_top10_control,2025-08-31,ABT,129.6630096435547,-0.010707275042288078,0.19369226205982693,0.9717973975150509,0.9800406860552715,0.13307475916346867,0.04645326196062083,-0.029977941163040867,0.04914031839042854,0.039195896550108356,-0.027615668486410394,0.025186307378798345,-0.038837890607163694,-0.15537326200659607,0.027548580055428817,-0.12388621515131783,-0.045266394381971,0.045266394381971,0.005365531178269212,0.8285043127269252,-0.688785401213756,-0.6895414538561684,0.009217955387067489,0.025980700284434603,-0.009757445979681645,0.013283049649129186,0.008001402730387519,0.019162377227387672,-0.0005325361828619016,-0.029977941163040867,0.019162377227387672,0.021644320204705636,-0.0054390275744614636,-0.002429361107612049,0.018191329268119505,-0.10246712647198275,-0.002429361107612049,-0.01005981221764274,0.241979635316367,0.6884160068199469,0.9979835495710041,-0.34092464225150987,-0.3071325344877033,0.010077682012427381,-0.045266394381971,0.045266394381971,0.10082156189644143,866218539.3225957,0.9288343321813584,0.047619047619047616,0.0,0.015873015873015872,0.02083575528977832,0.5390156914348975,0.04706731779336193,-0.005789225258704289,0.014361561369605313,0.7496336890570306,-0.06803593071476799,0.04370839711965177,-0.0202522745804109,0.02150373949500528,-0.21362480033130204,0.24149169537692503,0.6898069683772556,0.008884182058280626,0.04486372810542916,-0.034939950597654756,0.034939950597654756,0.10082156189644143,0.746031746031746,0.49206349206349204,804573518.4948149,20.505822905547387,0.031746031746031744,0.0,0.015873015873015872,0.01831023316017191,0.022362151961465404,0.0366716942315759,0.30778711136530124,0.05127199396324866,0.5,-0.004253937310923254,-0.06803593071476799,0.05127199396324866,0.04173228308638044,0.05127199396324866,0.009512288266037672,0.16658265427624036,0.008284564030611159,-0.012064249344638789,0.012064249344638789,0.04218716675065792,685501037.8405253,0.006907062314450041,0.015372280643337718,0.006601478710951403,0.009539710876868224,0.1000377653643707,0.1253953208435552,0.204399537102115,1.0,3.0,1.0,1.0,0.0,63.0,126.0,0.37310606060606066,0.009648730023024132,-0.06400046130699333,-0.024022502837567572,0.009648730023024132,0.3516068052930057,0.28512681118527616,0.49711249147701736,0,0,0,0,0,0
recent_month_non_top10_control,2025-08-31,ACGL,91.52999877929688,-0.35325150726139865,-0.14885197015928364,0.9152327093798381,0.9256679165193957,-0.09124307317340696,-0.016546695181873794,-0.014853135598091649,0.02422674026571947,-0.033493729770224134,0.022925381223363628,-0.05985722152658712,0.03519531282076538,-0.14024845644164685,-0.022078704705131846,-0.05382190653864219,-0.1619682738775602,0.1619682738775602,-0.005711460837233284,0.961173418754622,-0.46060668806294647,-0.4805274757200325,-0.04834686536831578,0.028983954006178703,-0.05718444564928982,0.005301626981228491,-0.029636734136957332,0.009373604667627822,-0.017942132099593205,-0.04834686536831578,0.009373604667627822,0.04808117110364307,-0.01087621600335753,-0.036931840303223495,-0.04198230035073236,-0.1369696056675942,-0.036931840303223495,-0.1625834913070189,0.27596821728021903,0.7303024097321237,0.8231243238072771,-0.4414465925740628,-0.4059447577248626,0.012458323123779038,-0.055807752484629325,0.055807752484629325,0.07695024214508517,174034010.4928153,1.123399615194804,0.07142857142857142,0.007936507936507936,0.007936507936507936,0.022358777457069948,0.6815704173147085,0.05681937687173577,0.007605885751247987,0.02177280169376239,0.7648579947246175,-0.05480511066350491,0.055889378930334216,0.005271781564534672,0.02791962736953435,-0.2522962112514351,0.22715615224108002,0.8872322061316142,0.011116639116764263,0.05087456786135314,-0.049236501807969235,0.049236501807969235,0.06915077825883698,0.9841269841269841,0.3492063492063492,195509740.41843718,19.09112076437561,0.047619047619047616,0.0,0.0,0.01917320455273808,0.021555367012220383,0.05549654478322319,0.3153728422016992,0.06356032275017065,0.5,-0.0011891749981579973,-0.05718444564928982,0.06356032275017065,0.05402061187330243,0.06356032275017065,0.009368046421631693,0.20154025408922224,0.010624359621581533,-0.021488156046156504,0.021488156046156504,0.04272043805136683,174973313.5494414,-0.004242821552651321,0.017113833268595068,0.0009404669769539353,0.009539710876868224,0.1000377653643707,0.1253953208435552,0.204399537102115,1.0,3.0,1.0,1.0,0.0,63.0,126.0,0.28806818181818183,-0.008740253829701006,-0.05703049590648346,0.026111651060013452,0.026111651060013452,0.4215500945179584,0.28512681118527616,0.49711249147701736,0,0,0,0,0,0
recent_month_non_top10_control,2025-08-31,ACN,254.7210693359375,-0.43014924277068056,-0.22574970566856556,0.8552012223130316,0.8566201225021249,-0.272341433471771,-0.3179224742448664,-0.24658314484447375,0.1199583386325408,0.08803211014361323,-0.08639583725611,-0.08893973379389741,-0.10461966652049703,-0.37197846568802895,0.07124757379446633,-0.8045424121041643,-0.3407011267962531,0.3407011267962531,-0.040873801118183506,1.059593302970043,-0.30077005507513643,-0.42336993676380263,-0.15855103470086052,0.0621274757915044,-0.03655499803063422,-0.09873200127236137,-0.10010509581628158,-0.12662480621193295,-0.1772529952524224,-0.24658314484447375,-0.12662480621193295,0.059067377139202515,-0.08903548692599306,-0.1753355710500074,-0.05659355604387528,-0.2753733364143781,-0.1753355710500074,-0.6164407946334868,0.3064886836724632,1.0094410372677183,0.9280347031281896,-0.41473894995932503,-0.43036200577771677,0.013562683319916027,-0.2460639592341426,0.2460639592341426,0.0929078377284509,1075579395.239609,0.9903329458436501,0.0873015873015873,0.007936507936507936,0.023809523809523808,0.021650808950416232,0.7289054381711119,-0.016402141884906407,-0.10056565460327827,-0.0448204754291045,0.8104469573992921,-0.1018908989836862,0.060267242244601664,-0.1258651727119795,-0.11956493781177624,-0.21601609433066027,0.284432134564124,1.0877190625147173,0.013152019178578434,-0.08636003114566115,-0.1858713611009264,0.1858713611009264,0.0929078377284509,0.8888888888888888,0.20634920634920634,1065181710.9763736,20.786411243127652,0.07936507936507936,0.0,0.015873015873015872,0.01974373242842771,0.0024085752236346902,-0.06916438384913837,-0.0862821507154723,-0.02669416633364896,0.16666666666666666,-0.04454765146218986,-0.10461966652049703,0.059067377139202515,-0.036233877210517185,-0.02669416633364896,0.03829342834443228,0.3093822547571488,0.0136051432926841,0.0,-0.0,0.0929078377284509,1130799565.838841,0.016301733308468958,0.02060128668172761,0.01176895535203859,0.009539710876868224,0.1000377653643707,0.1253953208435552,0.204399537102115,1.0,3.0,1.0,1.0,0.0,63.0,126.0,0.5483901515151515,-0.05142894796746034,-0.037965842788167725,-0.03835054572465757,-0.037965842788167725,0.14933837429111532,0.28512681118527616,0.49711249147701736,0,0,0,0,0,0
recent_month_non_top10_control,2025-08-31,ADBE,356.70001220703125,-0.5834144761110526,-0.37901493900893757,0.8357742456749888,0.8525723713519012,-0.3086271058655291,-0.18459251970893453,-0.18665629744451462,0.13790703550062033,0.11670091805395744,-0.05351605561692252,-0.08715219619835102,-0.12547883775456425,-0.3120516182880698,0.04598804562924108,-0.530734235211241,-0.39186766749548774,0.39186766749548774,-0.02271853804711388,1.1449380847016808,-0.37624370760759107,-0.4639864148172078,-0.06995537939055718,0.07425985246906916,-0.02229287883654929,-0.05064045636851022,-0.06432761176647628,-0.048749261943894284,-0.1017869795929887,-0.18665629744451462,-0.048749261943894284,0.10696566263908114,-0.06347324989929826,-0.14066825181527354,-0.06796114506241846,-0.24070601717964424,-0.14066825181527354,-0.521280159088681,0.3516944735442256,0.823584646752995,0.7672896695306376,-0.41519133190046753,-0.4168099258405965,0.014222692335997378,-0.20951152396364403,0.20951152396364403,0.06908442599192188,1455281956.531561,0.9867296402203486,0.10317460317460317,0.007936507936507936,0.015873015873015872,0.023617372195013718,0.6797822746121552,0.005293565128242417,-0.04952274324287487,-0.01970695523577537,0.8769159014106557,-0.07544975721929081,0.08021894451919999,-0.07800866494747616,-0.05246362706748875,-0.32887208740538576,0.26985153638150045,1.0733686109143028,0.012551576168053441,-0.03006715037157992,-0.14444017864626013,0.14444017864626013,0.06908442599192188,0.9206349206349206,0.2222222222222222,1435969841.387552,21.085106306229044,0.06349206349206349,0.0,0.015873015873015872,0.021094494984490602,0.003228825460932949,-0.025903089087964237,-0.009555431930329424,-0.0027677324711841145,0.16666666666666666,-0.0311641147841543,-0.12547883775456425,0.10696566263908114,-0.012307443348052338,-0.0027677324711841145,0.018930382382800204,0.2896501687589016,0.014728749850543996,-0.017923458608522402,0.017923458608522402,0.06908442599192188,1260605555.2746,-0.0014975726208761309,0.021644850349228185,-0.0009130673078139306,0.009539710876868224,0.1000377653643707,0.1253953208435552,0.204399537102115,2.0,8.0,2.0,1.0,1.0,63.0,126.0,0.6205492424242424,-0.011073765270124603,-0.045949016225221406,-0.10252314570427667,-0.011073765270124603,0.2741020793950851,0.28512681118527616,0.49711249147701736,0,0,0,0,0,0
recent_month_non_top10_control,2025-08-31,ADI,247.98117065429688,-0.11588121044053601,0.088518326661579,0.9921036376422516,1.001590772390099,0.16774231468531875,0.1966237375094706,0.10211506726541342,0.19305322330658492,0.14970317288316837,-0.06584813935575629,0.24565103190187065,-0.11958858569228048,-0.023280253578141785,0.07768782528070095,0.2225257583361095,-0.01689946077263038,0.01689946077263038,0.03457714571848669,0.9752441108568117,-0.6705238295768716,-0.6112830611097766,0.2518182401485818,0.10129150496797407,-0.03347059277082154,0.13387034886967486,0.050604049732415946,0.29516829057199834,0.21636719932866452,0.10211506726541342,0.29516829057199834,0.09778362025958054,0.02754165769103567,0.17980289254611437,0.1174114730078708,0.07976512718174367,0.17980289254611437,0.7169963355426439,0.45889099773867886,0.6341567946595187,0.5464748757315592,-0.32600471927787555,-0.24595221486822738,0.016793254253799995,-0.01689946077263038,0.01689946077263038,0.5337434151461617,856210852.3397052,0.9680272293371477,0.15079365079365079,0.031746031746031744,0.023809523809523808,0.028201216791882613,0.6890236119974474,0.06878106278997154,-0.008145315850715762,0.06070466253143669,0.9995669358929291,-0.056255752486461086,0.10339324848808304,0.05583567114296506,0.00034118064226418277,-0.11481861037097774,0.2507724009635757,1.1604500459615474,0.011376421845959803,0.06897070994394272,-0.01689946077263038,0.01689946077263038,0.17175301069479088,0.047619047619047616,0.9841269841269841,828835419.1188025,20.535532165186137,0.07936507936507936,0.015873015873015872,0.0,0.020820186165477032,0.06988531575053858,0.11012328976903962,0.4081425555601781,0.1187730933722253,0.5,0.020775542615018922,-0.11958858569228048,0.1187730933722253,0.10923338249535708,0.1187730933722253,0.05823425185502651,0.29100884422406903,0.012010402425078559,-0.01689946077263038,0.01689946077263038,0.13879831811765397,926954034.2620122,0.014496252083019634,0.02517664438286858,-0.011509008325973347,0.009539710876868224,0.1000377653643707,0.1253953208435552,0.204399537102115,1.0,3.0,1.0,1.0,0.0,63.0,126.0,0.771780303030303,-0.018456352919271057,-0.06467719611260214,0.06000322181798401,0.06000322181798401,0.5614366729678639,0.28512681118527616,0.49711249147701736,0,0,0,0,0,0
recent_month_non_top10_control,2025-08-31,ADM,61.2480354309082,-0.13620873738633077,0.06819079971578423,1.0914296055147497,1.1146869508090402,0.18205720501918043,0.2598149612533145,0.35225237904054096,-0.015575676076589495,-0.022814477444980774,0.033174296887179544,0.2756584751965847,0.0171609951977445,0.22685705819698576,-0.04341960695677671,1.1455101722878671,-0.024450996386305324,0.024450996386305324,0.05621789909629338,0.8912837696164548,-0.4437638525085633,-0.27197990114558945,0.3294379015955602,0.011658346878105562,-0.0054155214588090805,0.20726236049424696,0.013508647744236435,0.33667670296395147,0.3394556612000175,0.3294379015955602,0.35225237904054096,0.021273864372953977,0.08593238406575399,0.30883277208376425,0.09343268714228992,0.20879500671939355,0.30883277208376425,1.1562219855104274,0.3075069847149466,0.9044013475002063,0.8686146936252512,-0.3074781125354339,-0.19247496058871139,0.013756740045746493,-0.024450996386305324,0.024450996386305324,0.5273107133358219,197460777.69845328,0.9987663921692401,0.0873015873015873,0.015873015873015872,0.007936507936507936,0.02545478581087182,0.7103749672981168,0.01183511096554335,0.07720485022364931,0.11589326419685486,1.0428100438954606,0.026525198543490003,0.06453281971562394,0.19699437146371324,0.10129323037278026,-0.24337411038124557,0.26710508531579813,1.0411996874305636,0.012942971924694032,0.13537144937374457,-0.024450996386305324,0.024450996386305324,0.34477137143302716,0.06349206349206349,0.9365079365079365,197217188.53681654,19.09981616437049,0.06349206349206349,0.015873015873015872,0.0,0.023107392889823136,0.08137966890158177,0.16095802947150406,0.5971178498277121,0.16606428479505175,0.8333333333333334,0.05317358476545351,-0.0054155214588090805,0.16606428479505175,0.15652457391818353,0.16606428479505175,0.04957317672564776,0.278109731341923,0.012828433015946415,-0.024450996386305324,0.024450996386305324,0.17321002007765518,217039940.1744116,0.012899759362098084,0.02139877749463381,-0.00584055950803819,0.009539710876868224,0.1000377653643707,0.1253953208435552,0.204399537102115,1.0,3.0,1.0,1.0,0.0,63.0,126.0,0.38323863636363636,-0.04629621498268077,-0.03368451472847356,-0.022160583041460735,-0.022160583041460735,0.23062381852551986,0.28512681118527616,0.49711249147701736,0,0,0,0,0,0
recent_month_top_future_return,2025-08-31,BE,52.93999862670898,3.2406046026932485,3.4450041397953637,1.183925135721376,1.360142493909146,0.9285973462770847,1.2451229346055248,1.2039965702664204,0.6857413941761026,0.48878059339554136,-0.2310574953638408,2.0973271539897302,-0.1815154257810323,1.0786012494228652,0.662273088359469,1.4926075400449552,-0.03394161744976221,0.03394161744976221,0.20743573364060652,1.7163308895687814,2.0666105313806273,7.789732720918908,1.6927771636619617,0.3530678134133258,-0.06815870615402253,1.0057816373286816,0.23917922378331746,1.889737964442523,1.5955038994569684,1.2039965702664204,1.889737964442523,0.008187752239572799,0.41164297877449085,1.8662696586258893,0.2950731437763998,1.7662318932615186,1.8662696586258893,2.1654691194697917,0.8066397482021012,0.8432466463636291,1.0684219013923506,-0.4496073404398867,-0.22070641570189475,0.037404514456124416,-0.03394161744976221,0.03394161744976221,2.2438725255306564,218814768.97830358,1.418128327518216,0.46825396825396826,0.14285714285714285,0.1111111111111111,0.06410175519906576,1.026682082011199,-0.02782786017260841,0.530515840118285,0.5645687216389284,1.8635332917522487,0.5631270597989677,0.2956659587521147,1.2132106378701675,0.5572645364518629,-0.23782830321240112,0.8618315735127359,0.7892450026199607,0.03903465485487193,0.5402875027092298,-0.03394161744976221,0.03394161744976221,1.8960610852375077,0.015873015873015872,0.9841269841269841,310307422.3674865,19.553074052327705,0.42857142857142855,0.1746031746031746,0.09523809523809523,0.05987605411470384,0.3106771804190789,0.4416368369761545,0.6114214529110418,0.415886587079368,0.6666666666666666,0.1721000684932089,-0.1815154257810323,0.5631270597989677,0.40634687620249976,0.415886587079368,0.1965193579355342,0.6801962624950241,0.036121138497040184,-0.03394161744976221,0.03394161744976221,0.4664820184039602,484209991.04786825,0.09073676018423016,0.06282719473437123,0.026446408672043287,0.009539710876868224,0.1000377653643707,0.1253953208435552,0.204399537102115,1.0,3.0,1.0,0.0,1.0,63.0,126.0,0.7900568181818182,0.5974688683153357,1.4964111652891656,1.0634680902438935,1.4964111652891656,0.996219281663516,0.28512681118527616,0.49711249147701736,1,1,1,1,1,1
recent_month_top_future_return,2025-08-31,CIEN,93.97000122070312,0.4256091139561211,0.6300086510582361,0.7835638774802611,0.8244404131985014,0.34781984474204286,0.07837964056568536,0.18097274828587917,0.2182231435648465,0.374049603958833,0.006158072962785255,0.1675866695589594,-0.24054291143717865,0.05557742744232397,-0.007228005764134515,0.3327611046574343,-0.04288041425327549,0.04288041425327549,0.08246798679464984,1.01597939012275,-0.031395197359850635,0.1368947946801875,0.5550223522447122,0.18789018617621753,0.11136858055513166,0.18285621624689274,-0.008122324308193374,0.3991958918507257,0.37839699746043903,0.18097274828587917,0.5550223522447122,0.19207851687123045,0.07643584535506465,0.17374474252174466,0.01586315652247494,0.07370697715737395,0.17374474252174466,0.40387916277920727,0.5438518677601584,0.8256972020463808,0.7910056764443483,0.1263949906579811,0.14010494207575785,0.023261314446219455,-0.040044929955938224,0.040044929955938224,0.7564486209477219,163733026.08728257,1.1230418553023525,0.23015873015873015,0.06349206349206349,0.05555555555555555,0.039561168365106494,0.9819726618388325,-0.038861491397970016,0.10264130869966959,0.08206267362342756,1.1447546982094772,0.14152212280463772,0.15399997032720494,0.15541619457854283,0.09056228550352952,0.10905233849315521,0.4301899145431463,1.0438574926010322,0.018950680022390823,0.030042030051187663,-0.040044929955938224,0.040044929955938224,0.3022449619143519,0.015873015873015872,0.8412698412698413,183879041.3913303,19.02978872109741,0.1746031746031746,0.031746031746031744,0.015873015873015872,0.031114417781509154,0.030677963028212574,0.023727549451028507,0.0271046477826727,0.012171530885243254,0.8333333333333334,0.03874349936692323,-0.24054291143717865,0.19207851687123045,0.00263182000837503,0.012171530885243254,0.01766319820695217,0.44905696553726104,0.02321561892011894,-0.040044929955938224,0.040044929955938224,0.08460297648536752,157030234.28998676,0.031119037735549915,0.035398829003534034,0.006469189939305675,0.009539710876868224,0.1000377653643707,0.1253953208435552,0.204399537102115,1.0,3.0,1.0,1.0,0.0,63.0,126.0,0.6506628787878788,0.5501755483307564,1.02107050869233,1.1731404071630083,1.1731404071630083,0.9905482041587902,0.28512681118527616,0.49711249147701736,1,1,1,1,1,1
recent_month_top_future_return,2025-08-31,LEU,201.72999572753903,3.8897924704902884,4.094192007592404,1.0130567671285342,1.0247304997645104,1.2168131398630662,1.4511541706829907,1.223409988578192,0.6879768358132758,1.0193162402651383,0.39887571335845307,0.1905506862465396,-0.3143392837787373,1.0980146677346367,-0.6339835889731993,1.3780700040245655,-0.19094409765625164,0.19094409765625164,0.22067260747135387,1.4829124748010356,0.23176259300436164,0.957795983367032,2.2427262288433303,0.5199524858462902,0.11380810055054025,0.32827734338521153,-0.1835922875755458,1.9113868243914678,1.79250768060433,1.223409988578192,2.2427262288433303,0.8317216985416946,0.15135561056044056,0.5894263996049927,0.4432713151472576,0.48938863424062196,0.5894263996049927,0.7225997115666198,0.8877705668110482,1.0243264752590269,0.9188213059689845,0.3423112767940355,0.25712375025795087,0.04189319853292219,-0.19094409765625164,0.19094409765625164,2.706228083712805,172035495.75307935,1.590880341316118,0.5873015873015873,0.19047619047619047,0.14285714285714285,0.0763160316208682,1.3650407531433628,-0.0548247307681059,0.022752554986469553,-0.006163156780832013,1.205104577468466,0.17589257838726313,0.4000481536850201,0.10126653452044998,-0.0735016603587676,0.1135479215524573,0.8157025115981529,1.1148266464922438,0.04179741122652885,-0.18162422098014974,-0.19094409765625164,0.19094409765625164,0.6192807253375141,0.47619047619047616,0.9841269841269841,273687888.2021465,19.427498924592555,0.6349206349206349,0.23809523809523808,0.12698412698412698,0.07829334151506058,-0.03371208493490119,-0.12376536124667337,-0.06978846234350666,-0.06346331734584365,0.6666666666666666,0.1978151819170291,-0.3143392837787373,0.8317216985416946,-0.07300302822271187,-0.06346331734584365,0.00916212425813634,0.9093668955402694,0.04255873648423179,-0.14135526674368593,0.14135526674368593,0.21100968609745507,331521175.1347133,0.06891542750453716,0.07603515122135528,0.005282292162585023,0.009539710876868224,0.1000377653643707,0.1253953208435552,0.204399537102115,1.0,3.0,1.0,0.0,1.0,63.0,126.0,0.7835227272727273,0.5370545476192152,0.8215436436700156,0.2853814171650755,0.8215436436700156,0.9829867674858223,0.28512681118527616,0.49711249147701736,1,1,1,1,1,0
recent_month_top_future_return,2025-08-31,LITE,132.80999755859375,1.1009293320444338,1.3053288691465488,,,0.527078253357302,0.5613684619154535,0.8883832518251207,0.3611085418592037,0.24203056327783723,0.02772638841850772,0.8097113509500553,-0.11360730087367577,0.7629879309815655,-0.05094551245655765,1.2805772561027104,-0.020213983264300128,0.020213983264300128,0.1510198421085156,1.3543831409509688,-0.14214147754707873,0.5762616241939513,1.130413815102958,0.1840098446403035,-0.05293550255026036,0.5138803462764945,0.05749437138483582,1.2494917936843244,1.0894296202041343,0.8883832518251207,1.2494917936843244,0.22425470288716487,0.17756447516560292,0.837437739368563,0.31516324244628735,0.7373999740041923,0.837437739368563,2.170673151843601,0.6937365532547508,0.6753463195447524,0.5561135994941344,0.30977284246417547,0.5802227935729034,0.03023911270539339,-0.020213983264300128,0.020213983264300128,1.6797819588069665,223833928.01183066,1.212206987757339,0.40476190476190477,0.10317460317460317,0.07142857142857142,0.05271701999301754,1.1749841549780926,-0.020213983264300128,0.177244214924988,0.2515383722438873,1.4399676545925089,0.15800551923223827,0.1687073200671171,0.39711762012965934,0.18957612846728944,0.06685515550329035,0.38579633173115374,1.2144035322262885,0.0203858534894951,0.17120664138086372,-0.020213983264300128,0.020213983264300128,0.7507249735042978,0.015873015873015872,0.9841269841269841,271333051.6331143,19.418857600776477,0.2698412698412698,0.031746031746031744,0.0,0.04052863431500732,0.1615492980583786,0.18691554181271264,0.4407271553206763,0.206486149613478,0.6666666666666666,0.12289446845920539,-0.11360730087367577,0.31516324244628735,0.19694643873660977,0.206486149613478,0.11890407502765976,0.46851242797425807,0.02475640270060244,-0.020213983264300128,0.020213983264300128,0.24493810628673418,411317294.0259661,0.07814324874514234,0.04613089972217828,0.0339592519957399,0.009539710876868224,0.1000377653643707,0.1253953208435552,0.204399537102115,1.0,3.0,1.0,1.0,0.0,63.0,126.0,0.756723484848485,0.2251337226482668,0.517656812467514,1.4483096878204047,1.4483096878204047,0.994328922495274,0.28512681118527616,0.49711249147701736,1,1,1,1,1,1
recent_month_top_future_return,2025-08-31,MU,118.81929779052734,0.03797956575526662,0.24237910285738162,0.8423341742049992,0.8318661456434158,0.2193168517368782,0.30728988728883966,0.27391996149581943,0.2741246508330857,0.09703214962696038,0.010178266700018535,0.25090604236690894,-0.07077719844458552,0.14852464065226423,-0.012835652428891953,0.4430691914641533,-0.06870435015927046,0.06870435015927046,0.05758178331655395,1.0227444614287398,-0.2939700819085621,-0.1096367485630797,0.3709521111227798,0.1389971919614634,-0.11439754371142075,0.1403158630576089,0.013993814486406464,0.5480446123289051,0.39763889498250143,0.27391996149581943,0.5480446123289051,0.22755045098792714,0.044879616323586724,0.2610843090669275,0.30478508731904363,0.16104654370255678,0.2610843090669275,0.6630800735933942,0.6182329233739581,0.7324280049964991,0.6368874126476443,-0.4260256019819123,-0.3741185668522303,0.026733415093479658,-0.06870435015927046,0.06870435015927046,0.8405751420978649,2270254719.7583213,1.12447926158785,0.30952380952380953,0.07142857142857142,0.047619047619047616,0.039438394792018015,0.7543114109050029,0.07723634773647237,-0.02422109399837502,0.007007189380553891,1.0080255636405329,-0.11364930304085319,0.18241368121840942,-0.03349270211380839,0.019243566607579865,-0.2685543184394895,0.39374476698122945,1.1500117453282317,0.020392757765730365,0.06376540089794247,-0.06870435015927046,0.06870435015927046,0.2133023152325506,0.746031746031746,0.9841269841269841,2552854350.8901687,21.660477923789937,0.25396825396825395,0.015873015873015872,0.0,0.030702993540086335,0.027877068437465624,0.059693793793416994,0.1997177345655492,0.09043440841423434,0.5,0.05399098358739094,-0.11439754371142075,0.30478508731904363,0.08089469753736611,0.09043440841423434,0.005903952618635522,0.4528111066899416,0.023873400329175055,-0.06841478285030478,0.06841478285030478,0.13472551370868602,2123648440.7125201,0.001801435713046029,0.03533317677979299,0.005695674383489946,0.009539710876868224,0.1000377653643707,0.1253953208435552,0.204399537102115,2.0,7.0,2.0,1.0,1.0,63.0,126.0,0.9338068181818182,0.40593235482763035,0.8814395870316991,0.9883042655450796,0.9883042655450796,0.9848771266540642,0.28512681118527616,0.49711249147701736,1,1,1,1,1,0
recent_month_top_future_return,2025-08-31,QBTS,15.619999885559082,14.260947030272263,14.465346567374377,1.1481226074077786,1.1927302217093438,4.172185425235328,1.629629585032066,1.850364932699395,-0.5898728588234472,-0.7951017640725198,1.979926983005193,-2.023405246413895,0.38686129163873884,1.7249696118558397,-1.8938431961080968,1.273118325425473,-0.23054184863994764,0.23054184863994764,0.1461847829651053,0.9091116526629303,-0.7088261619403148,-0.7214858947691964,1.0552631686268752,0.4127662188126818,-0.09078948235247619,0.0984065297289014,-0.08820987061933461,1.2604920738759477,1.3887067250674061,1.0552631686268752,1.850364932699395,1.3632417198709295,-0.008505658631088764,-0.04347826340870187,-0.10349048305443953,-0.14351602877307257,-0.04347826340870187,-0.05434701370229721,1.4534115924228863,0.45473610436020184,0.5504373361080082,-0.4712705342607666,-0.5195605620851542,0.05638753416102142,-0.23054184863994764,0.23054184863994764,2.3736499998867124,806627058.6450709,0.95411980570114,0.5793650793650794,0.1984126984126984,0.15873015873015872,0.0976904589043414,0.5486471008455021,-0.07733993633025738,0.030165487431289995,-0.059002138722982767,0.8107421078365169,0.17418033681248568,0.5688905833207334,0.06693985787256507,-0.05035105231244563,-0.3762097478237011,0.8000120052017516,0.8261360095510898,0.03983916075393908,-0.16048242522316702,-0.23054184863994764,0.23054184863994764,0.11412263734338168,0.42857142857142855,0.6984126984126984,769618852.467717,20.461405954764817,0.5396825396825397,0.14285714285714285,0.09523809523809523,0.07364165399681312,-0.08644286475978424,-0.1334978836967976,-0.13818976709310293,-0.0913322047540358,0.5,0.2731118630268671,-0.10349048305443953,1.3632417198709295,-0.10087191563090403,-0.0913322047540358,-0.05727564245489947,0.6609187255703408,0.03594201226725086,-0.16246647694087057,0.16246647694087057,0.05469273754168791,626527465.5172439,0.010806957390185667,0.06705231922404996,0.011134122983242456,0.009539710876868224,0.1000377653643707,0.1253953208435552,0.204399537102115,1.0,4.0,1.0,0.0,1.0,63.0,126.0,0.9283143939393939,0.5819461757690159,1.3725993370559193,0.4513444457354121,1.3725993370559193,0.9924385633270322,0.28512681118527616,0.49711249147701736,1,1,1,1,1,1
recent_month_top_future_return,2025-08-31,RGTI,16.229999542236328,16.513940408485873,16.71833994558799,1.5845408335449542,1.753925337538321,4.321311408516796,0.23234619956080316,0.9184396535524424,-0.08867643465321917,0.13080269315103554,0.4314420333418518,-0.0912273345505612,-0.06382978243712933,0.7930443327088872,-0.5782249547611518,0.7707860397610732,-0.18850002288818357,0.18850002288818357,0.1279615135737746,0.7337564749607136,-0.21282624215396306,0.054981840768034695,1.049242346703478,0.11041130840338698,0.11994946971132814,0.28544779747165294,0.04925172947597567,0.8297632188992232,0.9324817397183812,0.8297632188992232,1.049242346703478,0.3652761908591553,0.11473977704447158,0.3402146987912906,-0.02064409637387188,0.24017693342691993,0.3402146987912906,0.3459741055243641,1.19156238719261,0.6729013525442913,0.8252636039216257,-0.16193155458161823,-0.06194134582737609,0.05207039314328765,-0.09733036955251984,0.09733036955251984,1.1639999389648437,582317853.4007081,1.0805692672294112,0.5555555555555556,0.19047619047619047,0.1746031746031746,0.09014259971200363,1.0453056649830854,0.05768127794544109,0.15015699726633258,0.11563257956329487,1.181354354426962,0.22259699997853022,0.15759163096610507,0.36846543103386575,0.08036809501477404,-0.09806061498844887,0.9833530699520289,0.8153774737510368,0.0426814874319455,-0.008391964665575125,-0.09733036955251984,0.09733036955251984,0.5041704911599516,0.1746031746031746,0.7619047619047619,629234776.1438068,20.26001499962319,0.5238095238095238,0.15873015873015872,0.12698412698412698,0.07465710638583849,0.03849843197715952,0.0515172038860523,0.14880235305732067,0.11931031325767782,0.6666666666666666,0.12377651583261505,-0.06382978243712933,0.3652761908591553,0.1097706023808096,0.11931031325767782,0.024039350327133002,0.8018039419828118,0.04067054399559635,-0.09733036955251984,0.09733036955251984,0.14943340465853705,639568356.4964794,0.05657181033206449,0.08112403813703488,0.04078488435631766,0.009539710876868224,0.1000377653643707,0.1253953208435552,0.204399537102115,1.0,4.0,1.0,0.0,1.0,63.0,126.0,0.9051136363636364,0.8354899418205766,1.7276649233758214,0.5754775364153173,1.7276649233758214,0.998109640831758,0.28512681118527616,0.49711249147701736,1,1,1,1,1,1
recent_month_top_future_return,2025-08-31,SNDK,52.470001220703125,,,0.9443868827176414,0.9673012293605028,,,0.11995737309759802,0.5141130169162826,-0.01787796650135265,-0.195517612502632,0.5876641535619441,0.01622203118427601,-0.0054379477459571834,0.2721891679617141,0.16258935537568145,-0.07001058270888683,0.07001058270888683,-0.020766457874322186,0.7944809615094772,-0.23121681576841957,0.07025885075255855,0.10207940659624537,0.3021164847887451,-0.32556185257913917,0.28312197627879865,0.33197447979616734,0.6340703900138807,0.28536905656924133,0.10207940659624537,0.6340703900138807,0.17377757428502028,0.05171823410908205,0.3921465410593121,0.20323693623018224,0.2921087756949414,0.3921465410593121,0.8327134418495091,0.7377935217248551,0.7539508574103085,0.6382899051584301,1.2863941163746486,1.7951329728617798,0.0306774149755823,-0.07001058270888683,0.07001058270888683,0.771438208442033,129073023.14107229,0.9467753793512026,0.3492063492063492,0.09523809523809523,0.03968253968253968,0.058101175695054144,1.3318702781029983,0.09527825861316275,0.0003371268718155296,0.17027021461776903,0.9316167175799225,-0.053583249987592674,0.21014676949271616,0.15700116838250966,0.04986477261478384,0.39204108957615413,0.4709261570082619,1.1812044203067416,0.022448345846575027,0.11431470398437815,0.0,-0.0,0.405571889821166,0.0,0.9841269841269841,122203160.44839527,18.621195475466916,0.2698412698412698,0.07936507936507936,0.015873015873015872,0.04490336142615952,0.17888039027760017,0.15121014803422184,0.40000547770028744,0.22250707034437145,0.6666666666666666,0.03943308491285302,-0.32556185257913917,0.22250707034437145,0.21296735946750323,0.22250707034437145,0.15030476411442484,0.5562600582962256,0.02767152502184417,0.0,-0.0,0.2895060946564332,120566688.07847159,0.11099350716359879,0.04022979289608229,0.06685376900503748,0.009539710876868224,0.1000377653643707,0.1253953208435552,0.204399537102115,1.0,3.0,1.0,1.0,0.0,63.0,126.0,0.6445075757575758,1.1383646719636702,2.7989326699768573,3.255383906703573,3.255383906703573,1.0,0.28512681118527616,0.49711249147701736,1,1,1,1,1,1
recent_month_top_future_return,2025-08-31,WBD,11.640000343322754,0.28029435534386016,0.48469389244597516,1.1257219443839224,1.1820139864893056,0.11068710417509164,0.11494260643403154,0.01570683286008845,0.3268537485578482,0.06910219229451697,-0.130017431601954,0.29751994229061496,-0.06369986854107224,-0.10968848798346675,0.1517956778285725,0.025492482938817798,-0.1503649266147603,0.1503649266147603,0.033393141302167084,1.1819580537633294,0.136337635711818,0.32667704268356457,0.08480902515460542,0.17226159887527395,-0.19198504695490803,0.10433292410484452,-0.022630893441913602,0.34256058141793666,0.1476921464775435,0.01570683286008845,0.34256058141793666,0.14994235055307614,0.07688849277099852,0.16750251068866095,0.14944831807534187,0.06746474532429025,0.16750251068866095,0.36917489992294766,0.6161358584718875,0.8959562457444517,0.7363981184885628,0.085685942065582,-0.04044155921218184,0.025519093766172903,-0.1503649266147603,0.1503649266147603,0.5136541296112835,556628145.2906297,1.2836085350411321,0.29365079365079366,0.05555555555555555,0.06349206349206349,0.04680245122588894,1.0971267966065086,-0.11167881418045489,0.026819503288240787,-0.02797492068619223,0.8471515288367466,0.14921466251787807,0.15525009027076078,0.01570683286008845,-0.05169447087922119,0.1312017018973448,0.4537212869120334,1.216673730214544,0.02086720806747884,-0.10382720522964195,-0.1503649266147603,0.1503649266147603,0.2214061562931149,0.38095238095238093,0.9047619047619048,714492638.1391677,20.387083253166598,0.23809523809523808,0.047619047619047616,0.031746031746031744,0.03964274625713332,-0.05386363778244496,-0.10563379174765064,-0.2104467829734756,-0.11617309978040136,0.5,0.01279121931165241,-0.19198504695490803,0.14994235055307614,-0.12571281065726958,-0.11617309978040136,-0.017762939517722454,0.552030770625007,0.02432284219627768,-0.0955710608526471,0.0955710608526471,0.0797774240866822,567870524.2197355,-0.015644799201071757,0.03454835510790138,-0.02496228520878796,0.009539710876868224,0.1000377653643707,0.1253953208435552,0.204399537102115,1.0,3.0,1.0,1.0,0.0,63.0,126.0,0.8607954545454546,0.677835061048673,0.9286941667332353,1.0618556092884925,1.0618556092884925,0.9886578449905482,0.28512681118527616,0.49711249147701736,1,1,1,1,1,1
recent_month_top_future_return,2025-08-31,WDC,80.12286376953125,0.41913851380763933,0.6235380509097543,1.0428101808463786,1.035464945424059,0.45893770677639645,0.6350048134560988,0.6449968703615403,0.19015340526405633,0.34584404333290975,0.05354595242824223,0.507844764863306,-0.17371756876902777,0.5196015495179851,-0.08360615306999208,1.232593838053922,-0.020721674623056408,0.020721674623056408,0.14598340732130666,1.2912687908559262,-0.3239855189928136,0.05552273539928465,0.99084091369445,0.1732079648980086,0.08483808663341152,0.36825442038851186,-0.001692199789715354,0.8351502756255966,0.823662686560529,0.6449968703615403,0.99084091369445,0.17533059169771592,0.15648395776603818,0.5613907172915482,0.24363199468091445,0.4613529519271775,0.5613907172915482,1.8126912862173934,0.5232841917982424,0.515460765724783,0.5918392519840038,-0.7915936150453718,-0.7872237022151223,0.020684606097892494,-0.020721674623056408,0.020721674623056408,1.635549612818644,391773343.28879553,1.1417185136930441,0.1746031746031746,0.05555555555555555,0.031746031746031744,0.034356841370046874,0.4507622443235128,-0.020721674623056408,0.1316352117095232,0.1357917094294756,1.0153256879659966,0.22972351792291068,0.1577774697886406,0.2555086424036259,0.12927163278180753,-0.5721698986934158,0.3097001246489257,0.870947244537804,0.015029817890182266,0.11520239790423803,-0.020721674623056408,0.020721674623056408,0.5422436234588837,0.015873015873015872,0.9841269841269841,447294879.2042384,19.918728622337657,0.09523809523809523,0.015873015873015872,0.0,0.026485557882111897,0.07364790065703741,0.1211580022200438,0.07773713378638816,0.02096822912215912,0.8333333333333334,0.09679580854801399,-0.17371756876902777,0.24363199468091445,0.011428518245290897,0.02096822912215912,0.046338969754653236,0.2697324701959963,0.014003461722042301,-0.020721674623056408,0.020721674623056408,0.08891293519235499,459685778.9871216,0.028154559183891203,0.02362282607597145,-0.0006965716578348768,0.009539710876868224,0.1000377653643707,0.1253953208435552,0.204399537102115,1.0,3.0,1.0,1.0,0.0,63.0,126.0,0.7584280303030303,0.49613849503288177,0.8718553201603068,1.0353514385636684,1.0353514385636684,0.9867674858223062,0.28512681118527616,0.49711249147701736,1,1,1,1,1,1
recent_month_non_top10_control,2025-09-30,A,127.5839385986328,-0.3639034135970044,-0.12717468018326816,0.9900475500757646,1.0084532425151513,-0.038615474175730746,0.009634059106766957,0.10405524038762759,0.04746903821066306,0.09370124592407514,0.010948134297342982,0.08115066180459385,-0.07823063117997642,-0.17919357884157439,-0.01195644428569076,0.29008387073686775,-0.15365397347859544,0.15365397347859544,0.03917633502959039,1.0632302126102688,0.5089241138292562,0.6478942081221122,0.19775648631170273,0.04685198342728846,0.04014870426326489,0.08583850215351152,0.019721361865558285,0.15152427859829065,0.15111200176587367,0.10405524038762759,0.19775648631170273,0.054414017036245266,0.027200972712384752,0.09209879610193683,-0.025067549714199555,0.0025004093098206503,0.09209879610193683,0.30185210764179243,0.3587074321757623,0.7237805220517752,0.8505882234992512,0.35745564787783524,0.3892988025053936,0.016371960419596918,-0.0011049400340956694,0.0011049400340956694,0.2980016309351734,222701775.08809528,0.8982980108771754,0.1111111111111111,0.023809523809523808,0.031746031746031744,0.02658367283980912,1.011194133883514,-0.0011049400340956694,0.05381410350814053,0.05935302006168963,0.9096908287802807,0.09450409251890712,0.061341843481244614,0.1201789373015425,0.06530856937881957,0.10936591930994388,0.3051123174903598,0.8509176380013829,0.014448691113544713,0.04325984841485098,-0.0011049400340956694,0.0011049400340956694,0.14787345928537654,0.2698412698412698,0.7936507936507936,200052561.58045208,19.11409070288531,0.07936507936507936,0.015873015873015872,0.015873015873015872,0.023102603856804942,0.03475095741447021,0.025146196940294185,0.09035312344862843,0.02345797056230925,0.6666666666666666,0.018204433914425094,-0.07823063117997642,0.09450409251890712,-0.030304351170388655,0.02345797056230925,0.021228138585486,0.25962545252402497,0.012360403619130786,-0.0011049400340956694,0.0011049400340956694,0.0551131878532789,222414478.8709368,0.024805552118806196,0.02103897507209546,0.03379480953302183,0.053762321732697904,0.08959838679211618,0.283248819229202,0.23672873341373624,1.0,3.0,1.0,1.0,0.0,63.0,126.0,0.5034090909090909,0.1403193578637687,0.19594859245664087,0.06014812695714733,0.19594859245664087,0.8752362948960303,0.2189065999625741,0.3159992810095696,0,0,0,0,0,0
recent_month_non_top10_control,2025-09-30,AAPL,253.9116668701172,-0.13881006963669829,0.09791866377703795,1.179512895125701,1.192678142350853,0.020421422603912776,0.05546341942682331,0.14911658713025155,0.12008424222598135,0.05207529607538697,-0.07514047029079085,0.31761735485244136,-0.04335302028216581,-0.13413223209895042,0.09336029743139895,0.3788793120954034,-0.01345859217141554,0.01345859217141554,0.04248582155125624,0.8668333642286805,-0.5897818366973915,-0.49031341446917254,0.20119188320563852,0.060218046089249445,-0.05358407005224708,0.1719948871179806,0.07369032982286683,0.2692008293562329,0.20650309989737434,0.14911658713025155,0.2692008293562329,0.021508605211605802,0.06829693402737136,0.2424768845616505,0.011697625508581444,0.15287849776953433,0.2424768845616505,0.97691840459624,0.39357278787685135,0.7298128830171041,0.6306479505779522,-0.04348476853449146,0.049183593333453235,0.014821820561294021,-0.008720393748828714,0.008720393748828714,0.4804156925697707,12546062276.515453,0.99609185468749,0.15873015873015872,0.023809523809523808,0.015873015873015872,0.023826746654582925,0.606763271030519,-0.003620309648069364,0.07977954790869446,0.10664780812328134,1.0669287459623196,0.11963891948030181,0.07093500198885919,0.2281109031337858,0.07720245340441956,-0.28328404757031855,0.2482058720777874,1.1572429314140686,0.010980952359159598,0.09372628411206918,-0.008720393748828714,0.008720393748828714,0.25960561257386594,0.047619047619047616,0.6507936507936508,12497030442.03903,23.24875688847486,0.1111111111111111,0.015873015873015872,0.0,0.018652365734889792,0.06791464291586191,0.1059687865364034,0.33728964417362156,0.0968812192629327,0.6666666666666666,0.02546487985483481,-0.05358407005224708,0.11963891948030181,0.04311889753023479,0.0968812192629327,0.047323518312882396,0.28723449099748405,0.013557201267774096,-0.008720393748828714,0.008720393748828714,0.12275672728793907,14582419806.87859,0.015846321212093173,0.019016400915732843,-0.00043179944495597145,0.053762321732697904,0.08959838679211618,0.283248819229202,0.23672873341373624,2.0,8.0,2.0,1.0,1.0,63.0,126.0,0.8101325757575757,0.06181520766834603,0.09617997933337352,0.06870171940442371,0.09617997933337352,0.6729678638941399,0.2189065999625741,0.3159992810095696,0,0,0,0,0,0
recent_month_non_top10_control,2025-09-30,ABBV,224.57308959960935,-0.022323828141484592,0.21440490527225164,1.0593641173001238,1.0951273497249756,0.3388900791046179,0.12758010100214534,0.1249430462891783,0.12990520636350222,0.07208309937551638,-0.10588295812739501,0.36404379569865974,-0.060218483645141596,-0.15830577294002368,0.13321779128208644,0.44971057490100924,0.0,-0.0,0.041423365027766224,0.9396378825684596,0.4172245703884243,0.7830964525064759,0.19702614566469467,0.06508293671981767,-0.046078963624289426,0.17772352250561396,0.10588295812739501,0.2548482526526805,0.19227248153551782,0.1249430462891783,0.2548482526526805,-0.002632878738284994,0.0667955347396505,0.25816083757126473,0.02711227574382602,0.16856245077914855,0.25816083757126473,1.2934035752337243,0.2778299049709491,0.7978230660036552,0.7184181801113287,1.1542664196778203,1.3707169193641158,0.012365719281888454,0.0,-0.0,0.3724718238789373,1203842875.3900075,0.8588784367290769,0.07936507936507936,0.0,0.023809523809523808,0.024250237873833406,1.0960705636261687,0.000949681662792301,0.07949126059166112,0.11603178321763186,1.0699955340946237,0.1131096701015466,0.07278306027497182,0.22494966449516474,0.06921734889473252,0.15806789104155894,0.19959805470973266,1.110527389326397,0.009615292147100047,0.06717365339616199,0.0,-0.0,0.25258308278333175,0.0,0.7936507936507936,1033954686.8824066,20.756656789908412,0.047619047619047616,0.0,0.0,0.018819003149794716,0.07598598667352952,0.06864692839941822,0.453287353323305,0.10047526977590193,0.5,0.021961148268926423,-0.060218483645141596,0.1131096701015466,0.04671294804320403,0.10047526977590193,0.060647998414910864,0.22165910661142676,0.009596637629270523,0.0,-0.0,0.10367508194911701,1171769861.259751,0.04095196632304443,0.01891683987349006,0.03937723673469007,0.053762321732697904,0.08959838679211618,0.283248819229202,0.23672873341373624,1.0,3.0,1.0,1.0,0.0,63.0,126.0,0.484375,-0.05151647460438913,-0.009495012169764894,-0.006058451562351408,-0.006058451562351408,0.30434782608695654,0.2189065999625741,0.3159992810095696,0,0,0,0,0,0
recent_month_non_top10_control,2025-09-30,ABNB,121.41999816894533,-0.2792332637616525,-0.042504530347916236,0.9485769575930986,0.9711798433021518,-0.07602165143264927,-0.1256570718067408,0.01640715804029691,-0.07516686215699986,-0.02050820797065489,0.10781849449295788,-0.19033321771438183,0.020592659495444643,-0.26684166118890507,-0.09892188126172086,0.04247727314186892,-0.24780077099328923,0.24780077099328923,0.008587253314424226,0.7984690761526038,0.01762186639024521,-0.06634692025901467,-0.004101049930357981,0.03885488437369553,0.05807088203236255,-0.07133767999041052,-0.08687603846660563,-0.05875970411670295,-0.015484532002254673,-0.05875970411670295,0.01640715804029691,0.025891444479772208,-0.03709243754005365,-0.08251472322142395,0.0005289959661174404,-0.17211311001354013,-0.08251472322142395,-0.29868088135305787,0.386257328371786,0.5085470253993501,0.7152325828652634,-0.10311583401452129,-0.1657115237100174,0.01576022489671294,-0.1458919876117869,0.1458919876117869,0.14883144445246543,659417442.3298366,0.9065621012401399,0.0873015873015873,0.015873015873015872,0.031746031746031744,0.026752677757252895,0.68808523981383,-0.06408272633422618,-0.03793537647612488,-0.04549729902583599,0.8151670535524655,-0.014198359873246358,0.04350942146958655,-0.08299981262147615,-0.021494049729392395,-0.04885946423714993,0.2762638266219887,0.7110232916991578,0.012258332665072771,-0.03218944822182712,-0.1458919876117869,0.1458919876117869,0.02637358441844251,0.7142857142857143,0.5555555555555556,597802862.1129354,20.20877159721873,0.047619047619047616,0.0,0.015873015873015872,0.021144762156205702,-0.029118986170732275,-0.051108579792022435,-0.3553041019989454,-0.06979239022100159,0.6666666666666666,0.0035155386465748153,-0.06979239022100159,0.05807088203236255,-0.12355471195369949,-0.06979239022100159,-0.017267844017567313,0.1964300153821718,0.01104572403822355,-0.04835800882543784,0.04835800882543784,0.008723065534640417,616661134.1004145,-0.018844152027338246,0.02150270026927559,-0.009414727949534463,0.053762321732697904,0.08959838679211618,0.283248819229202,0.23672873341373624,1.0,3.0,1.0,1.0,0.0,63.0,126.0,0.618939393939394,0.04216770568105255,-0.03648493141147846,0.1177730461819031,0.1177730461819031,0.7410207939508506,0.2189065999625741,0.3159992810095696,0,0,0,0,0,0
recent_month_non_top10_control,2025-09-30,ABT,130.91409301757812,-0.039341591725228886,0.19738714168850735,0.9549301026005472,0.9644292622504718,0.20125322799878376,-0.020618460200945044,0.018955626972985584,-0.011759698307029387,0.010040372881892523,0.030079406364385664,-0.040878359651550955,-0.009757445979681645,-0.2642931922562164,-0.029754580260150876,0.08304283173630543,-0.03605442757745414,0.03605442757745414,0.007065520759753641,0.8889121388657709,0.3110770996747656,0.2969188393195057,0.028995999854878107,0.010911329706027704,0.021644320204705636,0.01588220740620727,-0.0046249930542571205,0.007195928665956197,0.018382518497939964,0.007195928665956197,0.028995999854878107,0.018191329268119505,0.004236209431559779,-0.010798953287165292,-0.06803593071476799,-0.10039734007928147,-0.010798953287165292,-0.045693294441221735,0.2282632537529231,0.742485633384032,1.0353643034164466,0.7013790146026586,0.7177951613813986,0.009321019900412019,-0.025628346724965168,0.025628346724965168,0.1114430919507039,823006318.1446378,0.9520819277856404,0.031746031746031744,0.0,0.015873015873015872,0.02019838731347406,0.9584899742734474,0.01532367393418721,0.023875122749762223,0.019828654456410577,1.0327553355140353,0.05127199396324866,0.040391902234379835,0.061415433613766224,0.014762911175527638,0.2098964240621457,0.2363356247174668,0.7171250070472903,0.009005863625717363,0.02094112213658561,-0.019616276663467547,0.019616276663467547,0.1114430919507039,0.09523809523809523,0.8253968253968254,783569441.9589088,20.479370247560816,0.015873015873015872,0.0,0.015873015873015872,0.018450198580077508,0.008156781443530159,0.013430442666812148,0.05693064398061532,0.009648730023024132,0.6666666666666666,0.0038271661274413837,-0.06803593071476799,0.05127199396324866,-0.04411359170967377,0.009648730023024132,0.0044245690943840454,0.16948218654103914,0.008298877848363764,-0.019616276663467547,0.019616276663467547,0.035405205105204285,709414317.2493345,-0.004230102330043284,0.01912371191466862,0.002845248999438388,0.053762321732697904,0.08959838679211618,0.283248819229202,0.23672873341373624,1.0,3.0,1.0,1.0,0.0,63.0,126.0,0.3480113636363637,-0.07294536123304785,-0.03334945299225389,-0.060421563464717276,-0.03334945299225389,0.21739130434782608,0.2189065999625741,0.3159992810095696,0,0,0,0,0,0
recent_month_non_top10_control,2025-09-30,ACGL,90.7300033569336,-0.38389515523714146,-0.14716642182340522,0.9235837776175704,0.9329391494242518,-0.01754190735196892,-0.023463569252498373,-0.05666455532282744,0.011315254848551115,0.057215978476660045,-0.05333746347619761,0.049822914502022364,-0.05718444564928982,-0.3399133745520294,0.05315000634865219,-0.20491087126058874,-0.16929288388121289,0.16929288388121289,-0.0033795616846963306,0.9572537994219767,-0.09691606890413107,-0.10009000160775816,0.0005514231538326086,0.030300108951710945,0.04808117110364307,-0.00010576015226093638,0.029554492552437917,-0.04534930047427632,-0.03382081088109038,-0.05666455532282744,0.0005514231538326086,-0.04198230035073236,0.0031837627717086203,-0.0035145489741752467,-0.05480511066350491,-0.09311293576629143,-0.0035145489741752467,-0.015482157480020287,0.2765326943086691,0.8139858412929054,0.8209026047939747,0.10351887396033277,0.09387383889605361,0.01250879515366337,-0.0629001896001471,0.0629001896001471,0.06753742366677917,179837542.33520144,1.1604121238470904,0.07142857142857142,0.007936507936507936,0.007936507936507936,0.021910169006079748,0.7538955788185414,0.019195903870287356,0.012544829994564077,0.009627832544139237,0.9193510964068201,0.06356032275017065,0.052970895570336796,0.05426453556613553,-0.006671766952190072,-0.14980036476561343,0.2270064090686824,0.99157419715728,0.011424433959314986,-0.02937335188745882,-0.03004059793768188,0.03004059793768188,0.05980612907463234,0.42857142857142855,0.6825396825396826,208685664.44863212,19.156339684727474,0.031746031746031744,0.0,0.0,0.019179103985477824,8.086931704220923e-05,-0.011919840329028153,-0.03882940266332562,-0.008740253829701006,0.3333333333333333,-0.008511769439902395,-0.05718444564928982,0.06356032275017065,-0.06250257556239891,-0.008740253829701006,0.007266158557037272,0.22509369782183586,0.011229694852923012,-0.023358429852563756,0.023358429852563756,0.03869496212771972,194391442.69500005,0.016924488807694482,0.018508617818306032,0.004161437223426656,0.053762321732697904,0.08959838679211618,0.283248819229202,0.23672873341373624,1.0,3.0,1.0,1.0,0.0,63.0,126.0,0.3091856060606061,-0.04871603256699386,0.03515920526820904,0.05720263000095116,0.05720263000095116,0.5727788279773157,0.2189065999625741,0.3159992810095696,0,0,0,0,0,0
recent_month_non_top10_control,2025-09-30,ACN,241.62103271484372,-0.526253304749393,-0.2895245713356568,0.9605498385841282,0.9550170357547617,-0.28900548262560055,-0.2853305810860749,-0.20182586975450334,-0.015921325302588607,0.03028429614517325,-0.037392243128314684,-0.13342876413280536,-0.03655499803063422,-0.4850746889837053,0.0310048624933833,-0.6795984169327779,-0.3746081742412538,0.3746081742412538,-0.03423562167925853,1.407714417424888,1.8584544758990051,1.3701704031158801,-0.1715415736093301,0.02347192168589694,0.059067377139202515,-0.11477711033113913,-0.11160007077194078,-0.21774719505709195,-0.19703821280697512,-0.21774719505709195,-0.1715415736093301,-0.05659355604387528,-0.07231439458656252,-0.17082100726112004,-0.1018908989836862,-0.2604193940532362,-0.17082100726112004,-0.6397702691846406,0.2969781340359815,0.9164394085921224,0.8990684342895251,2.1956661201796277,2.031316373563534,0.013336048785119231,-0.23321267374999377,0.23321267374999377,0.06037153941840678,1096619295.1272147,1.0849419332321073,0.09523809523809523,0.007936507936507936,0.015873015873015872,0.02255607874649671,2.026266925293309,-0.0009738220475188353,-0.044348836238616185,-0.023316044557619597,1.0890600160900292,-0.02669416633364896,0.05315612024451008,-0.07675026140970131,-0.027432080712470608,0.6237301026783288,0.2670036659859546,1.0193210812882385,0.012931301100470936,-0.061692730917285665,-0.18684518314844523,0.18684518314844523,0.06037153941840678,0.9682539682539683,0.047619047619047616,1189768258.0749512,20.89702438483235,0.07936507936507936,0.0,0.0,0.02340393323865406,-0.005017947109682841,-0.06267463021012609,-0.18896414635670505,-0.05142894796746034,0.16666666666666666,-0.035682531703350416,-0.1018908989836862,0.059067377139202515,-0.10519126970015824,-0.05142894796746034,0.012674868367703818,0.2721624655207269,0.012996433347168337,-0.037358093556516536,0.037358093556516536,0.06037153941840678,1446210709.0956187,0.02741866775618651,0.027896551949004325,0.023907784131882215,0.053762321732697904,0.08959838679211618,0.283248819229202,0.23672873341373624,1.0,3.0,1.0,1.0,0.0,63.0,126.0,0.574810606060606,0.0141930382025095,0.013787477716908247,0.08799664740033353,0.08799664740033353,0.6483931947069943,0.2189065999625741,0.3159992810095696,0,0,0,0,0,0
recent_month_non_top10_control,2025-09-30,ADBE,352.75,-0.5554548718493559,-0.3187261384356197,0.8633253241721638,0.8679266776777294,-0.20673291848056674,-0.1956630746905481,-0.08025447520992823,-0.0699298146739088,0.02097128587976782,0.008734665121836738,-0.09695324569477337,-0.02229287883654929,-0.3635032944391302,-0.0079641053630084,-0.27898336514373623,-0.3620696144694464,0.3620696144694464,-0.003804891660920129,1.1377795154951094,0.15395544074911194,0.052155129721807914,-0.05928318933016041,0.04759724063018746,0.10696566263908114,-0.05756758788580374,0.003195620889940076,-0.15018428988383703,-0.09657398480797523,-0.15018428988383703,-0.05928318933016041,-0.06796114506241846,-0.02436963877748699,-0.08821858057293663,-0.07544975721929081,-0.1778169673650528,-0.08821858057293663,-0.35475473577046596,0.28766760042692857,0.8685659689463207,0.8644520594604833,1.0311067328458305,1.0086147336477258,0.012943178103685374,-0.16147664224225433,0.16147664224225433,0.05724563600454147,1489537005.5691674,1.0144121533518484,0.0873015873015873,0.007936507936507936,0.007936507936507936,0.02347130699551171,1.30243689108093,0.067289720850641,-1.4994771356802161e-05,-0.006347538758616711,1.1698511671303609,-0.0027677324711841145,0.06557793893038749,-0.013810848521592312,0.014882616448589792,0.28522108829946213,0.24867484962911382,1.0047589793335732,0.012513884090197798,0.008092713160716247,-0.07715045779561913,0.07715045779561913,0.05724563600454147,0.9365079365079365,0.5555555555555556,1511004441.3166833,21.13604046021726,0.047619047619047616,0.0,0.0,0.023304759573418557,-0.00786581823923349,-0.0028905478301274323,-0.04432018387048491,-0.011073765270124603,0.16666666666666666,-0.012096602703414358,-0.07544975721929081,0.10696566263908114,-0.0648360870028225,-0.011073765270124603,-0.007129523976097674,0.2498582880992782,0.012636837168399574,-0.04003154573870504,0.04003154573870504,0.024512800967883663,2017977680.08263,-0.020481714642398008,0.028846826463548497,-0.009112513811794343,0.053762321732697904,0.08959838679211618,0.283248819229202,0.23672873341373624,2.0,8.0,2.0,1.0,1.0,63.0,126.0,0.5693181818181818,-0.0352657758792525,-0.09247340926204817,-0.007824265813253017,-0.007824265813253017,0.2892249527410208,0.2189065999625741,0.3159992810095696,0,0,0,0,0,0
recent_month_non_top10_control,2025-09-30,ADI,243.4043426513672,-0.15089342508627812,0.08583530832745812,0.9883862459904347,1.0007863662201963,0.17138719498986132,0.08177404262631693,0.22871424091761883,-0.0706862069315124,0.04254996659373367,0.1856184388934894,-0.1492696435218943,-0.03347059277082154,-0.05453457831158315,-0.19236544554602375,0.518664737245694,-0.035043911279736495,0.035043911279736495,0.05848914295070884,0.9189461494152522,-0.2304293123024519,-0.202456344851356,0.2712642075113525,0.05719771338980268,0.09778362025958054,0.05144511397039997,-0.035043911279736495,0.15802803398610643,0.21933549413835926,0.15802803398610643,0.2712642075113525,0.1174114730078708,0.01370579974415942,0.03634879537159508,-0.056255752486461086,-0.0532495914205211,0.03634879537159508,0.16209284215797912,0.44096740050649674,0.291663294760256,0.5085336558928059,-0.3031953320366768,-0.31605580490440344,0.015103173295531668,-0.035043911279736495,0.035043911279736495,0.5054361053886163,841674258.0082,0.9409231603121241,0.11904761904761904,0.031746031746031744,0.023809523809523808,0.026671313642450414,0.5008237890301257,-0.018144450507106114,0.056932545100593535,0.02705136263342034,0.9028231482190305,0.1187730933722253,0.08195517172055566,0.09812462232436303,0.04283970748609556,-0.3427393287089616,0.22424676430911594,0.5735378403779352,0.009583487345605227,0.0006397339557708825,-0.035043911279736495,0.035043911279736495,0.11778025445460227,0.38095238095238093,0.6190476190476191,791950802.7984377,20.49000983143328,0.047619047619047616,0.015873015873015872,0.0,0.020283571730601198,-0.006427477658989211,-0.025259108791807483,-0.1435018910395569,-0.018456352919271057,0.5,0.03763091474385383,-0.056255752486461086,0.1187730933722253,-0.07221867465196896,-0.018456352919271057,-0.003966669493759567,0.1286140049135902,0.006741263925232512,-0.013451095199830343,0.013451095199830343,0.0065546983004465265,663848618.8668387,-0.004864270897210199,0.019649398619826664,-0.004610289949415924,0.053762321732697904,0.08959838679211618,0.283248819229202,0.23672873341373624,1.0,3.0,1.0,1.0,0.0,63.0,126.0,0.7548295454545455,-0.04708995196576271,0.07993488111364866,0.10768356594421924,0.10768356594421924,0.7107750472589792,0.2189065999625741,0.3159992810095696,0,0,0,0,0,0
recent_month_non_top10_control,2025-09-30,ADM,58.41248321533203,-0.196675091374233,0.040053642039503234,1.121169373830504,1.1303933605873762,0.2183756648261117,0.28964821218963865,0.26788995869716814,-0.019651190006171992,0.006903672264023442,0.1106467442866017,0.03093131842276864,-0.0054155214588090805,-0.015358860532033836,-0.1263118959877978,0.9175563162736797,-0.06961522278374488,0.06961522278374488,0.06141794098336817,0.8085108106575505,-0.229875202438792,-0.12084242555563018,0.2747936309611916,0.013777945357084086,0.021273864372953977,0.08474771176903273,-0.0441351094516137,0.24823876869099615,0.263640786116452,0.24823876869099615,0.2747936309611916,0.09343268714228992,0.05883045726375191,0.14157806270937034,0.026525198543490003,0.051979675917254164,0.14157806270937034,0.5763249734113534,0.2919602360595211,0.7475281795245279,0.8414044804912248,0.17133956386292826,0.11711097559661066,0.012967474948630554,-0.06961522278374488,0.06961522278374488,0.45660200820587526,188231862.28346142,1.066044089377474,0.07142857142857142,0.015873015873015872,0.007936507936507936,0.02452279659944775,0.8252769128681537,-0.045164226397439555,0.06285608909762508,0.005101073962377134,1.1387626648443805,0.16606428479505175,0.07582693756552131,0.11207992198255412,0.026869344088058966,-0.02802464806372429,0.2456566507457567,0.888429045550256,0.01185760980226427,-0.017936687911428773,-0.06961522278374488,0.06961522278374488,0.12537331202991497,0.3968253968253968,0.8253968253968254,200663464.21979874,19.11713976042356,0.031746031746031744,0.015873015873015872,0.0,0.02274416256596637,-0.029674954256684982,-0.037582469610710545,-0.2121261506315989,-0.04629621498268077,0.6666666666666666,0.042597383068715966,-0.04629621498268077,0.16606428479505175,-0.10005853671537868,-0.04629621498268077,-0.025210055145961197,0.21824850375512522,0.010997650471364473,-0.05084201337395389,0.05084201337395389,0.0,227365049.9825069,-0.01635024701987664,0.024965331958071747,-0.014841696696471618,0.053762321732697904,0.08959838679211618,0.283248819229202,0.23672873341373624,1.0,3.0,1.0,1.0,0.0,63.0,126.0,0.3658143939393939,0.013223917585666323,0.025307262402006314,-0.029553602087499575,0.025307262402006314,0.4555765595463138,0.2189065999625741,0.3159992810095696,0,0,0,0,0,0
recent_month_top_future_return,2025-09-30,ALB,80.43094635009766,-0.362078425696143,-0.12534969228240678,1.0270835760732409,1.058486462547971,-0.04143422911353545,0.07118478290468655,0.1392916476690076,0.3322253475245953,0.2621052501607386,-0.124147698996675,0.4249282602441615,-0.18703141884118935,-0.14395717156019439,0.16148891357847894,0.20280578478068642,-0.2557221297289528,0.2557221297289528,0.07826102994956852,1.3045980858041633,0.7498781557656691,1.2762074895715836,0.4013968978297462,0.17511409221513186,-0.0476515715366449,0.1505801938644591,0.047253674618565444,0.4715169951936029,0.33740184689745223,0.1392916476690076,0.4715169951936029,0.1312569076081327,0.07468602803341007,0.30078056124748653,0.08265514458354462,0.21118217445537035,0.30078056124748653,0.45101443981834416,0.6868228528078584,0.9289448345483737,0.9709896074674143,2.097130369773995,1.9731255445958764,0.030175618481892378,-0.07968220005141857,0.07968220005141857,0.6164653300241183,277603422.3285554,1.2349305492360005,0.3888888888888889,0.09523809523809523,0.07936507936507936,0.04994149103145903,0.9038819797593273,-0.048204030349559335,0.0420544334796471,0.03188142533994487,1.1969877967434552,0.25158437533762856,0.15501201444862,0.2014726644538749,0.02375681485461545,0.03611738148984189,0.666897852247552,0.9566990495102168,0.030965984404443467,0.009729200406920047,-0.07968220005141857,0.07968220005141857,0.24457885289849557,0.031746031746031744,0.9523809523809523,342820946.80599636,19.65271885077303,0.42857142857142855,0.14285714285714285,0.07936507936507936,0.04791582524307591,0.005453733309255027,0.010520535486139071,-0.06275443680850927,-0.04003861974566081,0.5,0.03179580290096847,-0.18703141884118935,0.25158437533762856,-0.09380094147835871,-0.04003861974566081,0.010471716332349112,0.638020541365638,0.02754490143999233,-0.07968220005141857,0.07968220005141857,0.12317330101612756,312919779.0915716,-0.018283088729594943,0.05497532635557247,-0.04040524577925575,0.053762321732697904,0.08959838679211618,0.283248819229202,0.23672873341373624,1.0,3.0,1.0,1.0,0.0,63.0,126.0,0.7932765151515151,0.21151946288480294,0.60323138003338,0.7497151697764566,0.7497151697764566,0.996219281663516,0.2189065999625741,0.3159992810095696,1,1,1,1,1,0
recent_month_top_future_return,2025-09-30,AMD,161.7899932861328,-0.2506853918691633,-0.01395665845542704,0.9965265364117567,1.0010046186499382,0.33943200645621485,0.6201681583943586,0.5747517680568965,-0.11363022573553083,0.0871896374084773,0.381156286226908,-0.24098715130673232,-0.05246252191668743,0.29150294882769456,-0.43458263313672085,0.9808679293405288,-0.12270906142229421,0.12270906142229421,0.10392943223505724,1.2217062347054715,-0.3095747280237361,-0.21279841492379614,0.6619414054653738,0.10069961809370447,0.13744227110973561,0.10450803243786155,-0.10942762275645201,0.4611215423213657,0.5659382386145454,0.4611215423213657,0.6619414054653738,0.28149543569574,0.0402663736635116,0.1401691349201757,0.24249475082579197,0.050570748128059506,0.1401691349201757,0.348181511566708,0.5859624429186118,0.5310278695075689,0.6870319050563582,-0.20917295718184925,-0.2132577131739174,0.023965549902489957,-0.12270906142229421,0.12270906142229421,1.0686612348810733,6970581477.623919,1.248930864259821,0.2222222222222222,0.06349206349206349,0.06349206349206349,0.03798859656267648,0.7185499818158407,-0.004554883445504365,-0.051674850936484384,-0.0227322808220195,0.9078378766655193,-0.07759056698548772,0.15464981289063984,-0.08235496837118073,-0.07010206111449702,-0.35943142710328935,0.4025748934498514,0.772930435398059,0.01886693290030884,-0.04063130183442454,-0.12270906142229421,0.12270906142229421,0.20022247495062673,0.5238095238095238,0.9523809523809523,8705774349.24234,22.88725236086195,0.14285714285714285,0.047619047619047616,0.047619047619047616,0.033479688363628524,0.004601035854444602,-0.028443110573534547,-0.016599595731791955,-0.00516516984233617,0.5,0.08770236648112605,-0.07759056698548772,0.28149543569574,-0.058927491575034074,-0.00516516984233617,0.01831245796775338,0.31116238767452087,0.01234025883743677,-0.003265241585575396,0.003265241585575396,0.0704644299291548,6908137703.051903,0.011238021096654949,0.03227287980758886,0.005206467287383276,0.053762321732697904,0.08959838679211618,0.283248819229202,0.23672873341373624,2.0,8.0,2.0,1.0,1.0,63.0,126.0,0.9290719696969697,0.5830397783886911,0.34452072319816085,0.32369128221272514,0.5830397783886911,0.9867674858223062,0.2189065999625741,0.3159992810095696,1,1,1,1,1,0
recent_month_top_future_return,2025-09-30,ASTS,49.08000183105469,0.6401356087285814,0.8768643421423177,1.0670465044693989,1.0998256963111657,1.3260663954374774,0.8104020924409054,1.1583114478915117,-0.030873108910265845,-0.04370551221575791,1.0549692177916206,-1.0046802746750185,0.02066839569415624,0.8750626286623098,-1.1080225047749097,1.412584079138354,-0.1828171710152373,0.1828171710152373,0.11557377940145064,0.7110994547385293,-0.44441266418780667,-0.4164727642608428,1.1146059356757538,0.022464754714966673,-0.006031856750140729,0.14637814002032434,-0.06087050567126662,1.127438338981246,1.1334519075161704,1.1146059356757538,1.1583114478915117,1.0255743459207873,-0.038093673939180284,0.050288943116602036,0.13781294007692568,-0.039309443675514144,0.050288943116602036,0.06937468108087645,0.8199946927039252,1.1005183260726097,0.8840166958807044,0.46125802904924473,0.46543826632312046,0.038178927319775194,-0.1828171710152373,0.1828171710152373,1.445441085069461,458743654.6874531,1.0906789337684453,0.4523809523809524,0.1746031746031746,0.1111111111111111,0.07441124724244652,0.9498966585930104,0.0023310556301113783,-0.10539771345515614,0.022020967442942352,1.070803729039645,-0.07955613481113355,0.41843566585935976,-0.07692301069664964,-0.08634867439023908,0.17232450054420445,0.7248889988838375,1.2449067208806672,0.03280788528585897,0.011450852047460103,-0.1828171710152373,0.1828171710152373,0.32972099793969134,0.746031746031746,0.23809523809523808,500342040.1675512,20.0308025048439,0.38095238095238093,0.14285714285714285,0.12698412698412698,0.06818084012973787,0.08031172055646096,0.017519683446647116,0.003170047009554937,0.0028607112438556737,0.6666666666666666,0.18355473356240845,-0.07955613481113355,1.0255743459207873,-0.05090161048884223,0.0028607112438556737,0.10850126040480412,0.9024191866029478,0.040481365894759355,-0.10437951616133412,0.10437951616133412,0.32972099793969134,528424167.2104972,0.01766613468297118,0.07110110883816337,-0.02192105355582541,0.053762321732697904,0.08959838679211618,0.283248819229202,0.23672873341373624,1.0,4.0,1.0,0.0,1.0,63.0,126.0,0.8680871212121212,0.6350855135710882,0.14506924747870897,0.479828739685628,0.6350855135710882,0.9905482041587902,0.2189065999625741,0.3159992810095696,1,1,1,1,1,0
recent_month_top_future_return,2025-09-30,BE,84.56999969482422,6.771793646729682,7.008522380143418,0.9665149454316384,0.9936232189454113,2.8077444025627347,2.52081590687438,3.301627688260454,0.2771488595912288,0.31463874752540466,0.21668363489039333,2.3188514581315256,-0.06815870615402253,3.0183788690312516,-0.7660925952385349,3.8241680564649028,-0.019705540911004737,0.019705540911004737,0.4056649869710649,1.874189028052188,1.1998808407734836,6.777755913021215,3.6162664357858585,0.17185969253744512,0.008187752239572799,1.27947181723257,-0.019705540911004737,3.5787765478516826,3.4988902239659985,3.301627688260454,3.6162664357858585,0.2950731437763998,0.5509740869679121,2.535535093021919,0.5631270597989677,2.4459367062298027,2.535535093021919,2.644876413311424,0.8633584192721148,1.2267435234598438,1.1103837913787424,1.462186439680703,2.9332661853780984,0.04044603575588234,-0.019705540911004737,0.019705540911004737,4.1819853723186675,365009023.8727736,1.6864815121374415,0.48412698412698413,0.16666666666666666,0.1111111111111111,0.06509113119591636,1.9329927067240822,0.01423607653875747,0.5485830239976837,0.6114710401411234,2.562165829861759,0.415886587079368,0.2799465682901652,1.261834743924541,0.5665837974799841,0.39921571978422077,0.9586591949101287,1.1047923546656058,0.04544924514495273,0.5979479261120102,-0.019705540911004737,0.019705540911004737,2.7486702879800595,0.09523809523809523,0.9841269841269841,615580970.5247667,20.238077048997663,0.47619047619047616,0.20634920634920634,0.09523809523809523,0.0696523726983975,0.3520527861178031,0.42066081096519303,0.5641185469126431,0.5974688683153357,0.8333333333333334,0.30193078417593694,-0.06815870615402253,0.5974688683153357,0.5437065465826378,0.5974688683153357,0.22010863875482634,1.0591193492665951,0.054530465857618685,-0.019705540911004737,0.019705540911004737,0.6469328570174164,1028783230.5026644,0.09040976207587681,0.08724724448870999,0.15419259135729302,0.053762321732697904,0.08959838679211618,0.283248819229202,0.23672873341373624,1.0,3.0,1.0,0.0,1.0,63.0,126.0,0.8900568181818183,0.5627291490956186,0.2917109880332083,0.0274328923163778,0.5627291490956186,0.9848771266540642,0.2189065999625741,0.3159992810095696,1,1,1,1,1,0
recent_month_top_future_return,2025-09-30,CIEN,145.6699981689453,1.1284279122763277,1.365156645690064,1.0597087031205268,1.1661769343497548,0.7176040839796565,0.830715077637743,1.4105576275575293,-0.5910472277185415,-0.24155836868568903,0.34585473143029,0.4452432015507384,0.11136858055513166,1.1273088083283274,-0.619459694576501,2.4020414358933717,0.0,-0.0,0.17430292351224064,1.0211927776764544,0.1455373306270229,1.0517695450386655,1.1689992588718403,0.29716149746783305,0.19207851687123045,0.5614665917144479,0.030516123223498837,0.8195103998389879,1.1330224287561192,0.8195103998389879,1.4105576275575293,0.01586315652247494,0.2387446729337377,0.7910979329810284,0.14152212280463772,0.7014995461889122,0.7910979329810284,1.3915656482932235,0.5872328455620134,1.3921847482325815,0.9680910643355535,-0.06383932574195283,0.45121338654365895,0.022421662910770378,0.0,-0.0,1.7228037040924358,203764398.39593494,1.2365925649212706,0.1984126984126984,0.07142857142857142,0.023809523809523808,0.03681180293949011,1.0300314866120241,0.040044929955938224,0.2973614161723299,0.3541023707814299,1.3022606020417826,0.012171530885243254,0.19896524754260206,0.569043557894813,0.42709471845597213,-0.005476972900890553,0.5684948704729252,1.4380720982980084,0.021187009556215688,0.5349814407403599,0.0,-0.0,0.8735691082822548,0.0,0.8888888888888888,251973540.0520688,19.344834644138125,0.20634920634920634,0.047619047619047616,0.0,0.031271778816018975,0.23152404300996876,0.5151339697214541,0.6729674741878054,0.5501755483307564,1.0,0.17052990932824574,0.012171530885243254,0.5501755483307564,0.49641322659805853,0.5501755483307564,0.10543230655587577,0.8175366112526541,0.02600236278946878,0.0,-0.0,0.5564697496410704,434502857.1341378,0.041325632539916723,0.029685497212830685,0.029746517186864274,0.053762321732697904,0.08959838679211618,0.283248819229202,0.23672873341373624,1.0,3.0,1.0,1.0,0.0,63.0,126.0,0.7088068181818182,0.3037687962944826,0.4018672978702744,0.6054781221727585,0.6054781221727585,0.9886578449905482,0.2189065999625741,0.3159992810095696,1,1,1,1,1,0
recent_month_top_future_return,2025-09-30,COHR,107.72000122070312,-0.025166515622376817,0.21156221779135942,0.6763640608894229,0.696929297084355,0.13712654284223413,0.43263728850982175,0.6587618905295884,-0.23445929721123537,0.015989380176205215,0.3737295308075268,-0.16624155495065662,-0.009547316342364498,0.37551307130038647,-0.45127391467271827,0.9119388538556366,-0.07584073887310139,0.07584073887310139,0.10499897027744454,1.1091559282683765,-0.27231292729372836,-0.12132660952069296,0.6747512707057937,0.14020898825938605,0.175839515115916,0.162584900590802,-0.06838637539491565,0.42430259331835307,0.5859385848512451,0.42430259331835307,0.6747512707057937,0.17955840703724157,0.054740685086796415,0.20748797585687018,0.20614280437594235,0.117889589064754,0.20748797585687018,0.3559529303975203,0.7223750668637187,0.6477662758872997,0.8069332547278791,-0.3767213027086286,-0.25788016881665976,0.02855953365674547,-0.07584073887310139,0.07584073887310139,1.1296954788674225,322414922.8716865,1.2129486924220592,0.30952380952380953,0.0873015873015873,0.03968253968253968,0.048175243940364564,0.7387609142337983,0.1479924533399939,-0.007631247948889253,0.062413340864781786,1.0697405121067802,-0.1592007202261988,0.14880103409048745,0.0011152671773586587,0.05214058286123757,-0.26259068668803776,0.5829084638386098,0.8027507505633101,0.024206436805137944,0.20057570995846352,-0.07584073887310139,0.07584073887310139,0.24459846819745845,0.5396825396825397,0.4444444444444444,391072759.1145712,19.784404187887098,0.2698412698412698,0.047619047619047616,0.015873015873015872,0.039458550513886526,0.08518698632898491,0.16862975551406634,0.4074773016934505,0.1906709380706022,0.6666666666666666,0.09724393800518981,-0.1592007202261988,0.20614280437594235,0.1369086163379043,0.1906709380706022,0.03534614508199785,0.46793020685615017,0.021729058648376345,-0.06003488084663111,0.06003488084663111,0.22687924232989531,388705715.99088395,-0.0028049500018387796,0.043074631796018364,0.005282135017229406,0.053762321732697904,0.08959838679211618,0.283248819229202,0.23672873341373624,1.0,3.0,1.0,1.0,0.0,63.0,126.0,0.806344696969697,0.2250278984262144,0.5248792484720672,0.7134237396271541,0.7134237396271541,0.994328922495274,0.2189065999625741,0.3159992810095696,1,1,1,1,1,0
recent_month_top_future_return,2025-09-30,LITE,162.7100067138672,1.330484961313104,1.5672136947268402,0.9770903231073458,0.9659751903210051,0.938177637030565,1.3135220030951498,1.6100418080783832,-0.3589348703113595,0.1458864471848198,0.5248636080513001,0.18679230287563664,-0.05293550255026036,1.3267929888491812,-0.8983858971514465,2.534296652988915,-0.05125360516695521,0.05125360516695521,0.24211428258563683,1.1136604598767479,-0.426404965609797,-0.01820266890766964,1.755928255263203,0.25979532302571706,0.22425470288716487,0.49318455659082816,-0.05125360516695521,1.2511069377670236,1.5390256670362035,1.2511069377670236,1.755928255263203,0.31516324244628735,0.25297359918921103,0.7116559109269367,0.15800551923223827,0.6220575241348205,0.7116559109269367,1.5530582513760236,0.6353012407523492,0.8898865273844023,0.721277877501761,-0.39857876591852526,-0.2631785646100482,0.0269328277774368,-0.05125360516695521,0.05125360516695521,2.2830912470788434,298911717.2299582,1.3957762172279518,0.3492063492063492,0.09523809523809523,0.03968253968253968,0.04907228320069346,0.7012401044586336,-0.03103962190265508,0.2928420311009885,0.22373038507474785,1.5564086510250998,0.206486149613478,0.12466461453402093,0.47810686779953393,0.3434431597991374,-0.2370695425808852,0.4582287305040897,1.2337637894380444,0.022762732682753552,0.3233618150685398,-0.05125360516695521,0.05125360516695521,0.7990933472086408,0.12698412698412698,0.9206349206349206,417213865.96034217,19.84910951869849,0.2857142857142857,0.07936507936507936,0.015873015873015872,0.04222129179447652,0.10071701053675208,0.2423704718006714,0.3982228877261659,0.2251337226482668,0.8333333333333334,0.17935130571286248,-0.05293550255026036,0.31516324244628735,0.1713714009155689,0.2251337226482668,0.020368524508254104,0.5653460149761101,0.02657426111759171,-0.05125360516695521,0.05125360516695521,0.2274905941252825,629260879.0459043,-0.0018832062078035783,0.04746830673534098,0.019614017087969504,0.053762321732697904,0.08959838679211618,0.283248819229202,0.23672873341373624,1.0,3.0,1.0,1.0,0.0,63.0,126.0,0.8115530303030303,0.23876829476779493,0.9984020050710081,1.2653185491293883,1.2653185491293883,1.0,0.2189065999625741,0.3159992810095696,1,1,1,1,1,1
recent_month_top_future_return,2025-09-30,MU,167.05189514160156,0.38416122189669344,0.6208899553104297,0.942680102380362,1.0119306782086932,0.9925803638453721,0.7910452913277415,0.9274659299467609,-0.15446669766412047,0.24898007724304283,0.41846017523212997,-0.05961629395690671,-0.11439754371142075,0.6442171107175589,-0.5686220486715376,1.5449761489065632,-0.009295933022515745,0.009295933022515745,0.15237761066630218,1.059062999384264,-0.11873840445269013,0.19749692691230258,1.1764460071898037,0.2035601220500558,0.22755045098792714,0.39121669126226344,0.02713591609282151,0.7729992322826404,0.9589703898064017,0.7729992322826404,1.1764460071898037,0.30478508731904363,0.10233140391056472,0.35884388127522326,-0.11364930304085319,0.2692454944831071,0.35884388127522326,0.7966627138320744,0.600310840140259,0.7936182389264601,0.750334418343195,0.19783593656849896,0.6840762989969096,0.02587142613345701,-0.009295933022515745,0.009295933022515745,1.5877241437668514,2603586659.8176446,1.1352556725593093,0.31746031746031744,0.07936507936507936,0.023809523809523808,0.03754259815445464,0.9103437339535446,0.05940841713675471,0.21433322882225303,0.2843542187690611,1.53204560438145,0.09043440841423434,0.21762079495810466,0.5330770156068985,0.28265639011002586,-0.08795929236747024,0.450433885061756,1.057686039084865,0.022807275779259926,0.3718222710108605,-0.009295933022515745,0.009295933022515745,0.5953473135714453,0.12698412698412698,0.6507936507936508,2955736524.5577254,21.8070137039752,0.3333333333333333,0.06349206349206349,0.0,0.031140400230567016,0.19005689130585135,0.3639635984766729,0.8520514938280702,0.40593235482763035,0.6666666666666666,0.13344257579942692,-0.11439754371142075,0.40593235482763035,0.35217003309493244,0.40593235482763035,0.10258127097797942,0.4764176317605761,0.02623956695042246,-0.009295933022515745,0.009295933022515745,0.41222156678636934,4195138956.87165,0.02671102616221721,0.04182747545427752,0.03664063271562701,0.053762321732697904,0.08959838679211618,0.283248819229202,0.23672873341373624,2.0,7.0,2.0,1.0,1.0,63.0,126.0,0.9389204545454546,0.33821487255150817,0.41422470200484796,0.707530923930433,0.707530923930433,0.9924385633270322,0.2189065999625741,0.3159992810095696,1,1,1,1,1,0
recent_month_top_future_return,2025-09-30,QBTS,24.709999084472656,23.90060552489316,24.137334258306893,1.2691940943596127,1.3612701751673653,1.94166669126541,3.5091239048299165,2.2513157098081953,-1.738149806567653,0.32466108181603204,0.9263158588198093,-0.23847443088276776,-0.09078948235247619,1.9680668905789933,-1.5634742818711538,1.8341153192260315,-0.10858586953253369,0.10858586953253369,0.20514605655185347,0.891739749783626,0.20509218841618337,1.0340045200921453,2.5759767916242273,1.1091857621209815,1.3632417198709295,0.44183354349264925,0.12250658638307177,0.5131659032405422,1.780152801557655,0.5131659032405422,2.5759767916242273,-0.10349048305443953,0.12416111573871813,0.6878414279370415,0.17418033681248568,0.5982430411449253,0.6878414279370415,0.7918083400458942,1.2274668262180024,0.754297975589973,0.7077151521214435,1.3113456991907713,2.6564244897150027,0.04870360389961772,-0.10858586953253369,0.10858586953253369,2.9726687971015657,886761820.9553661,0.9986814310470133,0.5476190476190477,0.18253968253968253,0.11904761904761904,0.0875756399317886,1.1986842116632348,0.12195597910741396,0.12379615745627404,0.32419450131558225,1.6105480032473516,-0.0913322047540358,0.5821132468004926,0.43746354373381635,0.2753334532548999,0.33278379990834694,0.868696871640899,1.0658214301741216,0.04245571788322642,0.6661489662736313,-0.10858586953253369,0.10858586953253369,0.6684671427654274,0.06349206349206349,0.8888888888888888,885592564.3495605,20.601767544280058,0.5396825396825397,0.19047619047619047,0.06349206349206349,0.07708336702724307,0.28599675915513045,0.6939409455327754,0.6285359355419163,0.5819461757690159,0.5,0.3056260103819132,-0.10349048305443953,1.3632417198709295,0.528183854036318,0.5819461757690159,0.1693719696731748,0.9258757421200884,0.044072616247593295,-0.10858586953253369,0.10858586953253369,0.6160888911786497,1226823058.315159,-0.040276570071401174,0.10260449309029658,-0.05571692846718013,0.053762321732697904,0.08959838679211618,0.283248819229202,0.23672873341373624,1.0,4.0,1.0,0.0,1.0,63.0,126.0,0.9346590909090909,0.4997977639173161,-0.08255763188031084,0.058276025390971986,0.4997977639173161,0.9829867674858223,0.2189065999625741,0.3159992810095696,1,1,1,1,0,0
recent_month_top_future_return,2025-09-30,SNDK,112.1999969482422,,,1.1159950752200902,1.2264553249923351,,1.3948772807371386,1.3566476687640963,0.6202693128335572,1.137590724743482,-0.047469063374452,1.5215594872643,-0.32556185257913917,1.0733988495348943,0.11744275512575175,1.6751529689335924,-0.011453771381126021,0.011453771381126021,0.2784646079251989,1.2218656817417803,2.7615501219271072,8.306415135641547,2.4942383935075783,0.5695712013854358,0.17377757428502028,1.1461546036441579,0.045914802745157024,1.9769169815976535,1.9426010146231094,1.3566476687640963,2.4942383935075783,0.20323693623018224,0.3904402324074776,1.474090423889848,-0.053583249987592674,1.3844920370977318,1.474090423889848,1.9820991528618987,0.8098649460220593,1.240070158827273,0.9183033053042793,1.6998107852412487,4.773180004146382,0.03380863453057627,-0.011453771381126021,0.011453771381126021,2.787980883499059,212021498.84338832,1.4171662087787218,0.373015873015873,0.1111111111111111,0.047619047619047616,0.0579936429796552,2.41597556114476,-0.011453771381126021,0.6852237511723176,0.7997641504209696,2.5689282990834004,0.22250707034437145,0.4935692155313988,1.6141659304502092,0.9427862269156047,0.9577178138577636,0.7437016567821287,1.3503927859830325,0.03340720629812116,1.1625095448203826,-0.011453771381126021,0.011453771381126021,1.757434277095157,0.015873015873015872,0.5873015873015873,300469703.69546676,19.520857490535988,0.36507936507936506,0.12698412698412698,0.047619047619047616,0.04851557346272336,0.4958703123467898,1.1021512373683042,1.1335026797029288,1.1383646719636702,0.6666666666666666,0.2264568583760854,-0.32556185257913917,1.1383646719636702,1.0846023502309723,1.1383646719636702,0.26610485265739037,1.0042893522422158,0.05343997649919134,-0.011453771381126021,0.011453771381126021,1.1969844844078454,693311478.6218008,0.09858903152123744,0.07025400988611796,0.08523229406066091,0.053762321732697904,0.08959838679211618,0.283248819229202,0.23672873341373624,1.0,3.0,1.0,1.0,0.0,63.0,126.0,0.7799242424242423,0.7765597794356938,0.990017868559264,1.1156863755737514,1.1156863755737514,0.998109640831758,0.2189065999625741,0.3159992810095696,1,1,1,1,1,1
recent_month_non_top10_control,2025-10-31,A,145.48643493652344,-0.17487258974782827,0.13227849070845377,1.1489235301239467,1.179618257112307,-0.028016326750309406,0.25897556276494815,0.3658249073481248,-0.12048350945336939,-0.052719481412382585,0.06925460426620855,0.20810712221000505,0.04014870426326489,0.03975472805145186,-0.08846318087191118,1.163220939001778,-0.034895242506559954,0.034895242506559954,0.052819116100796704,0.9287470090076847,-0.3643086129514853,-0.1879921523336504,0.3131054259357422,0.060398100503976045,0.054414017036245266,0.16989379799160087,0.06409904733107652,0.2453413978947554,0.3080905770595408,0.2453413978947554,0.3658249073481248,-0.025067549714199555,0.08794444340620067,0.2773617264762136,0.09450409251890712,0.16269241970113768,0.2773617264762136,0.933955363238307,0.31449305551708745,0.6703425581649379,0.9442986125764997,-0.3849207990404897,-0.2986132805264913,0.014352090229142519,-0.011281508755581982,0.011281508755581982,0.3964532842198538,220920720.6179664,0.9577921817617897,0.07936507936507936,0.023809523809523808,0.007936507936507936,0.023685595948416037,0.6204508475990488,-0.010176568721486312,0.10207682189499612,0.1026897167384393,1.074248239370697,0.02345797056230925,0.05738598910525674,0.1670689357921682,0.12385931367435488,-0.21537731037757413,0.2969753559897298,0.7098840867042276,0.013405462262627543,0.14070067405090958,-0.011281508755581982,0.011281508755581982,0.2951857138063909,0.07936507936507936,0.9682539682539683,211596138.99706885,19.170190015802206,0.06349206349206349,0.031746031746031744,0.0,0.022392135342625095,0.05968238647649993,0.11204678575614624,0.6655945177446901,0.1403193578637687,0.8333333333333334,0.05462943208838261,-0.025067549714199555,0.1403193578637687,0.09251555599891548,0.1403193578637687,0.02634945777486153,0.21081807936043223,0.010832974258439236,-0.011281508755581982,0.011281508755581982,0.07129266587026994,220982374.04247466,0.005634161273482707,0.02265452532234012,0.008878312074644956,0.047803801864853224,0.11466930677507592,0.3260701792966729,0.30715108045628203,1.0,3.0,1.0,1.0,0.0,63.0,126.0,0.5361742424242425,0.04878390795459775,-0.07030594574559457,-0.0838396035323562,0.04878390795459775,0.3886792452830189,0.23284764933575272,0.3114398715774736,0,0,0,0,0,0
recent_month_non_top10_control,2025-10-31,AAPL,269.6072692871094,-0.10477700679529667,0.20237407366098537,1.1932329241075763,1.2131426029620662,0.14970256645705993,0.22014946759884912,0.27544380891552667,0.043837042288422,0.07221293328019884,-0.021919046447236745,0.3259458800979975,-0.05358407005224708,-0.05062637038114626,0.028583024735234108,1.1147713913549036,-0.0037950435186790976,0.0037950435186790976,0.052283393930304234,0.8708069466257456,0.06776714284298069,0.3923970063578517,0.3476567421957255,0.036381279982761625,0.021508605211605802,0.1762482093393538,0.02806128980693745,0.31928085120394867,0.31412713410506693,0.27544380891552667,0.3476567421957255,0.011697625508581444,0.07104449932654289,0.3040268336507608,0.11963891948030181,0.18935752687568486,0.3040268336507608,1.15657011011316,0.24708546617863028,0.9680919587174549,1.0638802620138106,1.2853388075100187,1.4266075004887808,0.010854376178637841,-0.0037950435186790976,0.0037950435186790976,0.3861670445568941,12041257647.263323,1.0862702648479137,0.09523809523809523,0.015873015873015872,0.0,0.019187921466759,1.271148347675273,0.004925350230149617,0.07156084903186266,0.08911080121599801,1.166213972663392,0.0968812192629327,0.06308870389164611,0.1646851596191794,0.05582603080167625,0.5830829604788541,0.2628693504979257,0.9099632668106478,0.011976709711454257,0.044389123590786284,-0.0037950435186790976,0.0037950435186790976,0.3339093556748467,0.015873015873015872,0.9841269841269841,13080060133.594696,23.294354780410973,0.14285714285714285,0.015873015873015872,0.0,0.018966544585302364,0.04998063455556245,0.05651868064559373,0.25842321153508674,0.06181520766834603,0.8333333333333334,0.042992917846586785,-0.05358407005224708,0.11963891948030181,0.014011405803492805,0.06181520766834603,0.04588037531984401,0.23920145292348566,0.010491024377343146,-0.0037950435186790976,0.0037950435186790976,0.10233626399897999,12398487699.736895,0.018289099445273127,0.019948880953923363,0.0019047607382762788,0.047803801864853224,0.11466930677507592,0.3260701792966729,0.30715108045628203,2.0,8.0,2.0,1.0,1.0,63.0,126.0,0.7195075757575757,0.03236417355566945,0.00648560284910582,-0.03934782433985162,0.03236417355566945,0.30943396226415093,0.23284764933575272,0.3114398715774736,0,0,0,0,0,0
recent_month_non_top10_control,2025-10-31,ABBV,213.00387573242188,-0.20025015552138625,0.10690092493489578,1.0395869390553918,1.0296168837923954,0.2156375076622732,0.06698994641363787,0.13535957863076953,0.05798524810351835,0.05484331588176716,-0.02279564592719663,0.1846402221397413,-0.046078963624289426,-0.1907106006659034,0.026484997581775138,0.5598676174243782,-0.10135089419610221,0.10135089419610221,0.0487520937357917,0.9399677866484951,0.0461349645821858,0.215446234586115,0.1902028945125367,0.03260866457610091,-0.002632878738284994,0.058987463728225054,-0.06196254173962168,0.19334482673428788,0.17296909995919804,0.13535957863076953,0.19334482673428788,0.02711227574382602,0.06330411040320261,0.16184457621254467,0.1131096701015466,0.04717526943746875,0.16184457621254467,0.7012915159631118,0.24177068724474438,0.813495362848545,0.9545439289816873,0.1782895954197643,0.11758826940070599,0.010593262938681782,-0.10135089419610221,0.10135089419610221,0.24835806394898485,1145419077.9915218,0.9997648985972543,0.06349206349206349,0.007936507936507936,0.007936507936507936,0.020262268982538634,1.2320892011654727,-0.10135089419610221,0.05318211353487756,-0.014296516457467767,0.9326586927124119,0.10047526977590193,0.07087978223674433,0.04378266348773341,0.03891696861073468,0.3377064171056914,0.230780741715201,0.8522345993194743,0.009488769020836018,0.012938609285232383,-0.10135089419610221,0.10135089419610221,0.1187562441765766,0.3492063492063492,0.9682539682539683,1145149788.3595543,20.85880128579773,0.07936507936507936,0.015873015873015872,0.0,0.017130445533172695,-0.04072734349665541,-0.018314139893216397,-0.2619313063180534,-0.05151647460438913,0.5,0.023411483109051834,-0.05151647460438913,0.1131096701015466,-0.09932027646924235,-0.05151647460438913,-0.04395710430477018,0.1966793329463054,0.008302913571810688,-0.06112674432689591,0.06112674432689591,0.0,1241136697.538612,-0.04171721829085007,0.01780062256979201,-0.032610136040466586,0.047803801864853224,0.11466930677507592,0.3260701792966729,0.30715108045628203,1.0,3.0,1.0,1.0,0.0,63.0,126.0,0.606439393939394,0.04430384008736166,0.04792705600561398,0.031023132619674376,0.04792705600561398,0.3867924528301887,0.23284764933575272,0.3114398715774736,0,0,0,0,0,0
recent_month_non_top10_control,2025-10-31,ABNB,126.54000091552734,-0.3683573478465648,-0.06120626739028279,0.920045829308292,0.9343425537391559,-0.035297684821605224,0.0592667159326552,0.03789372388424783,-0.08172019798777375,-0.05696348422899711,0.08604007259439084,-0.13037209120501947,0.05807088203236255,-0.2881764554124251,-0.08222574249487646,0.13886842670966562,-0.21608225529101965,0.21608225529101965,-0.014808150769051953,0.7927525345389204,-0.10187024377660259,-0.14168614884425756,-0.019069760344749276,0.041904502882152854,0.025891444479772208,-0.016907722118264523,0.03801702202698043,-0.043826474103525914,-0.008334170188009119,-0.043826474103525914,0.03789372388424783,0.0005289959661174404,-0.015502149481750105,-0.04433201861062863,-0.014198359873246358,-0.15900132538570455,-0.04433201861062863,-0.17001259510899555,0.27287501401216874,0.7056486539727823,0.955592294860723,-0.0667202787830049,-0.027366014180632003,0.012492115782200667,-0.1098762123255721,0.1098762123255721,0.07064894070258343,617239132.555565,1.0021846890875694,0.06349206349206349,0.007936507936507936,0.007936507936507936,0.022398748285246232,0.7335655691650748,0.11532431810222143,-0.008136837765419291,0.016078683556288276,1.0300345814149823,-0.06979239022100159,0.04602201713690163,-0.030567669509565465,0.00964858175143335,-0.08149320670096294,0.26075726085004025,0.7384411299335877,0.011425332107522813,0.034389044445410466,-0.030567669509565465,0.030567669509565465,0.07064894070258343,0.6984126984126984,0.23809523809523808,618587608.15288,20.242949387547252,0.031746031746031744,0.0,0.015873015873015872,0.02216829107150678,0.02206918576194017,0.04018960850637665,0.21899171438424175,0.04216770568105255,0.6666666666666666,0.007111379677509466,-0.06979239022100159,0.05807088203236255,-0.005636096183800676,0.04216770568105255,0.017043155988933023,0.19255388634049098,0.008928757215828717,-0.019601815023812086,0.019601815023812086,0.07064894070258343,541290928.3498855,-0.007568319910383869,0.024331655595224766,-0.00587643430554774,0.047803801864853224,0.11466930677507592,0.3260701792966729,0.30715108045628203,1.0,3.0,1.0,1.0,0.0,63.0,126.0,0.5865530303030304,-0.07547023062006297,0.07254623232778346,0.022364423748892914,0.07254623232778346,0.4867924528301887,0.23284764933575272,0.3114398715774736,0,0,0,0,0,0
recent_month_non_top10_control,2025-10-31,ABT,121.36451721191406,-0.19607760854209988,0.11107347191418215,0.9397102079508404,0.9507087237740165,-0.020520229541066914,-0.05537245931700552,-0.0460644850618972,-0.03689209590984488,-0.020209857121139763,-0.0305435861701302,0.014533687560608244,0.021644320204705636,-0.3721346643585701,0.030054586452375243,-0.21912654047326105,-0.10636978556681387,0.10636978556681387,-0.004152383653664993,0.8861015219318736,0.04794276024157318,0.031165302901523084,-0.06627434218303696,0.018474135778079284,0.018191329268119505,-0.05432446526501766,-0.009123453118234592,-0.08295658097174208,-0.06509846940555875,-0.08295658097174208,-0.0460644850618972,-0.06803593071476799,-0.0002159653833080366,-0.016009898609521955,0.05127199396324866,-0.13067920538459787,-0.016009898609521955,-0.09859675860097937,0.21021864792100903,0.7860924690902713,0.772422125693074,-0.0654524229600838,-0.13362333355673017,0.008753248590355341,-0.09670423894835467,0.09670423894835467,0.03036847411838428,796229913.1824735,0.934905666779371,0.023809523809523808,0.0,0.007936507936507936,0.018554674289443306,0.9244668984974739,-0.07151444484578373,-0.014512200823739385,-0.05649968490420776,1.058366448137656,0.009648730023024132,0.05138395857871754,-0.06400046130699333,-0.029699150309523303,0.11153945271617083,0.1623775348874697,1.0176980215124356,0.008220133382838326,-0.05398094362936012,-0.09113072150925128,0.09113072150925128,0.0,0.4603174603174603,0.0,744399857.8935411,20.428088893175044,0.0,0.0,0.0,0.018516572653796696,-0.052279156418475914,-0.05661271346569563,-0.44142081182902304,-0.07294536123304785,0.6666666666666666,-0.006704153081452983,-0.07294536123304785,0.05127199396324866,-0.12074916309790107,-0.07294536123304785,-0.040871194711729064,0.16525129599304442,0.00914131597664445,-0.07742233697782908,0.07742233697782908,0.0,802331242.2376723,-0.022534989920505955,0.022032178076307696,-0.013423563110597891,0.047803801864853224,0.11466930677507592,0.3260701792966729,0.30715108045628203,1.0,3.0,1.0,1.0,0.0,63.0,126.0,0.39943181818181817,0.04271151514160931,0.01350923370060264,-0.11136012029553377,0.04271151514160931,0.36981132075471695,0.23284764933575272,0.3114398715774736,0,0,0,0,0,0
recent_month_non_top10_control,2025-10-31,ACGL,86.30999755859375,-0.3862218921638324,-0.07907081170755037,1.0668675809101391,1.0700264238282968,-0.07263352485652153,-0.1026201155673202,-0.04819147256148171,-0.0038678940974031795,-0.04366462248099334,-0.05094842005992284,0.05385337017719172,0.04808117110364307,-0.37426165185815463,0.051096422678750586,-0.2121284866931172,-0.1432400298905051,0.1432400298905051,-0.011222107285425054,0.9157268170426065,-0.19025837115391486,-0.1879061121142409,-0.09185609504247505,0.02417071041292762,-0.04198230035073236,-0.03699069990944881,0.02327159555700431,-0.05205936665888489,-0.06403564475428054,-0.09185609504247505,-0.04819147256148171,-0.05480511066350491,-0.001047826690672382,0.0029049501172688785,0.06356032275017065,-0.11176435665780704,0.0029049501172688785,0.013340908054302051,0.2271805796229505,1.0513093905175745,0.9584778588181129,0.31371753246753253,0.24971842637201336,0.011130562695302848,-0.10345901559964377,0.10345901559964377,0.018767661885987774,186375659.04943678,1.0076719254153115,0.03968253968253968,0.0,0.0,0.019809731764689996,1.0331165081005502,-0.05274368518501882,-0.015200321312048515,-0.03892838615140748,1.153867824000259,-0.008740253829701006,0.05150724204446872,-0.05703049590648346,-0.010647185444958462,0.22399481426796553,0.2177475555220634,1.096853078916117,0.010752026695109542,-0.03284415806521723,-0.0827842831227007,0.0827842831227007,0.018767661885987774,0.2857142857142857,0.047619047619047616,187805519.20489356,19.050917518368706,0.031746031746031744,0.0,0.0,0.01919946422564135,-0.032073596930934034,-0.04740146542995671,-0.20397181727364475,-0.04871603256699386,0.3333333333333333,-0.007100367259519735,-0.05480511066350491,0.06356032275017065,-0.09651983443184708,-0.04871603256699386,-0.02840163699651277,0.23883707670083337,0.010882455599326482,-0.0827842831227007,0.0827842831227007,0.018767661885987774,203321610.55137998,-0.004061779731696524,0.023867464796714657,0.004866550349163168,0.047803801864853224,0.11466930677507592,0.3260701792966729,0.30715108045628203,1.0,3.0,1.0,1.0,0.0,63.0,126.0,0.26410984848484853,0.08817055759021808,0.11134284419168927,0.11273321321007024,0.11273321321007024,0.6188679245283019,0.23284764933575272,0.3114398715774736,0,0,0,0,0,0
recent_month_non_top10_control,2025-10-31,ACN,245.0503692626953,-0.5714898052237875,-0.2643387247675054,0.9311786704532186,0.9419880622102516,-0.34381812235702824,-0.1904973538316741,-0.15978323151437634,0.0007307933739175709,-0.04686141959814061,-0.1026713664109613,0.03902482381152916,0.059067377139202515,-0.48585341081104927,0.0961366889149442,-0.5910957075741449,-0.3657319641667227,0.3657319641667227,-0.05247776662342618,1.3059518210795842,-0.19738845664462568,-0.2484719064295895,-0.20664465111251695,0.027268863322130184,-0.05659355604387528,-0.048196448658200164,0.13150337642785226,-0.15905243814045877,-0.17516010692245068,-0.20664465111251695,-0.15905243814045877,-0.1018908989836862,-0.01594095025184572,-0.06364654259943214,-0.02669416633364896,-0.17831584937450806,-0.06364654259943214,-0.23745618200724977,0.27031702221307996,1.0168588059291603,0.9915575863957199,-0.5708645610278373,-0.5647738253484547,0.01257752004919728,-0.2223296319353273,0.2223296319353273,0.07542143318622618,1095972164.7568598,1.0867808657222888,0.07936507936507936,0.0,0.007936507936507936,0.021324421142154968,0.8375828991858829,0.1488793403602775,-0.00858153322898425,0.01341140805415364,0.9188238339584376,-0.05142894796746034,0.05689542982747571,-0.037965842788167725,0.01742238678210617,-0.2609859154929578,0.26803489410727976,1.0255166415754122,0.012606376715827499,0.034501235856861934,-0.037965842788167725,0.037965842788167725,0.07542143318622618,0.6984126984126984,0.4126984126984127,1191081578.021991,20.89812762121394,0.09523809523809523,0.0,0.0,0.025332089838078154,0.020980255596211528,0.025069205979268094,0.051634660176858145,0.0141930382025095,0.3333333333333333,-0.027224525664493127,-0.1018908989836862,0.059067377139202515,-0.03361076366234372,0.0141930382025095,0.013422498275658112,0.2748742444299188,0.013263504564638286,-0.012828067226642759,0.012828067226642759,0.06871208968822207,986423877.2912161,0.004212005912984873,0.023579139553375865,-0.0005754232560286621,0.047803801864853224,0.11466930677507592,0.3260701792966729,0.30715108045628203,1.0,3.0,1.0,1.0,0.0,63.0,126.0,0.5962121212121212,-0.0003998849038839847,0.0727707708668841,0.05413845071437251,0.0727707708668841,0.48867924528301887,0.23284764933575272,0.3114398715774736,0,0,0,0,0,0
recent_month_non_top10_control,2025-10-31,ADBE,340.3099975585937,-0.5953245930131539,-0.28817351255687185,0.8382174663755453,0.8473015339188477,-0.22205969125099556,-0.11269001475312035,-0.09245829754108814,-0.027914962220229933,-0.08769540271437326,-0.046109147256791494,-0.002480426855388518,0.10696566263908114,-0.41852847683776107,0.04386872342890813,-0.3449700156583121,-0.384566724472132,0.384566724472132,-0.037257945445194784,1.0508665356440952,-0.16611641665374133,-0.20663446482767467,-0.1801537002554614,0.0448022131869003,-0.06796114506241846,-0.05379555266978464,0.0758481656766663,-0.12037325976131807,-0.13099508585262254,-0.1801537002554614,-0.09245829754108814,-0.07544975721929081,-0.009107886857517067,-0.04858957411218001,-0.0027677324711841145,-0.16325888088725593,-0.04858957411218001,-0.17161934085186267,0.26801835911636673,1.2089401159417614,1.0563609023386393,-0.2979648180274964,-0.322722633414289,0.012285919329665908,-0.19104781904645718,0.19104781904645718,0.0336542423306776,1461495747.0873878,1.0372826111581388,0.07936507936507936,0.0,0.015873015873015872,0.02202684248787436,0.8977112347087659,0.0032648796977828853,-0.018877371862445647,-0.029838368889843814,0.986425768832684,-0.011073765270124603,0.06619233727178733,-0.045949016225221406,-0.029497543459572118,-0.040226465137630285,0.28312411567948664,1.14443852784151,0.013474633764374626,-0.019380830590989384,-0.07388557809783625,0.07388557809783625,0.0336542423306776,0.49206349206349204,0.1746031746031746,1515984124.7353206,21.139330652960926,0.07936507936507936,0.0,0.015873015873015872,0.02508965950360532,-0.022673428722679745,-0.018452971460400702,-0.10883889158327495,-0.0352657758792525,0.16666666666666666,-0.014258752210531559,-0.07544975721929081,0.10696566263908114,-0.08306957774410573,-0.0352657758792525,-0.013362560997785988,0.32401814614466107,0.013306285848822557,-0.05445807536351932,0.05445807536351932,0.0336542423306776,1272095313.3430116,-0.027074147508389768,0.026154740803187384,-0.01934735205146887,0.047803801864853224,0.11466930677507592,0.3260701792966729,0.30715108045628203,2.0,8.0,2.0,1.0,1.0,63.0,126.0,0.6104166666666667,-0.059298853458769285,0.02844463208611625,-0.13828567452089335,0.02844463208611625,0.2943396226415094,0.23284764933575272,0.3114398715774736,0,0,0,0,0,0
recent_month_non_top10_control,2025-10-31,ADM,59.1849250793457,-0.16687857726972388,0.14027250318655815,1.1021089171672394,1.1071809084367836,0.21737870563582584,0.28465643101867344,0.2916513968757548,-0.13497719994751112,-0.026906021580355155,0.1463147618820062,-0.01952878666248048,0.021273864372953977,-0.034418782420918115,-0.16486542165622908,1.1671346985825675,-0.057311891166878515,0.057311891166878515,0.05299421544459859,0.8352006993516428,0.012843990668037986,0.14125840377012144,0.26474537529539965,0.07144013589084987,0.09343268714228992,0.039264502061761686,-0.02102578381502984,0.1566741969282437,0.23769032303313273,0.1566741969282437,0.2916513968757548,0.026525198543490003,0.03561311567247505,0.12678597521952573,0.16606428479505175,0.012116668444449807,0.12678597521952573,0.506311295236749,0.24988666452120076,0.9527430887794585,1.0020987473785004,0.24860836219693216,0.26511985627539825,0.012175612821042832,-0.057311891166878515,0.057311891166878515,0.2994734003655619,197653437.43550438,1.1120672727374818,0.047619047619047616,0.007936507936507936,0.0,0.0240786316859558,1.0450909843915823,0.012303331616866364,-0.000818334829090217,-0.019163039839472984,1.1859034535759738,-0.04629621498268077,0.07382178404079184,-0.03368451472847356,0.016486391315589932,0.2074224707676664,0.2504111135032868,0.9507477095164955,0.011882603969493205,0.02308822775576158,-0.057311891166878515,0.057311891166878515,0.07613709185010786,0.7619047619047619,0.9682539682539683,219803919.11608985,19.20824643469782,0.047619047619047616,0.015873015873015872,0.0,0.025406742316987935,-0.01506771478908242,0.020199951285112316,0.05554452366686655,0.013223917585666323,0.8333333333333334,0.0457039562427952,-0.04629621498268077,0.16606428479505175,-0.0345798842791869,0.013223917585666323,-0.024118934640957934,0.23807779260072512,0.01205964750095607,-0.044966960970012404,0.044966960970012404,0.00016522255407114272,210208006.35230654,-0.02009034296436618,0.029100112409285762,-0.007867563166301328,0.047803801864853224,0.11466930677507592,0.3260701792966729,0.30715108045628203,1.0,3.0,1.0,1.0,0.0,63.0,126.0,0.38579545454545455,0.011925641120999586,-0.042219216237115,0.1213813907378376,0.1213813907378376,0.6528301886792452,0.23284764933575272,0.3114398715774736,0,0,0,0,0,0
recent_month_non_top10_control,2025-10-31,ADP,254.5773468017578,-0.3884317845427594,-0.08128070408647736,1.078498484785587,1.0969493815613525,-0.12755168153571161,-0.13933356361500104,-0.1252184334785642,-0.026363884589945985,-0.06699308029960982,0.034751791196470094,-0.18934946963108557,0.08293393808192118,-0.45128861277523713,-0.029379244956051265,-0.7028086633411521,-0.1953753319852174,0.1953753319852174,-0.025005458452020735,0.9980283781855956,0.2597025216706068,0.0649554363021001,-0.19221151377817403,0.03374872531596842,-0.04788820008697636,-0.12184265500372882,-0.1050772641461617,-0.1515823180685102,-0.1563374217750828,-0.19221151377817403,-0.1252184334785642,0.0035667755921489075,-0.030553406892447788,-0.15459767843461547,-0.017609055199503842,-0.2692669852096914,-0.15459767843461547,-0.8222575000730686,0.17816859695962742,1.366473399314607,1.0552709051129383,-0.18967811430743886,-0.2813398261881461,0.007686499918915362,-0.1953753319852174,0.1953753319852174,0.0,490611531.5215701,1.0307891844371604,0.015873015873015872,0.0,0.007936507936507936,0.015367811105835339,1.0814037065745896,-0.10212676256458508,-0.03675985744537569,-0.10011534642285269,0.9953001827117931,-0.029684260629275205,0.06434034570939326,-0.1394441021267061,-0.038304867479680316,0.12492303181351705,0.18801613657628832,1.2949029416937852,0.00812373307234771,-0.05413732970691221,-0.15331187683931835,0.15331187683931835,0.0,0.8095238095238095,0.0,505717060.4525854,20.041487903769767,0.015873015873015872,0.0,0.015873015873015872,0.01548445823213488,-0.0846958408282571,-0.07947614599678976,-0.4646201634457944,-0.11311765546399666,0.3333333333333333,-0.020299742950946997,-0.11311765546399666,0.08293393808192118,-0.16092145732884988,-0.11311765546399666,-0.07330934327115213,0.24346264833853623,0.008182665524740604,-0.11142221074187597,0.11142221074187597,0.0,484202105.119905,-0.05574138051322042,0.018418303531931912,-0.03105251407487264,0.047803801864853224,0.11466930677507592,0.3260701792966729,0.30715108045628203,1.0,3.0,1.0,1.0,0.0,63.0,126.0,0.3134469696969696,-0.019208604948662944,-0.005406143773479477,-0.04565702873912403,-0.005406143773479477,0.1792452830188679,0.23284764933575272,0.3114398715774736,0,0,0,0,0,0
recent_month_top_future_return,2025-10-31,ALB,97.44365692138672,-0.24771899541527675,0.05943208504100528,1.0758487798873388,1.1182795617096435,0.1873918208422063,0.38027400505309816,0.6978196169471231,-0.1218986500535757,0.08495186269568977,0.1663993191778077,0.28920819793212393,-0.0476515715366449,0.3717494376504502,-0.2422120998371915,1.1498243276700388,-0.09829287437217582,0.09829287437217582,0.10815619260418652,0.8982540686687324,-0.525120733017676,-0.3087621692608751,0.7827714796428129,0.10397374226616503,0.1312569076081327,0.2476183989910461,0.12384527027777448,0.5759209668935474,0.6855040211611612,0.5759209668935474,0.7827714796428129,0.08265514458354462,0.10444227746814438,0.45560751710993164,0.25158437533762856,0.3409382103348557,0.45560751710993164,0.717061502143929,0.6068923749083991,1.166302383409124,1.0469424115178256,-0.25323083778966127,-0.09527462569999612,0.028824823328875555,-0.0701438444311473,0.0701438444311473,0.8044531460651378,290709430.89674693,1.084841403954921,0.40476190476190477,0.11904761904761904,0.05555555555555555,0.045692292179778306,0.7151604241623151,0.009538355620271277,0.13057777945072968,0.12878500404221316,1.2133559892752346,-0.04003861974566081,0.12496804648570105,0.16301189579589126,0.17895012632459872,0.08245785597014255,0.6353813665183796,1.1140081542004339,0.029837390438942398,0.15735637810258507,-0.0701438444311473,0.0701438444311473,0.4675029997204512,0.07936507936507936,0.9682539682539683,315373627.15696305,19.569268615037203,0.42857142857142855,0.12698412698412698,0.07936507936507936,0.04783180224654556,0.0711209017789971,0.13708131805768353,0.29883226796854784,0.21151946288480294,0.6666666666666666,0.09822094985530051,-0.0476515715366449,0.25158437533762856,0.16371566101994972,0.21151946288480294,0.029686149827272468,0.7078200233284895,0.03326119854120094,-0.0701438444311473,0.0701438444311473,0.11346626089916079,311987732.1046012,0.014165065038086455,0.05393317594991015,0.008873713569277575,0.047803801864853224,0.11466930677507592,0.3260701792966729,0.30715108045628203,1.0,3.0,1.0,1.0,0.0,63.0,126.0,0.7834280303030303,0.3233228430485584,0.444231994102787,0.7422886619973872,0.7422886619973872,0.9943396226415094,0.23284764933575272,0.3114398715774736,1,1,1,1,1,0
recent_month_top_future_return,2025-10-31,COHR,131.9600067138672,0.12036950834412385,0.4275205888004059,0.7544855788903657,0.7927453987071396,0.4582827917902015,1.0320295927449559,1.0516170295393503,-0.5724105721004853,-0.3068066169235615,0.6728855563533154,-0.4464914245206377,0.175839515115916,0.7255468502426774,-0.8252228977066727,1.89488002641765,-0.04418362271908394,0.04418362271908394,0.09322336967585398,1.1958436317211951,0.3296310406470708,0.6306517057521444,0.7448104126157888,0.28645233002081144,0.17955840703724157,0.290732825333633,-0.04418362271908394,0.47920645743886503,0.7585446331980014,0.47920645743886503,1.0516170295393503,0.20614280437594235,0.07474154950917988,0.22639413183267765,-0.1592007202261988,0.11172482505760173,0.22639413183267765,0.34124214995309227,0.5549781595025182,1.1308087313037278,1.1954367530683458,0.9464178464178463,1.3844161638565322,0.024863987165161538,-0.04418362271908394,0.04418362271908394,0.8954323686858188,351777330.8508555,1.273610429804859,0.30952380952380953,0.07142857142857142,0.023809523809523808,0.042598542830854076,1.300134203827436,0.03165711615401745,0.1631381873803055,0.20338222259768446,1.347966248741733,0.1906709380706022,0.14591928273567034,0.45860511698179907,0.14153564145899922,0.28311651583710407,0.6634412890195369,0.9459377322984789,0.028999984134605604,0.16691146462110762,-0.04418362271908394,0.04418362271908394,0.5246678458804179,0.031746031746031744,0.8095238095238095,448027277.5405642,19.920364678125036,0.3968253968253968,0.1111111111111111,0.047619047619047616,0.04554073251693465,0.1228950524374286,0.22147898389035858,0.3585678265788939,0.2250278984262144,0.8333333333333334,0.13633980713328628,-0.1592007202261988,0.2250278984262144,0.17722409656136118,0.2250278984262144,0.08839727308257994,0.6275741484483205,0.03181494208889997,-0.04418362271908394,0.04418362271908394,0.20654661607376723,414932964.1669137,0.03159840763841726,0.05185011734244743,-0.018096297407132256,0.047803801864853224,0.11466930677507592,0.3260701792966729,0.30715108045628203,1.0,3.0,1.0,1.0,0.0,63.0,126.0,0.8188446969696971,0.24477103781152243,0.39868140295284604,0.6079113510190814,0.6079113510190814,0.9886792452830189,0.23284764933575272,0.3114398715774736,1,1,1,1,1,0
recent_month_top_future_return,2025-10-31,ECHO,74.87000274658203,1.6804787815608175,1.9876298620170996,1.5616826981494611,1.4702333215192729,1.706796932740653,1.926896128611669,2.3305162042336014,-0.6276280928819027,0.8922702977190373,0.44973313239426393,0.8475974105955248,-0.21129893668705413,2.0044460249369287,-1.0331856612438126,1.6065431974997824,-0.10410430752677158,0.10410430752677158,0.30450744116690087,1.793445823676942,-0.0425561876865882,1.1995649132241835,3.2227865019526387,0.7637794647799763,0.5623238284328564,0.5190649539269983,-0.09709639941053239,1.7028881113516987,2.4187302725126467,1.7028881113516987,3.2227865019526387,0.17653426913225556,0.375467792846762,1.2973305429897888,0.895980381289466,1.1826612362147129,1.2973305429897888,0.8505947484030023,1.4506402366649822,0.18542386619485576,1.0514006141062815,-0.4958026815377313,-0.5056409859041835,0.040711422012628735,-0.10410430752677158,0.10410430752677158,3.682301677190484,215439554.7677131,1.560772795494838,0.3333333333333333,0.1111111111111111,0.07142857142857142,0.05269364747339559,0.5162804118701212,-0.017829339107462205,0.11517921226290251,0.056545765111873925,0.8569615531267807,0.2357986644917316,0.4006522322560213,0.2116847651278766,-0.006131799112227387,-0.5486730363283134,1.525204035676844,0.17635890992176276,0.03479536989293503,-0.012455659024438126,-0.10410430752677158,0.10410430752677158,1.8009728405823284,0.6031746031746031,0.9841269841269841,336252196.15496683,19.633372023148837,0.25396825396825395,0.1111111111111111,0.0,0.04278326716387252,0.0034355060365014456,-0.029112963437131212,-0.07254280945751941,-0.019512805812727296,0.6666666666666666,0.2733042334744214,-0.21129893668705413,0.895980381289466,-0.06731660767758052,-0.019512805812727296,0.0074614596003668154,0.26898332114024154,0.013401192890115269,-0.02917531016425856,0.02917531016425856,0.036549899860900625,196677713.0749294,0.014306246251142962,0.030748515795382004,0.009465003846585773,0.047803801864853224,0.11466930677507592,0.3260701792966729,0.30715108045628203,1.0,3.0,1.0,1.0,0.0,63.0,126.0,0.7999053030303032,-0.021103269308038297,0.4518497790919953,0.5122211442134861,0.5122211442134861,0.9830188679245283,0.23284764933575272,0.3114398715774736,1,1,1,1,1,0
recent_month_top_future_return,2025-10-31,LITE,201.55999755859372,1.8486341227586227,2.1557852032149047,1.1277762502708315,1.1389072188826885,1.3696214829979123,2.2332370398659114,2.4139565452747824,-1.2936114712666043,-0.6253566426371742,0.8644986470876554,-0.03346672297906017,0.22425470288716487,2.0878863659781093,-1.5829246211661872,4.786656850458417,-0.05936158901048172,0.05936158901048172,0.177012485783395,1.2152427379826949,0.5895959083997604,1.9106008547123636,1.7885999026376083,0.6469242723675284,0.31516324244628735,0.5417299938729137,-0.05936158901048172,1.1203450740081782,1.7743005073068563,1.1203450740081782,2.4139565452747824,0.15800551923223827,0.18135087777527192,0.8310319241085953,0.206486149613478,0.7163626173335194,0.8310319241085953,1.4192329621038113,0.5043095046689211,1.4417255482912361,1.1610926208487178,1.0179574169396348,1.4997816682963356,0.024812982638493727,-0.05936158901048172,0.05936158901048172,2.1907551591109846,366793650.9124332,1.4624117543400932,0.3412698412698413,0.10317460317460317,0.023809523809523808,0.045719679256209775,1.2570613062885252,-0.008107983843526512,0.11442099428873864,0.2568552906191819,1.8376150333710295,0.2251337226482668,0.0511814360582098,0.517656812467514,0.05399832213149214,0.2933729895902326,0.5855500444949563,1.2416972792725058,0.02967013051781858,0.1231240154977109,-0.05936158901048172,0.05936158901048172,0.8637077643532256,0.031746031746031744,0.9841269841269841,536403346.51165915,20.10039695005266,0.3968253968253968,0.15873015873015872,0.047619047619047616,0.05160274236790328,0.1946301928858467,0.2187768235672336,0.3283952826811919,0.23876829476779493,1.0,0.2279686052658717,0.15800551923223827,0.31516324244628735,0.1909644929029417,0.23876829476779493,0.17524611758751352,0.7270758971272819,0.03813523995029163,-0.05936158901048172,0.05936158901048172,0.34723612550167804,544175235.8312697,0.09664465374693809,0.06284942283466369,-0.00035710191619686693,0.047803801864853224,0.11466930677507592,0.3260701792966729,0.30715108045628203,1.0,3.0,1.0,1.0,0.0,63.0,126.0,0.8476325757575758,0.6132169458256964,0.8286862512525139,0.9440365205599999,0.9440365205599999,0.9981132075471698,0.23284764933575272,0.3114398715774736,1,1,1,1,1,0
recent_month_top_future_return,2025-10-31,LUV,29.90815544128418,-0.29375469359336903,0.013396386862913001,1.020309347506191,1.039697625093427,0.0038186816633885012,-0.08738787092340439,0.09604862278568183,-0.15677401497456211,-0.17796850990280655,0.11259306075981912,-0.12746322178961977,0.19384856223926406,-0.2300215565109911,-0.11091878381548248,0.26469044002055825,-0.19177555108319844,0.19177555108319844,0.0016809113121778463,0.7743595059169042,-0.3731852927233942,-0.3825061283564446,-0.08191988711712472,0.09721118668782669,-0.022564748106664978,-0.06513011964471127,0.053278193230398396,-0.06072539218888029,-0.015532218840107729,-0.08191988711712472,0.09604862278568183,-0.04654739846984457,0.02227211507065796,-0.014870161029800655,0.06369219468425902,-0.12953946780487657,-0.014870161029800655,-0.045050645383434944,0.36287152183592963,1.0258767891127694,0.9096237026174913,-0.17707178559620362,-0.21859210930941575,0.015808700084847783,-0.19177555108319844,0.19177555108319844,0.04852262200883617,333317298.7731146,0.8476122830674813,0.1111111111111111,0.031746031746031744,0.015873015873015872,0.02896038695789607,0.776040337285242,0.02253280561067228,0.00845158157957493,-0.06063766830269712,1.1061386283390648,-0.024647365320538683,0.09520759219500641,-0.07385816696472014,0.00979856747640051,0.1327687523146186,0.33007653726684216,1.127803492983696,0.015086417352783004,-0.011786780090438764,-0.12629751654439125,0.12629751654439125,0.04852262200883617,0.12698412698412698,0.9206349206349206,282523836.59896547,19.459273485872195,0.12698412698412698,0.031746031746031744,0.015873015873015872,0.029758771469307308,-0.06493985424343951,-0.04573827077732784,-0.13553475915393,-0.05045436890664068,0.3333333333333333,0.018887812686639027,-0.05045436890664068,0.19384856223926406,-0.0982581707714939,-0.05045436890664068,-0.06364435300238869,0.3722614716815077,0.016956813023438058,-0.12629751654439125,0.12629751654439125,0.0069791505919447605,319973557.3728289,-0.05639810396309275,0.037223024094638346,-0.01871880922822733,0.047803801864853224,0.11466930677507592,0.3260701792966729,0.30715108045628203,1.0,3.0,1.0,1.0,0.0,63.0,126.0,0.6418560606060606,0.1488448030982712,0.3699713535682916,0.5751520982734784,0.5751520982734784,0.9849056603773585,0.23284764933575272,0.3114398715774736,1,1,1,1,1,0
recent_month_top_future_return,2025-10-31,MRNA,27.15999984741211,-0.8075190064595769,-0.5003679260032948,1.272568819225152,1.3137083580937887,-0.31100961164405916,-0.041975326915178135,-0.04835322438144829,0.03276785639313218,0.07094360064403438,0.03573926130675442,-0.11693004824487452,-0.0693763625111774,-0.3744234036781212,-0.03283756255667181,-0.08281007376852485,-0.5036549846213049,0.5036549846213049,0.004149900721343025,0.9363438993828093,0.08387021040056908,-0.004130064920639054,0.022590376262586087,0.035506136404034584,0.038780147114320096,-0.01366022892468488,0.1007066000640624,-0.015585367988316112,-0.013782738702392772,-0.04835322438144829,0.022590376262586087,0.07140265684883329,-0.025816803646362407,-0.0811907869381201,-0.18504734141341117,-0.19586009371319602,-0.0811907869381201,-0.14613890843889504,0.5839050997177929,1.145325689123252,0.9514777203301347,0.6312119385613035,0.7152038766272355,0.027925297676857284,-0.21661375016339268,0.21661375016339268,0.15525306605681255,294349182.78626186,0.9612395081601383,0.3333333333333333,0.10317460317460317,0.05555555555555555,0.04959875948377254,1.0588905928860866,0.20829240159944795,0.05876051721325659,0.047847585714734464,1.1146106648800074,0.07222913076367243,0.10339823076194987,0.12743875779902902,0.061359871120589604,0.4011521169255856,0.5555726931686256,1.20373358687354,0.02613376714465298,0.026492102967095477,-0.046683044380166905,0.046683044380166905,0.15525306605681255,0.31746031746031744,0.5555555555555556,282940063.688805,19.46074564762586,0.31746031746031744,0.06349206349206349,0.031746031746031744,0.0480906974684129,0.017800255146565913,0.0029630708643195725,0.07699383304572568,0.051490512103541386,0.6666666666666666,-0.0034202095157035615,-0.18504734141341117,0.07222913076367243,0.0036867102386881623,0.051490512103541386,0.010416660273063316,0.6687615107168623,0.029443502456915446,-0.046683044380166905,0.046683044380166905,0.0995951015582035,289939820.31039286,0.0188311146817155,0.05656690246078675,0.02870993865318927,0.047803801864853224,0.11466930677507592,0.3260701792966729,0.30715108045628203,1.0,3.0,1.0,1.0,0.0,63.0,126.0,0.7622159090909092,-0.04344625595747986,0.08578792108970013,0.6226067725483933,0.6226067725483933,0.9905660377358491,0.23284764933575272,0.3114398715774736,1,1,1,1,1,0
recent_month_top_future_return,2025-10-31,MU,223.55133056640625,0.9477841000038996,1.2549351804601816,1.1402227956870004,1.1437682035674213,1.4595869456714312,1.579363573791079,1.9125524161267422,-1.0941273247286225,-0.5398984744637065,0.4196586244743974,0.6319278385776348,0.22755045098792714,1.5864822368300693,-0.86096595307471,4.270683927242051,-0.012619701831322439,0.012619701831322439,0.17834496082592644,0.8644360073723252,-0.4415606190738529,0.14568667434324056,1.3726539416630357,0.5470793031959231,0.30478508731904363,0.5547527801184302,0.13332099606442038,0.8184250913981197,1.3678771497292992,0.8184250913981197,1.9125524161267422,-0.11364930304085319,0.2750713783269081,1.0515864630520322,0.09043440841423434,0.9369171562769563,1.0515864630520322,2.1093099611915584,0.4478328175791371,1.1779945693226845,1.113239653197076,-0.18775662560656958,0.08695616374471138,0.022900069495782924,-0.012619701831322439,0.012619701831322439,1.786879960220745,3097652607.7540565,1.221367665866496,0.2857142857142857,0.0873015873015873,0.007936507936507936,0.03394730391681913,0.7592539895338947,-0.003323768808806693,0.3276140178608784,0.3182383777127775,1.6187527244802147,0.40593235482763035,0.19139384565674894,0.8814395870316991,0.2906878661068104,-0.07946565387833371,0.498545250532068,1.0581679927944008,0.026499163664618623,0.29059770216105885,-0.012619701831322439,0.012619701831322439,1.0583760046600097,0.031746031746031744,0.9682539682539683,3783372735.1978364,22.053881707005534,0.3492063492063492,0.14285714285714285,0.015873015873015872,0.037938037335162274,0.16459354110224678,0.30750497964566725,0.6411113964485499,0.33821487255150817,0.8333333333333334,0.20887797850991507,-0.11364930304085319,0.40593235482763035,0.29041107068665495,0.33821487255150817,0.09866747724926195,0.5275446270727,0.027916491353978275,-0.012619701831322439,0.012619701831322439,0.23221360861006857,4646382129.861523,0.04094562374165367,0.043772620689750213,0.002176588447423189,0.047803801864853224,0.11466930677507592,0.3260701792966729,0.30715108045628203,2.0,7.0,2.0,1.0,1.0,63.0,126.0,0.9296401515151516,0.056799420640435416,0.2759766454207524,0.8547954836164378,0.8547954836164378,0.9962264150943396,0.23284764933575272,0.3114398715774736,1,1,1,1,1,0
recent_month_top_future_return,2025-10-31,SNDK,199.3300018310547,,,0.9609907482211067,0.8833819695520909,,3.1867254626271846,5.207723389665556,-1.8123538518958453,-0.9190524134400571,0.3366551651546479,3.3075668836542818,0.17377757428502028,4.881653210368883,-1.563501340856627,6.680257039258617,-0.024613421238373734,0.024613421238373734,0.43699775200008895,1.5010244765634355,2.7425373134328357,16.38117430953491,4.288670976225499,0.906207415834337,0.20323693623018224,1.5693196357929429,0.07066483737478901,3.395369537769711,4.297254634553589,3.395369537769711,5.207723389665556,-0.053583249987592674,0.6930040688397276,3.6442220488089294,0.22250707034437145,3.5295527420338537,3.6442220488089294,3.749005907324141,0.7795693128364288,1.5799008323707358,1.246906737450974,-0.39370816834285316,0.07711368272248365,0.03506595006538466,-0.024613421238373734,0.024613421238373734,4.892107332021399,414294354.9675381,1.729860110148938,0.40476190476190477,0.15079365079365079,0.05555555555555555,0.05608484579300028,1.260337087859556,-0.013159649857247713,0.7287401741159734,0.7958871185797491,2.698062661299311,1.1383646719636702,0.4502212945850536,2.7989326699768573,0.608861710259462,-0.07983690473552418,0.972050228485769,1.2670561357303234,0.04795656609829862,0.6289197459363951,-0.024613421238373734,0.024613421238373734,3.898746831124594,0.031746031746031744,0.9523809523809523,716671278.5182287,20.390127826934222,0.5238095238095238,0.25396825396825395,0.09523809523809523,0.0661239146792576,0.43741722685942164,0.6749929780507713,0.6305076064304416,0.7765597794356938,0.8333333333333334,0.41014379704522425,-0.053583249987592674,1.1383646719636702,0.7287559775708405,0.7765597794356938,0.3027082906981897,1.2316422062409564,0.060908735791829975,-0.024613421238373734,0.024613421238373734,0.704986704193028,1216059888.0266461,0.13966679251315872,0.08029041073952956,0.047418362480977416,0.047803801864853224,0.11466930677507592,0.3260701792966729,0.30715108045628203,1.0,3.0,1.0,1.0,0.0,63.0,126.0,0.8965909090909091,0.12015249449774945,0.1908894933137446,1.8909346044576365,1.8909346044576365,1.0,0.23284764933575272,0.3114398715774736,1,1,1,1,1,1
recent_month_top_future_return,2025-10-31,STX,254.58450317382807,1.304142239428616,1.611293319884898,0.9447099334535598,0.9136695255517062,1.699904937881934,2.037664826286634,1.834775319022555,-1.0563054589778775,-0.6468018066362307,0.7339749634448898,-0.0991328355108716,0.2956168358413045,1.5087051397258822,-1.199933191088537,3.825831188907221,-0.046433612731494156,0.046433612731494156,0.15632413451624116,1.1259945824693616,0.22217651564583396,0.9980656555494192,1.1879735123863244,0.5325766049773974,0.2302561665742031,0.42479166454216455,-0.046433612731494156,0.7784698600446776,1.2670728971511858,0.7784698600446776,1.834775319022555,0.08785419072370271,0.17891560800971917,0.6348421279340182,0.06617414342129013,0.5201728211589423,0.6348421279340182,1.068449404999044,0.47957560812990946,1.7934894560657642,1.2389525987479335,1.0592973231357554,1.2321994092030404,0.021247348912784916,-0.046433612731494156,0.046433612731494156,1.7575292450698758,712882610.1564922,1.2283208334834141,0.25396825396825395,0.05555555555555555,0.007936507936507936,0.03575778802259063,1.6858778065841609,-0.046433612731494156,0.15595011521647284,0.1996735422855367,2.1396932023036808,0.414600282973306,0.1414106948256849,0.5333725151952251,0.06158009251315866,0.6570910209890632,0.5941714459886719,1.4475852085691068,0.025793670564569476,0.015621096083574537,-0.046433612731494156,0.046433612731494156,0.7429656715851916,0.015873015873015872,0.9682539682539683,875648561.8832543,20.59047538448164,0.3333333333333333,0.07936507936507936,0.015873015873015872,0.04300673321924,0.10902020939838142,0.04214436771697505,0.09761695673265272,0.08396169126466968,1.0,0.196410551799746,0.06617414342129013,0.414600282973306,0.036157889399816456,0.08396169126466968,0.11788514217517143,0.8601137965673193,0.03486992961730939,-0.046433612731494156,0.046433612731494156,0.20909127472568056,1212747356.5667288,0.08991312802255469,0.06527335675902271,0.029151490319698325,0.047803801864853224,0.11466930677507592,0.3260701792966729,0.30715108045628203,1.0,3.0,1.0,1.0,0.0,63.0,126.0,0.8714962121212122,0.08132722385215008,0.07907027201975514,0.5974660237526563,0.5974660237526563,0.9867924528301887,0.23284764933575272,0.3114398715774736,1,1,1,1,1,0
recent_month_top_future_return,2025-10-31,WDC,149.97840881347656,1.7449062317962223,2.0520573122525043,1.2699236958054017,1.2684369545867515,2.0604924585555087,2.7265661558917627,2.435135806723426,-1.0850052749329548,-0.512438285712324,0.7974607076691123,0.11364410372784839,0.17533059169771592,2.1090656274267534,-1.5240309953264655,5.405267587754337,0.0,-0.0,0.21123905524111564,1.2038050405239136,-0.16128132196712575,0.6028793009971243,1.9226975210111021,0.542780250261144,0.24363199468091445,0.6873765219111925,0.0,1.3501305317904713,1.9026546198416667,1.3501305317904713,2.435135806723426,0.22972351792291068,0.24353179235695466,0.9111048113969606,0.02096822912215912,0.7964355046218847,0.9111048113969606,1.6519048633542592,0.45051161060744516,1.655526740440409,1.2242703176622327,0.45291703037866937,0.8177798927672497,0.02068038739060094,0.0,-0.0,2.416441733486203,683179587.6508834,1.4080076293045327,0.20634920634920634,0.07936507936507936,0.0,0.03439457635001672,1.5796846628381391,0.0,0.25114796338204437,0.36409997968516317,2.3196095613611383,0.49613849503288177,0.15356934842614145,0.8718553201603068,0.17539479874019648,0.548984771573604,0.551547992628901,1.3522558838163035,0.026038856223845195,0.1286336700040669,0.0,-0.0,1.0382874709311851,0.0,0.9682539682539683,961922071.5975686,20.684443999733016,0.2857142857142857,0.1111111111111111,0.0,0.04164879533403707,0.22376316629312765,0.12514655849368062,0.33670274608645817,0.251124362065938,1.0,0.23615286508708666,0.02096822912215912,0.49613849503288177,0.2033205602010848,0.251124362065938,0.19883632077584013,0.7458340182395025,0.03494856222872093,0.0,-0.0,0.3277644769979211,1258941574.6138072,0.1555770689870981,0.060914704364064834,0.10236159096737274,0.047803801864853224,0.11466930677507592,0.3260701792966729,0.30715108045628203,1.0,3.0,1.0,1.0,0.0,63.0,126.0,0.8705492424242425,0.08734442060904568,0.14778331638516073,0.6672073464350592,0.6672073464350592,0.9924528301886792,0.23284764933575272,0.3114398715774736,1,1,1,1,1,0
recent_month_non_top10_control,2025-11-30,A,152.58383178710938,-0.09980635782961267,0.12158520096256997,1.1411481673144468,1.1647090859463758,0.20747043188502268,0.4324551839102926,0.3771638401692743,-0.03748741680391898,-0.07106982214757096,0.1251309889800547,0.09887213035246889,0.054414017036245266,0.18153251102596846,-0.1531607208367507,1.3034492131941846,-0.023536806659734233,0.023536806659734233,0.050312077735569005,0.8755279103005414,-0.14013024927015494,0.05248325711301005,0.30609401802170333,0.035552787015421305,-0.025067549714199555,0.1732024451343792,-0.023536806659734233,0.3396764233653553,0.340978093852111,0.30609401802170333,0.3771638401692743,0.09450409251890712,0.077101594797643,0.2240031193325236,0.02345797056230925,0.13710286300607732,0.2240031193325236,0.7889058739740924,0.28935829363463306,0.8957541353394309,0.9812799872349109,0.029854760623991394,0.08009510047287649,0.013553110634215498,-0.023536806659734233,0.023536806659734233,0.38795276310229276,225657869.56471035,1.1139782204879067,0.07142857142857142,0.015873015873015872,0.007936507936507936,0.024069315795884214,0.8234556174841843,-0.012255297904152251,0.0756286607434955,0.08249652916941663,1.302631638810712,0.1403193578637687,0.05705753168781771,0.19594859245664087,0.043694842304671466,-0.1548549671675833,0.28394150268410834,0.9128425597097133,0.012794705777911605,0.0316559618040031,-0.023536806659734233,0.023536806659734233,0.26186113189556814,0.031746031746031744,0.7142857142857143,251377951.97678822,19.34246815328511,0.06349206349206349,0.015873015873015872,0.0,0.024816349068037192,0.04236465767505715,0.05305482858783517,0.18821395947574016,0.04878390795459775,0.8333333333333334,0.05606863270360476,-0.025067549714199555,0.1403193578637687,0.06439422048901511,0.04878390795459775,0.03475711749582766,0.2591938881179839,0.012403774952381711,-0.023536806659734233,0.023536806659734233,0.07073105572072014,288294291.31738573,0.027058187690982116,0.028701708827682797,-0.003143113558357946,-0.015610312534417359,0.08690025632644627,0.19563132914330583,0.22139155879218264,1.0,3.0,1.0,1.0,0.0,63.0,126.0,0.5227272727272727,-0.11355042044118369,-0.12645456369139418,-0.2078375784795875,-0.11355042044118369,0.02830188679245283,0.30813118363792025,0.43483282678561663,0,0,0,0,0,0
recent_month_non_top10_control,2025-11-30,AAPL,278.3328857421875,-0.04113132187211388,0.18026023692006876,1.0351381897301544,1.044710837477423,0.15697786929442703,0.31672249370777283,0.391272538893616,-0.04504195447733195,-0.029294253252631464,0.1570996084782028,0.04527962378460426,0.021508605211605802,0.19564120975031019,-0.18889330663080894,1.775407962394457,0.0,-0.0,0.06329143572235951,0.7766150988747448,-0.48918271670083,-0.3858039070801712,0.36197828564098455,0.022857971004406702,0.011697625508581444,0.14893874513020933,0.00510008410075935,0.34623058441628407,0.3664938029836282,0.34623058441628407,0.391272538893616,0.11963891948030181,0.06607177041573409,0.20237923226280707,0.0968812192629327,0.1154789759363608,0.20237923226280707,0.8855881213003154,0.22038458043520015,0.6661329673020112,1.036938397024062,-0.7663191635786745,-0.7587562764321006,0.009907485718799661,0.0,-0.0,0.4283229599277978,12263942368.602703,1.0712453719689614,0.07142857142857142,0.007936507936507936,0.0,0.0190084520910633,0.33932915885614007,0.0037950435186790976,0.05295525282981117,0.06245198825109788,1.181415005917389,0.06181520766834603,0.04348699800480199,0.09617997933337352,0.05676354622133983,-0.5805287242981244,0.22852523356529691,0.6424036077878537,0.01022291723619465,0.043025173547520446,0.0,-0.0,0.2307434461148994,0.0,0.8888888888888888,13137691504.45971,23.29875115005254,0.09523809523809523,0.0,0.0,0.01898093902104277,0.03728814962666638,0.039257171080399056,0.22045623626299515,0.03236417355566945,1.0,0.05731762511457287,0.011697625508581444,0.11963891948030181,0.04797448609008681,0.03236417355566945,0.027020152535781827,0.14680543451290864,0.006634876143348292,0.0,-0.0,0.04732392690606346,13327668122.78864,0.024091977989664448,0.020707484534954364,0.009755368362157624,-0.015610312534417359,0.08690025632644627,0.19563132914330583,0.22139155879218264,2.0,8.0,2.0,1.0,1.0,63.0,126.0,0.6418560606060606,-0.025067288626873463,-0.06946385755380347,-0.05172244411765614,-0.025067288626873463,0.12264150943396226,0.30813118363792025,0.43483282678561663,0,0,0,0,0,0
recent_month_non_top10_control,2025-11-30,ABBV,222.44076538085935,0.06687003349408971,0.28826159228627235,0.9876449959006344,0.9900709204377731,0.11687371422074522,0.18566036784408158,0.24293345322253512,-0.029614700699101437,0.0032811318844687687,0.1402784661469174,-0.050252222450063,-0.002632878738284994,0.04730212407922929,-0.1529072095256807,1.0569216339811758,-0.061537287917915795,0.061537287917915795,0.04228788295948416,0.8781350448060696,-0.3773067273196239,-0.32124799100490853,0.2462145851070039,0.018119658409707563,0.02711227574382602,0.06483745432492594,-0.060587606255123494,0.21331875252343369,0.2341555969509909,0.21331875252343369,0.2462145851070039,0.1131096701015466,0.028833445984410844,0.09002624369685441,0.10047526977590193,0.0031259873704081453,0.09002624369685441,0.3378594064753781,0.22985001480900888,1.3805343576549836,1.1592806285918156,-0.7546857823801649,-0.7438174205115796,0.010189860207713723,-0.061537287917915795,0.061537287917915795,0.2688407852604342,1159333687.8082638,1.1225586763756477,0.05555555555555555,0.007936507936507936,0.0,0.02014034106207295,0.36408505737671204,0.03981360627818642,-0.00019150474208684543,0.00329994016970514,1.3846777103247443,-0.05151647460438913,0.06223468085896824,-0.009495012169764894,-0.01230075172069145,-0.6485473041529544,0.26646066964962595,1.1908543312173914,0.011263340660070646,0.01313490442906562,-0.061537287917915795,0.061537287917915795,0.09319567361454384,0.6507936507936508,0.9206349206349206,1301420090.0637429,20.98672188294483,0.09523809523809523,0.015873015873015872,0.0,0.02015094826397384,0.002693522747623911,0.014072782426040709,0.1396206370635057,0.04430384008736166,0.6666666666666666,0.03847528372766035,-0.05151647460438913,0.1131096701015466,0.059914152621779015,0.04430384008736166,0.006230939484510811,0.31731584255134354,0.014493309169338225,-0.03631282718818429,0.03631282718818429,0.07425929246117602,1427682378.7533712,-0.016644082389375536,0.02750798992520549,-0.012533090714381911,-0.015610312534417359,0.08690025632644627,0.19563132914330583,0.22139155879218264,1.0,3.0,1.0,1.0,0.0,63.0,126.0,0.5983901515151515,0.0034695035861873613,-0.012717282995508561,0.02743636625303103,0.02743636625303103,0.2641509433962264,0.30813118363792025,0.43483282678561663,0,0,0,0,0,0
recent_month_non_top10_control,2025-11-30,ABNB,116.98999786376952,-0.3618661944607091,-0.14047463566852647,0.9891227487594232,0.9969124101759074,-0.15755741357198305,-0.04043635481641228,-0.09310079175372465,-0.023355709808569824,-0.02288831886200693,0.011860455653464053,-0.11559140671568768,0.025891444479772208,-0.2887321208970305,-0.010630159308498977,-0.351448734595753,-0.27524470827136605,0.27524470827136605,-0.024967587428773363,0.6803062440377807,-0.3935904216954368,-0.45649386398621117,-0.11598911061573158,0.013351546572638167,0.0005289959661174404,-0.06961247587106523,-0.011783430865895395,-0.11645650156229448,-0.10851546797725024,-0.11645650156229448,-0.09310079175372465,-0.014198359873246358,-0.019833299410697114,-0.10373095106222363,-0.06979239022100159,-0.1906312073886699,-0.10373095106222363,-0.4546837989823158,0.26490575321266135,1.0621278399816783,0.8612068775381218,-0.2755342371323529,-0.3302098353323142,0.012274579958137237,-0.17705405986176515,0.17705405986176515,0.04886136725397394,610075551.9092499,1.0005942789102804,0.06349206349206349,0.0,0.007936507936507936,0.022937046518275113,0.7059926666106866,-0.06302502263389065,-0.014068922258999472,-0.041367323357636376,1.009089453731303,0.04216770568105255,0.04866369692304702,-0.03648493141147846,-0.03634316143270566,-0.22266395463510846,0.22813865656616034,1.233301623203378,0.01114130198661168,-0.08575340518539754,-0.09359269214345611,0.09359269214345611,0.04886136725397394,0.36507936507936506,0.07936507936507936,610438106.9434272,20.22968746708576,0.06349206349206349,0.0,0.0,0.02365629994373535,-0.04148723030554102,-0.09068712208957364,-0.26823008931083575,-0.07547023062006297,0.5,-0.015145472431228121,-0.07547023062006297,0.04216770568105255,-0.059859918085645614,-0.07547023062006297,-0.019851808041928876,0.2813637754584835,0.01290143516943963,-0.07736596965209841,0.07736596965209841,0.04886136725397394,672036948.1555394,0.006815937399333061,0.026274536667736423,0.0068679259168662465,-0.015610312534417359,0.08690025632644627,0.19563132914330583,0.22139155879218264,1.0,3.0,1.0,1.0,0.0,63.0,126.0,0.5136363636363637,0.16009918539142132,0.10582098879798285,0.1548850592140545,0.16009918539142132,0.7056603773584905,0.30813118363792025,0.43483282678561663,0,0,0,0,0,0
recent_month_non_top10_control,2025-11-30,ABT,126.54817962646484,-0.11553609124589448,0.10585546754628816,0.8935266159239739,0.9013993794200439,-0.05328029882395491,-0.005320453871499375,-0.02639350461107859,0.05241131411628985,-0.017394762483324833,-0.002429361107612049,-0.021593141729955523,0.018191329268119505,-0.22202483375438442,0.0023710017735110167,-0.12426644374903194,-0.06820148513205115,0.06820148513205115,-0.010169618518779178,0.7990414632357136,-0.4194145394632902,-0.43336165533648385,-0.04378826709440342,0.03633733603214689,-0.06803593071476799,-0.0050858976996476235,-0.017371586961595353,0.026017809505211265,-0.014721320733423582,-0.04378826709440342,0.026017809505211265,0.05127199396324866,-0.015155250939358433,-0.024022502837567572,0.009648730023024132,-0.11092275916401384,-0.024022502837567572,-0.1330246308393676,0.21239446317770883,0.9666272684067705,0.8502428722860682,-0.6348564209570043,-0.619260585451848,0.008898455183730907,-0.05812310837284573,0.05812310837284573,0.07437707280212869,797151273.8667079,0.9906890387415375,0.023809523809523808,0.0,0.007936507936507936,0.018985026742496698,0.4531718861021886,0.03881918395000117,-0.03128119815911201,-0.003341087536300691,1.0657705808037237,-0.07294536123304785,0.05434309009853525,-0.03334945299225389,-0.020899162767281765,-0.5501643778124927,0.1805868784298727,1.136883706896333,0.008912728309181193,0.007032981412415706,-0.05231153755925011,0.05231153755925011,0.04271151514160931,0.7619047619047619,0.30158730158730157,789729029.238601,20.487200444889517,0.015873015873015872,0.0,0.0,0.019659820324821484,0.014633047795959309,0.014855645443483168,0.20803803561318465,0.04271151514160931,0.6666666666666666,-0.00319295392530237,-0.07294536123304785,0.05127199396324866,0.05832182767602667,0.04271151514160931,0.014317670695338292,0.2053062797661911,0.009452537301284173,-0.012941317610144054,0.012941317610144054,0.04271151514160931,824025019.329943,0.005828929104727987,0.021489536742501803,0.005789693619647318,-0.015610312534417359,0.08690025632644627,0.19563132914330583,0.22139155879218264,1.0,3.0,1.0,1.0,0.0,63.0,126.0,0.4105113636363636,-0.02800609853919256,-0.14776055812159972,-0.09278996472100354,-0.02800609853919256,0.1169811320754717,0.30813118363792025,0.43483282678561663,0,0,0,0,0,0
recent_month_non_top10_control,2025-11-30,ACGL,93.91999816894533,-0.2889054881939235,-0.06751392940174084,1.1614693229965134,1.1650662400159024,0.010870675568037225,0.03573001602189696,-0.011784540570211943,0.10311617934931028,0.04330562811543759,-0.036931840303223495,0.06304349136323695,-0.04198230035073236,-0.20741586971351778,0.037896191630225395,-0.05439352883219446,-0.06769902560497232,0.06769902560497232,0.0006721132863438672,0.8026896993382485,-0.4257197696737044,-0.41072436468876006,0.031521087545225646,0.051777771789593606,-0.05480511066350491,0.046144159537126805,0.04415172056671057,0.09133163877909833,0.03702272858470401,-0.011784540570211943,0.09133163877909833,0.06356032275017065,-0.002529014697120746,0.026111651060013452,-0.008740253829701006,-0.060788605266432816,0.026111651060013452,0.12605470888470943,0.21665335607416786,0.6304765032513691,0.9561143552970225,-0.6038660135045677,-0.5689386590348295,0.010566649178140063,-0.024410497102581252,0.024410497102581252,0.10859297468935813,194249385.06081596,0.9935116635904582,0.03968253968253968,0.0,0.0,0.01902964068839655,0.4826022671266634,0.07769950188144203,0.001205786333246861,0.04533492485538759,0.8499393017858556,-0.04871603256699386,0.061690626585554506,0.03515920526820904,0.017700350922289276,-0.44913364564367975,0.20714538386578926,0.6594153719776624,0.010016659239515863,0.06820095388873249,-0.005084781241258662,0.005084781241258662,0.10859297468935813,0.015873015873015872,0.3492063492063492,192989029.70319477,19.078143909519206,0.031746031746031744,0.0,0.0,0.018886076824055024,0.050571014510201406,0.08167099383038723,0.64548961663537,0.08817055759021808,0.3333333333333333,-0.0004188028450905675,-0.05480511066350491,0.08817055759021808,0.10378087012463544,0.08817055759021808,0.0348455840012436,0.1365948503553151,0.007688403580297437,-0.005084781241258662,0.005084781241258662,0.09209300196448056,192447734.87327212,0.014802797873348705,0.01575808742642931,0.007012178073107611,-0.015610312534417359,0.08690025632644627,0.19563132914330583,0.22139155879218264,1.0,3.0,1.0,1.0,0.0,63.0,126.0,0.2538825757575758,0.021294719324870037,0.022572431728208775,0.06633308643944935,0.06633308643944935,0.4188679245283019,0.30813118363792025,0.43483282678561663,0,0,0,0,0,0
recent_month_non_top10_control,2025-11-30,ACN,244.95237731933597,-0.5216390953915332,-0.30024753659935055,0.9922308455574146,1.0052665202628508,-0.27547709239784346,-0.16011922151608393,-0.20696190193995267,0.1429409257282065,0.04757318156454826,-0.1753355710500074,0.13698502532534984,-0.05659355604387528,-0.4025932310832585,0.1686113562152951,-0.7399991466353669,-0.3659855983792686,0.3659855983792686,-0.04569262894495174,1.1917068020964126,-0.46763846318340585,-0.4880548186431395,-0.1593887203754044,0.07279002046878301,-0.1018908989836862,-0.008119164130625856,0.16178567137886135,-0.06402097621174618,-0.14345719950903443,-0.20696190193995267,-0.06402097621174618,-0.02669416633364896,-0.008279890358037223,-0.03835054572465757,-0.05142894796746034,-0.12525080205110384,-0.03835054572465757,-0.13906776373059296,0.27967856838885347,1.0307059417385291,0.9860203751954321,-0.611804147824731,-0.6119593814857662,0.01328619686301572,-0.21709363869277853,0.21709363869277853,0.0749913883897817,1085656772.168889,1.0188596080431676,0.0873015873015873,0.0,0.007936507936507936,0.022995584575357532,0.35784959632016483,0.013880153066102685,0.007997305723701942,0.02066225875570371,0.9985287231324538,0.0141930382025095,0.04211727910545937,0.013787477716908247,-0.003558620700469306,-0.6868093850250561,0.2757687669368986,1.0453191107072612,0.013420374547453005,-0.005118579349054908,-0.02408568972206504,0.02408568972206504,0.0749913883897817,0.9841269841269841,0.7142857142857143,1106131833.3614047,20.824134932184666,0.09523809523809523,0.0,0.0,0.026247436722287354,0.01525175983644278,-0.005426899281993691,-0.0013872062657983516,-0.0003998849038839847,0.16666666666666666,-0.037135736005007546,-0.1018908989836862,0.0141930382025095,0.015210427630533374,-0.0003998849038839847,0.01863487644747619,0.2882663622153168,0.013770729699396866,-0.007345662343534176,0.007345662343534176,0.041666669370350906,853262079.6400524,0.02000845072212387,0.025128579335759047,0.0059957051979449005,-0.015610312534417359,0.08690025632644627,0.19563132914330583,0.22139155879218264,1.0,3.0,1.0,1.0,0.0,63.0,126.0,0.6025568181818183,0.07319992731666747,0.05456015339995468,-0.16511998636533465,0.07319992731666747,0.4358490566037736,0.30813118363792025,0.43483282678561663,0,0,0,0,0,0
recent_month_non_top10_control,2025-11-30,ADBE,320.1300048828125,-0.6009003886190476,-0.37950882982686496,0.90676226602494,0.9197269911506446,-0.2700428523692666,-0.1462744799629212,-0.22876964584272708,0.12376252430667989,0.05623552891358041,-0.14066825181527354,0.03814510611099686,-0.06796114506241846,-0.4244009749860329,0.1262465001384504,-0.8451746373136854,-0.4210612120913094,0.4210612120913094,-0.03582063226058951,0.9684719021450098,-0.31716743075815557,-0.3871735737461628,-0.17253411692914666,0.06196705070945815,-0.07544975721929081,-0.08074076477521974,0.01563707715799456,-0.10500712153604719,-0.16877029476930697,-0.22876964584272708,-0.10500712153604719,-0.0027677324711841145,-0.031164501927402832,-0.10252314570427667,-0.011073765270124603,-0.18942340203072294,-0.10252314570427667,-0.37477864668832217,0.2706773674253308,0.8264735364482328,1.0106368756640107,-0.5211245150661636,-0.5495212822722522,0.012715516682144185,-0.2321548628696346,0.2321548628696346,0.024743953704715826,1466120808.623299,1.020565131507859,0.07142857142857142,0.0,0.015873015873015872,0.023110903234872904,0.47584513426215225,-0.054917523390429324,-0.04402398030442645,-0.05947573609825296,0.8543521507022057,-0.0352657758792525,0.030440317497649978,-0.09247340926204817,-0.05350402223361339,-0.5051755855138519,0.2735565289276958,0.8177749658157105,0.012879457196234925,-0.07741457120427986,-0.12880310148826557,0.12880310148826557,0.024743953704715826,0.7936507936507936,0.07936507936507936,1496271775.8590455,21.126242369022304,0.07936507936507936,0.0,0.015873015873015872,0.025127311485255214,-0.043218003602680244,-0.09249605516838022,-0.2650729432676349,-0.059298853458769285,0.0,-0.04196950489350663,-0.07544975721929081,-0.0027677324711841145,-0.043688540924351926,-0.059298853458769285,-0.02204991232377207,0.22370768109251082,0.010745880517107818,-0.059298853458769285,0.059298853458769285,0.024743953704715826,1157690130.4709299,-0.0031077699646959722,0.022705070424760176,0.000331243468297604,-0.015610312534417359,0.08690025632644627,0.19563132914330583,0.22139155879218264,2.0,8.0,2.0,1.0,1.0,63.0,126.0,0.6010416666666667,0.09327456001037171,-0.08396590282954652,-0.18030175347616118,0.09327456001037171,0.5075471698113208,0.30813118363792025,0.43483282678561663,0,0,0,0,0,0
recent_month_non_top10_control,2025-11-30,ADM,59.890743255615234,-0.0655294306245866,0.15586212816759604,1.0187170280870614,1.026354614574001,0.3222856779018004,0.3070551678883331,0.27982827475061667,-0.13960465437044722,-0.10935999645588623,0.30883277208376425,-0.330993355125225,0.09343268714228992,0.08419694560731084,-0.3019888577920774,1.0371194345817742,-0.04606973109190082,0.04606973109190082,0.02409974746635979,0.7101761318540284,-0.587118742302398,-0.5962684316998685,0.17046827829473044,0.07344363788998597,0.026525198543490003,0.031408477934632195,-0.009126583301537705,0.14022362038016944,0.19684005780850553,0.14022362038016944,0.27982827475061667,0.16606428479505175,-0.020827177928273377,-0.022160583041460735,-0.04629621498268077,-0.109060839367907,-0.022160583041460735,-0.08219972550753442,0.2698129698663485,1.2757760300100958,0.9991898019367527,-0.7176965944272446,-0.7143299453251479,0.012687931258310548,-0.04606973109190082,0.04606973109190082,0.31497045378460675,206990948.28747037,1.0472182954448808,0.07142857142857142,0.007936507936507936,0.007936507936507936,0.025417252940980305,0.3533058491677257,0.023734311479035486,-0.02560957279655529,0.01343852621066044,1.0410742984824648,0.013223917585666323,0.07453570862192643,0.025307262402006314,-0.050238493291510866,-0.5934561105232496,0.2695943679207238,1.2768104994038467,0.012432890591927061,-0.042520078526049554,-0.03357757968784303,0.03357757968784303,0.09378313135500238,0.49206349206349204,0.20634920634920634,216764708.0381242,19.194323033090004,0.07936507936507936,0.0,0.015873015873015872,0.02772711299213747,0.022175016300925554,-0.028696596232464455,0.03464531190286334,0.011925641120999586,0.8333333333333334,0.04414591903413614,-0.04629621498268077,0.16606428479505175,0.027535953655416945,0.011925641120999586,0.040652392317492625,0.3442209195413237,0.01399757230368227,0.0,-0.0,0.09378313135500238,213652229.79289463,0.027298798773549127,0.026857407773386882,0.018205027126280804,-0.015610312534417359,0.08690025632644627,0.19563132914330583,0.22139155879218264,1.0,3.0,1.0,1.0,0.0,63.0,126.0,0.44649621212121215,-0.05350675500043023,0.10816580306788559,0.1452152321793141,0.1452152321793141,0.6566037735849056,0.30813118363792025,0.43483282678561663,0,0,0,0,0,0
recent_month_non_top10_control,2025-11-30,ADP,249.6872711181641,-0.37225324438168683,-0.1508616855895042,1.073175224764298,1.0874314779078307,-0.17735085488922953,-0.1420217670062469,-0.20772800369208744,0.03689132603983991,0.039848765539894915,-0.06131782000666408,-0.09465636039853209,-0.04788820008697636,-0.40335933283539327,0.051753823286891265,-1.1310857135466272,-0.21083104936506236,0.21083104936506236,-0.036597363024560514,0.9727135908565446,-0.11889059535640079,-0.2563209125929965,-0.16787923815219252,0.02220225401630719,0.0035667755921489075,-0.10914392287688135,-0.08296515961968742,-0.17083667765224753,-0.18214797316550915,-0.20772800369208744,-0.16787923815219252,-0.017609055199503842,-0.062200114138918794,-0.15597418040519617,-0.029684260629275205,-0.24287443673164244,-0.15597418040519617,-0.8014948519612014,0.1836536357980656,0.933003560493676,1.059625605936381,-0.6186808460726434,-0.6260054550597924,0.008104391255052707,-0.21083104936506236,0.21083104936506236,0.02505420003356429,504670275.699567,1.0649697802948899,0.015873015873015872,0.0,0.007936507936507936,0.016168369630114487,0.47803746334131175,0.005352415284410883,-0.08513845961482414,-0.06461590323166788,0.9255781971179639,-0.11311765546399666,0.04075180551363618,-0.13015342805613273,-0.104572875174468,-0.5626065117947798,0.19460409511494473,0.8805030335872165,0.008288868562597779,-0.09797014230847667,-0.14795946155490747,0.14795946155490747,0.02505420003356429,0.9523809523809523,0.07936507936507936,537458592.6331294,20.10236227989758,0.015873015873015872,0.0,0.015873015873015872,0.017174536065293962,-0.025713843086860866,-0.08289076942208085,-0.11210190508973651,-0.019208604948662944,0.16666666666666666,-0.03732350012271102,-0.11311765546399666,0.0035667755921489075,-0.003598292414245585,-0.019208604948662944,0.0044240866929898814,0.17134949609720404,0.007720500692815417,-0.023821352710504562,0.023821352710504562,0.02505420003356429,542459253.4421648,0.01216740706275976,0.017075143420194793,0.005783355480823538,-0.015610312534417359,0.08690025632644627,0.19563132914330583,0.22139155879218264,1.0,3.0,1.0,1.0,0.0,63.0,126.0,0.33153409090909086,0.014072779639814126,-0.0269664109247989,-0.15493282154403976,0.014072779639814126,0.2320754716981132,0.30813118363792025,0.43483282678561663,0,0,0,0,0,0
recent_month_top_future_return,2025-11-30,ASTS,56.20000076293945,1.1389613191374222,1.3603528779296048,1.1294891228327852,1.1977954155839843,1.0730357616251878,1.4213702274782465,1.43606421787461,-1.3790771443681102,-1.233410648144874,1.1213697127914886,-0.9730247528415237,1.0255743459207873,1.240432888731304,-1.287719257924645,1.6331720842704243,-0.4126868081401467,0.4126868081401467,0.07398146151237195,0.7159380848628961,-0.18490442296934972,-0.06398910223934451,0.20265356972973603,0.7576690488154677,0.13781294007692568,-0.030380808728157183,-0.227538581494798,0.056987073506499675,0.5652349537036152,0.056987073506499675,1.43606421787461,-0.07955613481113355,0.1363339993141217,0.14834495994996488,0.0028607112438556737,0.061444703623518615,0.14834495994996488,0.15095445247645253,0.8793097994423124,0.9391042620855159,1.1175962997794673,-0.46440295575243673,-0.6249152112730072,0.04198058640126449,-0.4126868081401467,0.4126868081401467,1.3271222215596739,704482878.8286693,1.1712951069660118,0.49206349206349204,0.1984126984126984,0.15873015873015872,0.07807608364638173,0.5617190407826873,-0.25133241324543865,-0.03610925057341097,-0.16897218495304267,1.0234719187506394,0.6350855135710882,0.4966332947213353,0.14506924747870897,-0.22076977061466474,-0.3561982631659134,0.9827133782165537,0.8402893444357568,0.046439195894471395,-0.2916190926148773,-0.4126868081401467,0.4126868081401467,0.5226226224674404,0.49206349206349204,0.9047619047619048,825157348.9133502,20.531084653280537,0.5079365079365079,0.20634920634920634,0.2222222222222222,0.08325842746573538,-0.16657807910870848,-0.2850796809242385,-0.36292284031980704,-0.2996884640132156,0.6666666666666666,0.23701481866471796,-0.2996884640132156,1.0255743459207873,-0.2840781514787982,-0.2996884640132156,-0.09888601431742816,0.8257635803498358,0.03874241178694958,-0.2996884640132156,0.2996884640132156,0.10848126069497765,589943732.22124,0.00621275286498757,0.09049695701292955,0.02704680329622189,-0.015610312534417359,0.08690025632644627,0.19563132914330583,0.22139155879218264,1.0,4.0,1.0,0.0,1.0,63.0,126.0,0.9120265151515152,0.2923486880326365,0.9788255796218603,0.4090747574086748,0.9788255796218603,0.9943396226415094,0.30813118363792025,0.43483282678561663,1,1,1,1,1,0
recent_month_top_future_return,2025-11-30,GLW,83.9145278930664,0.5415064562246377,0.7628980150168203,1.0524441730683396,1.0230164023703456,0.7010956902622847,0.9222608511004571,0.7106639916330413,-0.36923730650071374,-0.09758479872664205,0.3571968542562638,-0.09675774679128568,0.0604959751237113,0.5150326624897354,-0.45022488416806317,2.1720668866140347,-0.06426813404830756,0.06426813404830756,0.10424851969249094,0.7408750079655605,-0.701587763079259,-0.6238695464389935,0.6130791929063992,0.19133481406266317,0.202510141467235,0.13616512289522764,-0.04067020550371736,0.34142668513232755,0.5550566232239227,0.34142668513232755,0.7106639916330413,0.06425346308893376,0.07225186390989147,0.2604391074649781,0.22378054321691643,0.17353885113853185,0.2604391074649781,0.7362113336335926,0.3271832907230921,1.2880643112149543,1.081216297421508,-0.7552202024484604,-0.7678405342393145,0.014464195875018638,-0.06426813404830756,0.06426813404830756,0.7103192451724085,465383576.22841424,1.406761339139578,0.09523809523809523,0.007936507936507936,0.007936507936507936,0.024493073750454536,0.31981466040789713,-0.05086696153823245,0.015324904615673374,0.001291492141439754,1.460698361225995,0.0859441771221996,0.10178437907839177,0.029955178198615817,-0.016211868473175683,-0.6468710577621468,0.3537559061738065,1.1913104845780986,0.01780654454563572,-0.054810681164347175,-0.06426813404830756,0.06426813404830756,0.23393057357096403,0.3333333333333333,0.9841269841269841,654683622.9086498,20.299662659975912,0.15873015873015872,0.0,0.015873015873015872,0.030170919932949056,-0.009227454150361192,-0.05718073069790042,-0.12233945405245468,-0.051557897821191134,0.8333333333333334,0.09757106703296749,-0.051557897821191134,0.22378054321691643,-0.035947585286773776,-0.051557897821191134,0.0006524711785804715,0.4214331200062818,0.019569691885194855,-0.0641644731781793,0.0641644731781793,0.07907211244562751,555666937.5893366,0.03215365832402184,0.03875802350258248,0.019839632848849265,-0.015610312534417359,0.08690025632644627,0.19563132914330583,0.22139155879218264,1.0,3.0,1.0,1.0,0.0,63.0,126.0,0.6671401515151515,0.03990491728904266,0.22624702866528268,0.7893193330754276,0.7893193330754276,0.9886792452830189,0.30813118363792025,0.43483282678561663,1,1,1,1,1,0
recent_month_top_future_return,2025-11-30,LITE,325.1600036621094,2.517368922962362,2.738760481754545,1.1861938799937481,1.332898692836113,3.6233470097612424,4.5074525511498305,3.4986166180628766,-1.5447648897430604,-1.0780400136748436,0.837437739368563,0.6108719484518417,0.31516324244628735,3.3029852889195706,-2.050306930242472,4.945226159776108,0.0,-0.0,0.2593065376151791,1.0673527373275902,-0.22817139238725115,0.8896754573552268,2.420576604388033,0.7922858223317979,0.15800551923223827,1.011572941280253,0.020213983264300128,1.9538517283198162,2.6243483169235753,1.9538517283198162,3.4986166180628766,0.206486149613478,0.2773617522381726,1.4483096878204047,0.2251337226482668,1.3614094314939584,1.4483096878204047,1.565613342904018,0.7074735320540475,1.9117648268719611,1.3075753508057288,-0.36403953737789496,0.025942195177129257,0.03156281510268471,0.0,-0.0,3.286316913339694,561675695.0804272,1.516922213281346,0.38095238095238093,0.14285714285714285,0.047619047619047616,0.05303391416320031,0.8577628055177268,0.05936158901048172,0.3598923236718312,0.6213639663995174,2.4386772603018967,0.23876829476779493,0.1650968907921412,0.9984020050710081,0.4867934199070383,-0.10491602638199493,0.9250749518613391,1.4620685727166167,0.04273977671587432,0.5323361302244776,0.0,-0.0,1.4530196645057676,0.0,0.9841269841269841,852018338.52774,20.563118609829225,0.49206349206349204,0.25396825396825395,0.09523809523809523,0.0655391940113933,0.4345884989546738,0.5505674143793606,0.4533874390607683,0.6132169458256964,1.0,0.29279564575562694,0.15800551923223827,0.6132169458256964,0.6288272583601138,0.6132169458256964,0.301019914210362,1.352523014523801,0.06399297160772245,0.0,-0.0,0.7262688607373031,1411795993.9538138,0.20275055891332605,0.0852650527088949,0.09876596503144097,-0.015610312534417359,0.08690025632644627,0.19563132914330583,0.22139155879218264,1.0,3.0,1.0,1.0,0.0,63.0,126.0,0.9050189393939394,0.13356499011763945,0.2050682492459064,1.1555848359286007,1.1555848359286007,0.9981132075471698,0.30813118363792025,0.43483282678561663,1,1,1,1,1,1
recent_month_top_future_return,2025-11-30,MRNA,25.979999542236328,-0.6180474177408766,-0.39665585894869393,1.0862723853082803,1.1258436647198156,-0.16085270314926925,-0.0896987137760824,-0.02183734696417383,-0.09927226022072344,-0.03651715109481035,-0.09299696396913515,0.17145272892044428,0.038780147114320096,-0.21746867610747966,0.10029311191548296,-0.03865094859797893,-0.4533978495797333,0.4533978495797333,-0.022845649894762343,0.8208677231953164,-0.48284390608787975,-0.4422700291407733,-0.05835449805898418,0.05021070220384212,0.07140265684883329,-0.034636786194537805,0.21706182715873623,-0.12110960718489727,-0.06710048406935176,-0.12110960718489727,-0.02183734696417383,-0.18504734141341117,0.000401917188182388,0.07845576495130913,0.07222913076367243,-0.008444491375137142,0.07845576495130913,0.12830029544550997,0.5649886420980549,1.438441850950034,1.0823244948536452,-0.7269136431688593,-0.7387782229262407,0.027136051402938236,-0.2506489496873643,0.2506489496873643,0.16189619110336206,276665296.66193855,1.04715754450237,0.3253968253968254,0.0873015873015873,0.05555555555555555,0.04843344387215423,0.41116519987530276,-0.04141805246246477,-0.04374702038183431,0.0036157808100745203,0.9618928608360137,0.051490512103541386,0.10059401489318971,0.005807186177829271,-0.08062542285513274,-0.565639608722674,0.6115010466568243,1.329030117852543,0.02867666673190656,-0.07499149075679934,-0.08810109684263168,0.08810109684263168,0.16189619110336206,0.6190476190476191,0.07936507936507936,289712152.7015353,19.48439841457459,0.36507936507936506,0.09523809523809523,0.06349206349206349,0.05195926145773917,0.024017221148909806,-0.04695452601474992,-0.05345893824250572,-0.04344625595747986,0.6666666666666666,0.0009014749099126954,-0.18504734141341117,0.07222913076367243,-0.027835943423062504,-0.04344625595747986,0.04823577696596537,0.8127033081052725,0.03703954644895124,-0.07675905807612382,0.07675905807612382,0.16189619110336206,320093479.97965133,0.062142252727670266,0.05123171974740604,0.05088584316946432,-0.015610312534417359,0.08690025632644627,0.19563132914330583,0.22139155879218264,1.0,3.0,1.0,1.0,0.0,63.0,126.0,0.750284090909091,0.13510393728743297,0.696304868026596,1.0619707713133,1.0619707713133,0.9962264150943396,0.30813118363792025,0.43483282678561663,1,1,1,1,1,1
recent_month_top_future_return,2025-11-30,MU,236.24891662597656,1.2029813385672494,1.424372897359432,0.9423744314871129,0.8902929919795404,1.5329404934051611,2.0779837059476414,1.5074193109297411,-0.3393039253825938,-0.5857087278621775,0.2610843090669275,0.7272199564781521,0.30478508731904363,1.3117879817864353,-0.5191150453846616,2.874421985857066,-0.06640339757861258,0.06640339757861258,0.1637339250193417,0.8043738373688161,-0.23007630857279127,0.5308425598089328,0.9217105830675636,0.2940796928155614,-0.11364930304085319,0.43411229372926496,0.002300952580657878,1.1681153855471473,1.1990817598481507,0.9217105830675636,1.5074193109297411,0.09043440841423434,0.2495363901701333,0.9883042655450796,0.40593235482763035,0.9014040092186333,0.9883042655450796,1.5789748231030063,0.5244251951685076,1.4974464737319875,1.1935260876495528,-0.20865808823529408,-0.1637103261185644,0.026163920760514565,-0.06640339757861258,0.06640339757861258,1.4124141687726013,3828658624.224036,1.3332248702618237,0.3333333333333333,0.09523809523809523,0.031746031746031744,0.03868227168229121,0.6559836512446117,-0.05378369574729014,0.19723554898439977,0.1438702764918467,2.0042967243418226,0.33821487255150817,0.20053823987001948,0.41422470200484796,0.15923407588683847,-0.2145489709531455,0.6259151514543221,1.2546407566850544,0.031935083755298764,0.07610079058061436,-0.06640339757861258,0.06640339757861258,0.9971986244532725,0.20634920634920634,0.9841269841269841,5104462897.557903,22.353381072167636,0.4126984126984127,0.1746031746031746,0.06349206349206349,0.04666154982449607,0.04916640691483587,0.025768176598339743,0.07232843195646309,0.056799420640435416,0.8333333333333334,0.1804194734519998,-0.11364930304085319,0.40593235482763035,0.07240973317485278,0.056799420640435416,0.02070726993102534,0.785298659241291,0.037611843954935234,-0.06640339757861258,0.06640339757861258,0.1743557081839866,6222899157.69261,0.04307635799835463,0.07167928636554376,0.05329741125106402,-0.015610312534417359,0.08690025632644627,0.19563132914330583,0.22139155879218264,2.0,7.0,2.0,1.0,1.0,63.0,126.0,0.9495265151515151,0.20739718483900438,0.7551064538740999,0.7444882256184908,0.7551064538740999,0.9849056603773585,0.30813118363792025,0.43483282678561663,1,1,1,1,1,0
recent_month_top_future_return,2025-11-30,RKLB,42.13999938964844,0.32332978757777564,0.5447213463699583,1.0939416258131467,1.1701812801578613,1.056612975127857,0.9339145304771366,0.5729749141301566,-0.6552919640000149,-0.39489275448897065,0.8141096234883958,-0.9470314195232767,0.33519967283881535,0.3773435849868507,-0.7058967101650375,0.7537188288650718,-0.391655818798622,0.391655818798622,0.07409116291557316,0.7180266035728743,-0.6454352174514713,-0.6925646051585388,0.1780821596411859,0.32993827552661525,0.2837572709334042,-0.1619100747733926,-0.3373650823000077,-0.08231704986985833,0.2229133413004947,-0.08231704986985833,0.5729749141301566,0.05836237831098612,0.013477502782493822,-0.13292179603488097,-0.014197503052935101,-0.21982205236132724,-0.13292179603488097,-0.16541624444245664,0.7601971613113683,1.0143690640803458,1.057040921895047,-0.5924252174604667,-0.7272911843079037,0.03622811825086026,-0.391655818798622,0.391655818798622,0.6584021897953769,1049003790.3371522,1.1257824772898335,0.4603174603174603,0.15873015873015872,0.09523809523809523,0.07269555446982381,0.4139597335151351,-0.3008517563523496,-0.08780767421570579,-0.2294935467402318,0.974143169123525,0.31454810567356395,0.25892098119497875,-0.12043415729785989,-0.24775065072627744,-0.5073157940739446,0.8035595082145665,0.9596308364881468,0.03886442488164906,-0.34770740504286035,-0.391655818798622,0.391655818798622,0.06737588344109269,0.49206349206349204,0.07936507936507936,1180950085.7721844,20.889585109739453,0.47619047619047616,0.12698412698412698,0.14285714285714285,0.0744142097075425,-0.21245176923439257,-0.352962998827705,-0.42911413988706276,-0.3308987028272673,0.6666666666666666,0.10779520364609453,-0.3308987028272673,0.33519967283881535,-0.31528839029284994,-0.3308987028272673,-0.12306076762297291,0.7711204830359483,0.038030285799979746,-0.3308987028272673,0.3308987028272673,0.06737588344109269,869544697.8600457,-0.006483564374718753,0.08779748703290007,0.0061121134107942066,-0.015610312534417359,0.08690025632644627,0.19563132914330583,0.22139155879218264,1.0,4.0,1.0,0.0,1.0,63.0,126.0,0.9356060606060607,0.6554343414007453,0.9000949419684419,0.6397721754854913,0.9000949419684419,0.9924528301886792,0.30813118363792025,0.43483282678561663,1,1,1,1,1,0
recent_month_top_future_return,2025-11-30,SNDK,223.27999877929688,,,0.8111565375797212,0.7797057954091484,3.765848581673527,5.953596840085898,4.9241179865968405,-0.72188107362207,-1.0006338346246793,0.3921465410593121,2.8632373656442605,0.20323693623018224,4.7284866574535345,-1.6687340798932677,5.298290550653745,-0.21130344766698994,0.21130344766698994,0.5202485294645585,1.8075603608164836,2.1616603595080415,12.454078612313152,3.9234841519721613,0.5164112471690272,-0.053583249987592674,0.9723867415716958,-0.21130344766698994,4.2022369129747705,4.349946350514591,3.9234841519721613,4.9241179865968405,0.22250707034437145,0.6563975735476977,3.255383906703573,1.1383646719636702,3.1684836503771265,3.255383906703573,2.6882680497230176,0.9293786249584337,1.4887825901805805,1.3029776368444042,0.9315242677763811,1.1636017267326522,0.04176396128079198,-0.21130344766698994,0.21130344766698994,4.981247999659916,987049375.2037684,1.8761934676032115,0.4603174603174603,0.1746031746031746,0.0873015873015873,0.0664492227955851,1.9650959945901976,-0.1866900264286162,0.5918837185095183,0.28517272526421844,2.7411143125713453,0.7765597794356938,0.45634258182132514,0.990017868559264,0.5847465830653806,0.26494338075261026,1.2109595644820417,1.1426002627229774,0.06107957671500893,0.3995849438008916,-0.21130344766698994,0.21130344766698994,3.372038380919074,0.1746031746031746,0.9841269841269841,1851895589.9591415,21.339475595209237,0.6507936507936508,0.2698412698412698,0.15873015873015872,0.08799508416501069,0.060952824349860046,0.19399948241001796,0.08683780361999117,0.12015249449774945,0.8333333333333334,0.4012062837473458,-0.053583249987592674,1.1383646719636702,0.1357628070321668,0.12015249449774945,-0.034197584427035244,1.3836427165240832,0.06676043195552146,-0.21130344766698994,0.21130344766698994,0.14755609998635433,3654000009.686207,-0.026228348514561906,0.13577220713909752,0.02794529787711819,-0.015610312534417359,0.08690025632644627,0.19563132914330583,0.22139155879218264,1.0,3.0,1.0,1.0,0.0,63.0,126.0,0.9673295454545456,0.06314943649499427,1.5808402147547462,1.8455750126530135,1.8455750126530135,1.0,0.30813118363792025,0.43483282678561663,1,1,1,1,1,1
recent_month_top_future_return,2025-11-30,TER,181.74534606933597,0.43935515838578443,0.6607467171779671,1.0504697347958802,1.1144608826733853,0.6610948248372726,1.4590737375501641,1.318201369566538,-0.6221145464658284,-0.2918379265294244,0.5043259252281442,0.03669741997210685,0.14402052481366212,1.1225700404232322,-0.7771780243662869,2.2276369387022283,-0.029652596806932663,0.029652596806932663,0.15836516246474996,0.8627137094192227,-0.5430178206251826,-0.2957797932429176,1.0263634430371136,0.3112551284616295,0.19472860436036354,0.38875610899105695,-0.026533245958992313,0.6960868231007096,1.013550545234787,0.6960868231007096,1.318201369566538,0.1006237046203271,0.18716231305352027,0.5410233452002511,0.1652441481420337,0.4541230888738048,0.5410233452002511,0.808148285430325,0.5917487480408242,0.9779981964847541,1.1313255664593842,-0.5865418502202644,-0.585933414594923,0.02387057161492284,-0.029652596806932663,0.029652596806932663,1.2922457367270357,466003757.4307881,1.1816997095157562,0.20634920634920634,0.07936507936507936,0.031746031746031744,0.036664485499448375,0.4528388370437978,-0.029652596806932663,0.18657777967480027,0.1762899556746016,1.514660361446377,0.32054638071574515,0.10557966511145171,0.3224896667856194,0.21385411777961516,-0.40290104017558925,0.6694604875789169,0.8644710466020087,0.027837298847233974,0.1551935445723065,-0.029652596806932663,0.029652596806932663,0.6217700385057381,0.25396825396825395,0.8571428571428571,550676504.7892132,20.12665809087342,0.2698412698412698,0.07936507936507936,0.06349206349206349,0.04176718197851489,0.09728136226224438,0.13137324738713563,0.0025427734992624056,0.0014715772942568428,1.0,0.15443915665773142,0.0014715772942568428,0.32054638071574515,0.0170818898286742,0.0014715772942568428,0.04459042636640076,0.5787292083560373,0.028575803795717256,-0.029652596806932663,0.029652596806932663,0.16759121231200935,630254471.0508801,0.08375148763913143,0.04891122472852556,0.06530398370852342,-0.015610312534417359,0.08690025632644627,0.19563132914330583,0.22139155879218264,2.0,7.0,2.0,1.0,1.0,63.0,126.0,0.8307765151515152,0.06415958272712885,0.32525141125374346,0.7602056207010355,0.7602056207010355,0.9867924528301887,0.30813118363792025,0.43483282678561663,1,1,1,1,1,0
recent_month_top_future_return,2025-11-30,TPL,286.7957458496094,-0.6783842636283373,-0.4569927048361546,0.9943976202280614,1.0241142047026615,-0.39214132904279486,-0.3273028602138809,-0.22172717230274097,0.11600173372369549,0.041286222932716,-0.1608639960858298,0.0883332311883479,-0.05037614178133998,-0.4173585014460468,0.14919640740525908,-0.579789436090763,-0.46913551723643165,0.46913551723643165,-0.029643938166988737,0.7214528210378833,-0.5735707591377694,-0.6044999981521596,-0.18044094937002497,0.05879818872452627,-0.08354873773023419,-0.07358106546562115,0.016396746894585035,-0.10572543857904548,-0.16929785341727047,-0.22172717230274097,-0.10572543857904548,-0.035790592749843975,0.00917743494317036,-0.07253076489748189,0.0018886467234835447,-0.15943102122392816,-0.07253076489748189,-0.173561443449705,0.3824270648974548,1.3391201789846352,1.0927489146750284,-0.7277079593058049,-0.7505360683774628,0.017466852893121637,-0.23135919542086614,0.23135919542086614,0.012802555122471526,135242893.60736665,0.8879299457012095,0.19047619047619047,0.015873015873015872,0.023809523809523808,0.03421739228943557,0.36693548387096775,-0.12202501191577186,0.005980908068785151,-0.07253710807184643,1.100542092484019,0.010432348426469451,0.040598950415349194,-0.07427912459567476,0.005303255759761205,-0.5921720944129071,0.4178967601090504,1.2254600860279736,0.019286384551833614,-0.026541751827148685,-0.15485252425329088,0.15485252425329088,0.0015993235221738455,0.14285714285714285,0.015873015873015872,120086215.17726353,18.603720510915505,0.20634920634920634,0.031746031746031744,0.015873015873015872,0.03509617545633844,-0.07458935144526357,-0.05832043637056017,-0.16370683696533933,-0.08383685771151728,0.3333333333333333,-0.04020522247049707,-0.08383685771151728,0.010432348426469451,-0.06822654517709992,-0.08383685771151728,-0.0769622996640742,0.5121157995940484,0.02230412828500174,-0.15485252425329088,0.15485252425329088,0.0015993235221738455,126595348.21036203,-0.04543901115049076,0.04212622661098928,-0.009922579099803985,-0.015610312534417359,0.08690025632644627,0.19563132914330583,0.22139155879218264,1.0,3.0,1.0,1.0,0.0,63.0,126.0,0.5348484848484849,-0.001194012634762709,0.21141983010139787,0.8232156874596113,0.8232156874596113,0.9905660377358491,0.30813118363792025,0.43483282678561663,1,1,1,1,1,0
recent_month_top_future_return,2025-11-30,WDC,163.07818603515625,1.7480594014699349,1.9694509602621175,1.1359077055931857,1.0777295131610674,2.3481467465230934,2.7351757534750702,2.1779788425993107,-1.0999496887277234,-0.6225775211539726,0.5613907172915482,0.4739607212721202,0.24363199468091445,1.982347513456005,-1.1426274040356423,4.242062747315641,-0.0625071984150285,0.0625071984150285,0.23012230513983023,1.152794829366708,-0.35414834945248186,0.31453508604061065,1.5554013214453382,0.5515699221241888,0.22972351792291068,0.5215226386077856,-0.04178552379197209,1.0780291538715874,1.603803105972079,1.0780291538715874,2.1779788425993107,0.02096822912215912,0.26448012087479467,1.0353514385636684,0.49613849503288177,0.9484511822372221,1.0353514385636684,1.5743606316962393,0.5134244758584786,1.4635376689129544,1.280875744204027,-0.8395175745659115,-0.8255003300984366,0.024031023951636154,-0.0625071984150285,0.0625071984150285,2.1390077776226835,850729036.3574649,1.4742216850627266,0.25396825396825395,0.09523809523809523,0.023809523809523808,0.039832779969958196,0.2681306100778152,-0.0625071984150285,0.2270194955259126,0.203213650913165,1.9427051539040234,0.251124362065938,0.16436062000211418,0.36040309458044906,0.2694705612859407,-0.7395826898750326,0.6576329576077913,1.1426070604705212,0.033032230013090046,0.21389629772856233,-0.0625071984150285,0.0625071984150285,0.9963390616554955,0.20634920634920634,0.9841269841269841,1254163193.5106914,20.949734409853004,0.4126984126984127,0.1746031746031746,0.047619047619047616,0.0531800020578045,0.10748468589323101,0.18280571413069602,0.1162397574306058,0.08734442060904568,1.0,0.22148850323897495,0.02096822912215912,0.49613849503288177,0.10295473314346304,0.08734442060904568,0.03751317976427915,0.7514160605607733,0.03848735244981765,-0.0625071984150285,0.0625071984150285,0.18243683625137752,1520675910.1657686,0.06477433352648565,0.06806989931058449,0.06528824892536123,-0.015610312534417359,0.08690025632644627,0.19563132914330583,0.22139155879218264,1.0,3.0,1.0,1.0,0.0,63.0,126.0,0.906060606060606,0.05558394803944644,0.5332835804695808,0.7138608384455398,0.7138608384455398,0.9830188679245283,0.30813118363792025,0.43483282678561663,1,1,1,1,1,0
recent_month_non_top10_control,2025-12-31,A,135.25787353515625,-0.1885154056161873,0.019210004338184206,1.169139274283061,1.1778358118693146,0.17046209515416622,0.22078630710165803,0.15778649313962378,-0.0727694426286285,0.029769109097454116,0.09209879610193683,-0.0319506691447895,-0.025067549714199555,0.04145239643497978,-0.09763836618247645,0.5473891761996927,-0.13441461280886235,0.13441461280886235,0.03936461346871645,0.6332627279218473,-0.6070970677033789,-0.5834646922497664,0.1875556022370779,0.052750586453327544,0.09450409251890712,-0.0014013378895307849,-0.13330967277476669,0.08501705051099528,0.14345304862923233,0.08501705051099528,0.1875556022370779,0.02345797056230925,0.01766547914805372,0.06014812695714733,0.1403193578637687,0.0356109119276351,0.06014812695714733,0.2720485160359039,0.28825285555529834,0.5875101984593522,0.7670119462776819,-0.3797336119091147,-0.45016512106236917,0.013186853038488518,-0.13441461280886235,0.13441461280886235,0.21691589784521326,236696036.52545384,1.1265587751282724,0.06349206349206349,0.015873015873015872,0.007936507936507936,0.023410843611163426,0.5424748272645945,-0.11087780614912812,-0.026190572235385456,-0.060263972376625174,0.6354048330446965,0.04878390795459775,0.08982615024450433,-0.07030594574559457,-0.05475287604304013,-0.2818988107236444,0.22109338375956888,0.7659726830990653,0.010687548615469899,-0.08133714254079061,-0.13441461280886235,0.13441461280886235,0.0,0.38095238095238093,0.0,266651996.9858321,19.401454987897992,0.031746031746031744,0.0,0.0,0.02276339720601532,-0.05289887906113111,-0.1046346526927232,-0.6705014455412741,-0.11355042044118369,0.6666666666666666,0.02807455979069993,-0.11355042044118369,0.1403193578637687,-0.10685105509186865,-0.11355042044118369,-0.030829975204123117,0.1693514923737683,0.008779601302269761,-0.08836913878607122,0.08836913878607122,0.0,282139765.33486503,-0.011126232716203388,0.015155019278113007,-0.011593168070105908,-0.006699365349315034,0.024537215029512227,0.11633409670464401,0.2077254099543715,1.0,3.0,1.0,1.0,0.0,63.0,126.0,0.5224866815604056,-0.01455710911006669,-0.10636494191280488,-0.1589310895664161,-0.01455710911006669,0.2169811320754717,0.3181975339165758,0.44507002524034045,0,0,0,0,0,0
recent_month_non_top10_control,2025-12-31,AAPL,271.3558349609375,-0.11719928110046185,0.09052612885390965,1.060057177860667,1.0612458377837142,0.2280628724622431,0.3563971086025268,0.3278371828512878,-0.15559833784257093,-0.015352949052891196,0.2424768845616505,-0.1737751651572268,0.011697625508581444,0.21150308614664382,-0.2591354634468641,1.5400178320787992,-0.05007166831027843,0.05007166831027843,0.05598835307214278,0.7325070377590147,-0.2761143954403079,-0.22638220975494627,0.3124842337983966,0.08574703577069,0.11963891948030181,0.05764843204585901,-0.041351274561449713,0.1722388450087169,0.27085342055280043,0.1722388450087169,0.3278371828512878,0.0968812192629327,0.03561366816730094,0.06870171940442371,0.06181520766834603,0.044164504374911484,0.06870171940442371,0.39199513282676285,0.21287882258399274,0.4971360386133845,0.8232930934289061,0.3554897792963707,0.3215113257679716,0.009206297016375249,-0.05007166831027843,0.05007166831027843,0.34614268392915304,12297609176.230804,0.9863234759710477,0.07142857142857142,0.007936507936507936,0.0,0.018186900144538744,0.5619486001865366,-0.05007166831027843,0.020496493251767944,-0.002677148888913905,0.7920143573761197,0.03236417355566945,0.05403523067156681,0.00648560284910582,0.01215903316161171,-0.38710278652926766,0.17526166437067867,0.603838466010785,0.007733394381036329,-0.002432697282177876,-0.05007166831027843,0.05007166831027843,0.10948557921344437,0.31746031746031744,0.8888888888888888,12129420628.83342,23.21889979535139,0.031746031746031744,0.0,0.0,0.01787011444979883,-0.01282658091380584,-0.01901769221183669,-0.2368643248527982,-0.025067288626873463,0.8333333333333334,0.04955497614149299,-0.025067288626873463,0.11963891948030181,-0.01836792327755843,-0.025067288626873463,-0.013113856401601454,0.10582973456408765,0.005516212061894153,-0.05007166831027843,0.05007166831027843,0.003284447061661533,11521623390.639677,-0.00305841434386922,0.013896313650340811,-0.004839291367797927,-0.006699365349315034,0.024537215029512227,0.11633409670464401,0.2077254099543715,2.0,8.0,2.0,1.0,1.0,63.0,126.0,0.6299267485822306,-0.045538085253494565,-0.02734050789335063,-0.0655945125997155,-0.02734050789335063,0.1811320754716981,0.3181975339165758,0.44507002524034045,0,0,0,0,0,0
recent_month_non_top10_control,2025-12-31,ABBV,223.2125244140625,0.12305306845867814,0.33077847841304964,1.0032919951952188,1.007031226644811,0.11812763333283116,0.24724581529588296,0.25053833107919177,-0.15673023742079284,-0.03300996479268958,0.25816083757126473,-0.26421928913361614,0.02711227574382602,0.13420423437454776,-0.2565967826415432,1.097882021804992,-0.05828128817284395,0.05828128817284395,0.03564184828936523,0.6468864483072263,-0.6520305203922807,-0.6541386766296606,0.21752836628650218,0.08262438195105698,0.1131096701015466,0.030160477569932675,-0.032969311086150865,0.09380809365839893,0.18729159700803097,0.09380809365839893,0.25053833107919177,0.10047526977590193,-0.0014936950899766543,-0.006058451562351408,-0.05151647460438913,-0.030595666591863635,-0.006058451562351408,-0.026812292813996483,0.22820150626684813,0.7435572127362862,0.9901686678080254,0.2038334086458804,0.20801011297434946,0.01024559498455085,-0.05828128817284395,0.05828128817284395,0.24499436884846792,1162023485.3386893,1.082243345139622,0.05555555555555555,0.007936507936507936,0.0,0.019570294574584635,0.473875738987146,0.02856797683176493,0.0036426851758579737,0.007911042014414393,0.8011482397662254,0.04430384008736166,0.0614737254742258,0.04792705600561398,0.00032209670433736015,-0.42494213865138086,0.22595798145202975,0.7509399528691688,0.010059159383053516,-0.012433439221934184,-0.032969311086150865,0.032969311086150865,0.07798643892886514,0.4126984126984127,0.6349206349206349,1257592183.9037457,20.95246476532581,0.047619047619047616,0.0,0.0,0.01974418239792353,0.003177252994177815,0.0062709145911419295,0.02044722816832526,0.0034695035861873613,0.8333333333333334,0.03949234744840574,-0.05151647460438913,0.1131096701015466,0.010168868935502395,0.0034695035861873613,0.00782256195803921,0.16968087594199974,0.008083150106696853,-0.010180250788471623,0.010180250788471623,0.025446515882779686,1123932899.6589298,0.002329377037588287,0.015371107053763098,-0.005648688306750915,-0.006699365349315034,0.024537215029512227,0.11633409670464401,0.2077254099543715,1.0,3.0,1.0,1.0,0.0,63.0,126.0,0.6007405696855129,-0.016130820641631627,0.023883997053414152,-0.04048376670784659,0.023883997053414152,0.30943396226415093,0.3181975339165758,0.44507002524034045,0,0,0,0,0,0
recent_month_non_top10_control,2025-12-31,ABNB,135.72000122070312,-0.17492731667011951,0.03279809328425198,0.968175358535686,0.9976455398425236,0.1361125252037938,0.05209303271862886,0.02554031265183565,0.014220680912422567,-0.0005422198563669323,-0.08251472322142395,0.20028776940332704,0.0005289959661174404,-0.09079378405280836,0.09223273353006745,0.09964883683149918,-0.15921197645748997,0.15921197645748997,-0.0075206311918661894,0.5737578618554678,-0.4134566412009114,-0.34437764311737773,0.024998092795468718,0.008371230565600891,-0.014198359873246358,0.08909700191592407,0.13691063854316354,0.03976099356425822,0.03009979967052086,0.024998092795468718,0.03976099356425822,-0.06979239022100159,0.02820955510175982,0.1177730461819031,0.04216770568105255,0.09323583115239087,0.1177730461819031,0.5045750225707583,0.2563031688470478,0.7423035412850979,0.9106808079230453,-0.13249811679816037,0.006388228027978116,0.011601413255795348,-0.04530108522445642,0.04530108522445642,0.21678321773986742,597330615.6695653,0.9976159685723147,0.05555555555555555,0.0,0.007936507936507936,0.022523309004405884,0.6577982202982203,0.08461134307483276,0.03419072717687399,0.08306015840753878,0.8494331581994772,-0.07547023062006297,0.08702354346206928,0.07254623232778346,0.10100653692052064,-0.19869384765624998,0.23341037687886618,0.8151083615982212,0.010829183219885541,0.17309883762873257,-0.008981349068623357,0.008981349068623357,0.21678321773986742,0.09523809523809523,0.42857142857142855,595906560.7090905,20.205594437083146,0.06349206349206349,0.0,0.0,0.023864339010298635,0.0772996154704011,0.16626815730745625,0.8414990190483526,0.16009918539142132,0.5,0.007222484387380064,-0.07547023062006297,0.16009918539142132,0.16679855074073635,0.16009918539142132,0.03611359057995944,0.19025474987775595,0.009725598603008145,-0.008981349068623357,0.008981349068623357,0.14531646599749481,566459651.6148158,-0.0015742929446582732,0.018117675708237385,-0.0062239144204616625,-0.006699365349315034,0.024537215029512227,0.11633409670464401,0.2077254099543715,1.0,3.0,1.0,1.0,0.0,63.0,126.0,0.504263690783067,-0.04678754823461484,-0.0044945520547086115,-0.06955498346964528,-0.0044945520547086115,0.24339622641509434,0.3181975339165758,0.44507002524034045,0,0,0,0,0,0
recent_month_non_top10_control,2025-12-31,ABT,123.00405883789062,-0.07905378010831288,0.12867162984605862,0.9203098401404629,0.923883333313489,-0.042611265109893326,-0.053660424059338685,-0.0705680271104896,0.019212202315356364,0.06785108073973134,-0.010798953287165292,-0.049622610177551985,-0.06803593071476799,-0.1869021238151336,0.010146463645772319,-0.33780429826916863,-0.09429752615811626,0.09429752615811626,-0.004357734800990221,0.5975062589089327,-0.581192045952005,-0.6064970773270444,-0.0027169463707582553,0.03497289038130548,0.05127199396324866,-0.028386679609226584,-0.04534274305763919,-0.05135582479513323,-0.041546932758793696,-0.0705680271104896,-0.0027169463707582553,0.009648730023024132,-0.02378438688503448,-0.060421563464717276,-0.07294536123304785,-0.0849587784942295,-0.060421563464717276,-0.332757765130109,0.2089020994465254,0.8253890471816392,0.8692024772789613,0.22729746540195928,0.19292565164901077,0.00884118793371722,-0.07885259402282163,0.07885259402282163,0.04428796263298285,786569399.9618833,0.987247175390274,0.015873015873015872,0.0,0.007936507936507936,0.018716654674204344,0.6020021610627344,-0.012647482161856627,-0.009819709332996696,-0.006510056842118583,0.8202078389518751,0.04271151514160931,0.05397881324350447,0.01350923370060264,-0.01883738167196536,-0.25857183116232463,0.1815782223476958,0.9495935282714794,0.008871265077174957,-0.02082959886307112,-0.06495901972110674,0.06495901972110674,0.033319688099042066,0.9682539682539683,0.23809523809523808,776538418.3607919,20.470356676934696,0.015873015873015872,0.0,0.0,0.018521449973614674,-0.0038639349930896794,-0.02403657885813759,-0.16242433837738668,-0.02800609853919256,0.5,-0.010892525226521047,-0.07294536123304785,0.05127199396324866,-0.021306733189877525,-0.02800609853919256,0.0031065097616131965,0.17242550481641164,0.008012797273608348,-0.024752789976475897,0.024752789976475897,0.033319688099042066,701265410.1173401,0.00047121295899854587,0.01583183447305386,0.0018552082509322165,-0.006699365349315034,0.024537215029512227,0.11633409670464401,0.2077254099543715,1.0,3.0,1.0,1.0,0.0,63.0,126.0,0.3943776135647591,-0.12320494953973316,-0.06665048626791525,-0.17639024690387062,-0.06665048626791525,0.1169811320754717,0.3181975339165758,0.44507002524034045,0,0,0,0,0,0
recent_month_non_top10_control,2025-12-31,ACGL,95.91999816894533,-0.16906813054115477,0.03865727941321673,1.0906967786257673,1.0869465850826794,-0.002703286914176317,0.009259230270842744,0.053487039582186036,-0.005524628916870666,0.06108420013506377,-0.0035145489741752467,0.06071717897512641,-0.05480511066350491,-0.06284705712245797,0.0037155904187651245,0.270152125495623,-0.012355895219318791,0.012355895219318791,0.01505177265382307,0.7080219946691997,-0.32763218923933213,-0.28917098213584,0.1145712397172498,0.036965157329751024,0.06356032275017065,0.052039292456656394,0.017684702718363088,0.04796241066531537,0.07200689665491707,0.04796241066531537,0.1145712397172498,-0.008740253829701006,0.020328654079379893,0.05720263000095116,-0.04871603256699386,0.03266541497143893,0.05720263000095116,0.3190642658832309,0.19798859433016983,0.6558024377508552,0.9055191872244438,0.29200089126559714,0.3195136876125799,0.009683226863831561,-0.012355895219318791,0.012355895219318791,0.13220015093089077,203453664.50387257,0.9882000201754784,0.023809523809523808,0.0,0.0,0.018014526337911656,0.6684599348659372,-0.007271113978060129,0.04931154335518473,0.04521717328934316,0.7750830840444021,0.08817055759021808,0.058489810325465075,0.11134284419168927,0.03961580261994335,-0.19524888971132504,0.1792824710175655,0.7242280969892985,0.00840978496789604,0.040728184988837235,-0.012355895219318791,0.012355895219318791,0.13220015093089077,0.09523809523809523,0.6984126984126984,201052915.36750188,19.119078696885026,0.031746031746031744,0.0,0.0,0.01728586259989035,0.01999147185566752,0.030426308565787652,0.16400561657718893,0.021294719324870037,0.5,0.010127367100843165,-0.05480511066350491,0.08817055759021808,0.02799408467418507,0.021294719324870037,0.012786516101863876,0.12984140280859052,0.006244179097385082,-0.012355895219318791,0.012355895219318791,0.05476133267917782,217429847.94405982,-0.004834746662323863,0.013262555691320068,-0.0034078934205745703,-0.006699365349315034,0.024537215029512227,0.11633409670464401,0.2077254099543715,1.0,3.0,1.0,1.0,0.0,63.0,126.0,0.21110729220370053,0.0012510711934194951,0.04409928521352979,0.0007297716447085545,0.04409928521352979,0.37735849056603776,0.3181975339165758,0.44507002524034045,0,0,0,0,0,0
recent_month_non_top10_control,2025-12-31,ACN,262.88287353515625,-0.4341657587310068,-0.22644034877663533,1.0710595575364528,1.085104507106318,-0.1315892222512225,-0.14891157080260897,-0.09785603580531321,0.12989816023772371,0.10234865610479249,-0.17082100726112004,0.25881765466145357,-0.1018908989836862,-0.21419013250995722,0.18585268320564674,-0.3678032219596978,-0.3195757902629107,0.3195757902629107,-0.0005632845344499815,0.6063922170891598,-0.7799562812276946,-0.7605931716942298,0.0044926202994792774,0.06844432605845038,-0.02669416633364896,0.06639501776609502,0.16368924557604647,0.0320421244324105,-0.02044043035780781,-0.09785603580531321,0.0320421244324105,-0.05142894796746034,0.04682469843435255,0.08799664740033353,0.0141930382025095,0.0634594323708213,0.08799664740033353,0.33715209147204034,0.2660554067034134,0.7747052197546114,0.9809981291470761,0.3208810336747674,0.4175694293337249,0.012745560764517262,-0.11529028544807618,0.11529028544807618,0.15368067988595713,1084043921.2439036,0.891448258201587,0.07936507936507936,0.0,0.0,0.023732683777912218,0.4957120364476902,0.0009297521496662853,0.06619436148090352,0.044865651780088944,0.8490491653160401,-0.0003998849038839847,0.059761112967761286,0.0727707708668841,0.10128439794415622,-0.19078542620821648,0.26099985622551297,0.7897112101815882,0.012391109613092373,0.09943242513261885,-0.023155937572398755,0.023155937572398755,0.14648309228959278,0.1746031746031746,0.8253968253968254,966369065.4068962,20.6890563755337,0.07936507936507936,0.0,0.0,0.02371169111383081,0.019295482334717784,0.0821869160650972,0.35514203485129886,0.07319992731666747,0.3333333333333333,-0.015503488778250418,-0.1018908989836862,0.07319992731666747,0.0798992926659825,0.07319992731666747,-0.008822047658397447,0.20611451231707037,0.009051460623141152,-0.023155937572398755,0.023155937572398755,0.027890452886418116,1040989432.7074324,-0.009268575882104724,0.019793959707242334,-0.00681870699395537,-0.006699365349315034,0.024537215029512227,0.11633409670464401,0.2077254099543715,1.0,3.0,1.0,1.0,0.0,63.0,126.0,0.5772061350747552,-0.017368407733047486,-0.2220647873857723,-0.26093921556472344,-0.017368407733047486,0.20566037735849058,0.3181975339165758,0.44507002524034045,0,0,0,0,0,0
recent_month_non_top10_control,2025-12-31,ADBE,349.989990234375,-0.4206650609416497,-0.21293965098727818,1.0510138181522648,1.0764368781269518,-0.08745080867643562,-0.15683347389206426,-0.09535260076211904,0.07654121376176848,0.07382554617721326,-0.08821858057293663,0.08039431475968362,-0.07544975721929081,-0.21168669746676305,0.08752833494886603,-0.3683228362217309,-0.24588998021824893,0.24588998021824893,-0.007487589907661518,0.6834478448189577,-0.605238121887067,-0.6083268437543616,-0.02152705458490578,0.04342837690366056,-0.0027677324711841145,0.013999065581907999,0.04958797460038267,-0.018811387000350566,-0.04523034744912513,-0.09535260076211904,-0.018811387000350566,-0.011073765270124603,0.00023680913675416804,-0.007824265813253017,-0.0352657758792525,-0.032361480842765245,-0.007824265813253017,-0.02857308266175545,0.25888321707187506,0.9796102138454567,1.0577489474865385,0.1742314948396404,0.2837574208711291,0.012208736029226213,-0.08437107791946497,0.08437107791946497,0.12032649510981197,1407220032.2457693,0.9305340226147514,0.05555555555555555,0.007936507936507936,0.007936507936507936,0.02375559915744867,0.6287329969447732,0.1012406182930291,0.014602143700934711,0.030614821182253005,0.9471961622858447,-0.059298853458769285,0.05985921975455907,0.02844463208611625,0.06791638287352098,-0.17355307349839877,0.2738334503797049,0.92612733501011,0.012049027487989883,0.10480734224528065,-0.027562483195236465,0.027562483195236465,0.12032649510981197,0.6984126984126984,0.42857142857142855,1309466117.3097157,20.992885347816113,0.07936507936507936,0.015873015873015872,0.015873015873015872,0.024348247798535085,0.032041348274911785,0.102365556103446,0.3677951581358365,0.09327456001037171,0.16666666666666666,-0.015096887381374935,-0.07544975721929081,0.09327456001037171,0.09997392535968674,0.09327456001037171,0.0038491232748028015,0.2536046436367793,0.010959943788002347,-0.0210891633447976,0.0210891633447976,0.08419811307376812,1507909132.2753906,-0.010970096210935476,0.024137422765897424,-0.007086795154575221,-0.006699365349315034,0.024537215029512227,0.11633409670464401,0.2077254099543715,2.0,8.0,2.0,1.0,1.0,63.0,126.0,0.6370044967634759,-0.16211889430431536,-0.2502356896367711,-0.30546584584241043,-0.16211889430431536,0.033962264150943396,0.3181975339165758,0.44507002524034045,0,0,0,0,0,0
recent_month_non_top10_control,2025-12-31,ADI,269.614990234375,0.08980093529339461,0.2975263452477661,1.05381934641999,1.064122038443436,0.36102657190607235,0.2827286221491039,0.14794652921920437,-0.06070676209092829,0.06842806828819503,0.03634879537159508,0.07133477057262416,-0.056255752486461086,0.03161243251456036,-0.04026296327498513,0.5494906257891763,-0.043014987675279004,0.043014987675279004,0.041530376593740925,0.5773334611094912,-0.28586809155435045,-0.2089678210983722,0.2163745975073994,0.06460587680990974,0.1187730933722253,0.09289364400013045,-0.007971076395542509,0.08723976712827608,0.1505202979516266,0.08723976712827608,0.2163745975073994,-0.018456352919271057,0.06391054559444709,0.10768356594421924,-0.04708995196576271,0.08314635091470701,0.10768356594421924,0.35178483121321197,0.26924304487765216,0.7380226099694269,1.1369145550665518,-0.30845271653087225,-0.2906835640106449,0.012302356384602055,-0.043014987675279004,0.043014987675279004,0.23814681819631045,853045650.532774,1.0658614714941925,0.0873015873015873,0.015873015873015872,0.007936507936507936,0.022590470941688454,0.5800391896487507,-0.043014987675279004,0.1207424604912053,0.06670541545617015,0.7368352586259194,0.13330201873875858,0.0827105558908306,0.16242196021467592,0.16566185230355024,-0.24100470425360587,0.30610633657183955,0.649145185696233,0.014903959470684078,0.13481361677478176,-0.043014987675279004,0.043014987675279004,0.20851627177179166,0.20634920634920634,0.42857142857142855,909228492.3285832,20.628106988352382,0.12698412698412698,0.015873015873015872,0.015873015873015872,0.02462608464727468,0.016156908696472794,0.07783390347739494,0.12930957224287112,0.025694775968302608,0.5,0.025994638451298607,-0.056255752486461086,0.13330201873875858,0.03239414131761764,0.025694775968302608,-0.02117445473377899,0.19870745469672038,0.009735027326493995,-0.043014987675279004,0.043014987675279004,0.0005902917617830461,941705746.7421758,-0.01345941646382176,0.016495464926021573,-0.014570633920596987,-0.006699365349315034,0.024537215029512227,0.11633409670464401,0.2077254099543715,1.0,3.0,1.0,1.0,0.0,63.0,126.0,0.6838436945065017,0.14631267187821173,0.31190999988228296,0.1767556592471724,0.31190999988228296,0.8962264150943396,0.3181975339165758,0.44507002524034045,0,0,0,0,0,0
recent_month_non_top10_control,2025-12-31,ADM,56.68618392944336,-0.02535713471962353,0.18236827523474797,0.97274120960247,0.9831809698528945,0.23041924336709574,0.2113488168109121,0.107840318892239,-0.1823219160466638,-0.028626364413454786,0.14157806270937034,-0.17113166479686992,0.026525198543490003,-0.008493777812405012,-0.13739392097973857,0.42812960976462916,-0.09711144427786111,0.09711144427786111,0.015624622910443087,0.5778280639583289,-0.5084426026719446,-0.5229698943957448,0.07921395447878421,0.09805021876764228,0.16606428479505175,-0.03986544180741458,-0.015672484574663637,-0.07448159715442482,0.037524225405532796,-0.07448159715442482,0.107840318892239,-0.04629621498268077,-0.015882928580002953,-0.029553602087499575,0.013223917585666323,-0.0540908171170118,-0.029553602087499575,-0.11208306300899563,0.25188708380045444,0.7767773942960238,1.0468019726122897,0.39454290226355493,0.3199254368545501,0.011504092928139191,-0.09711144427786111,0.09711144427786111,0.09211447696629138,194774474.56732553,0.9731203433322209,0.05555555555555555,0.007936507936507936,0.007936507936507936,0.024399114591833214,0.56946492867507,-0.05171012767056549,-0.007963757138921501,-0.025106277174110514,0.6988373492754619,0.011925641120999586,0.079102699395426,-0.042219216237115,0.0022686993928415777,-0.29530945203050185,0.26367589619787285,0.7420480803619228,0.011443078717248208,-0.023025220057559248,-0.08528770735840852,0.08528770735840852,0.035258345321986795,0.8412698412698413,0.5555555555555556,189539003.56330875,19.060105390137032,0.07936507936507936,0.0,0.015873015873015872,0.0259551257655964,-0.023502263745318053,-0.035281185944026294,-0.27346776207419915,-0.05350675500043023,0.6666666666666666,0.019656012010349444,-0.05350675500043023,0.16606428479505175,-0.046807389651115194,-0.05350675500043023,-0.01767632134791819,0.19566019261134118,0.008246317654451966,-0.04675841128272873,0.04675841128272873,0.00034803628436463896,148797294.27751812,-0.00877598159203219,0.018562230085158803,-0.007321161440833834,-0.006699365349315034,0.024537215029512227,0.11633409670464401,0.2077254099543715,1.0,3.0,1.0,1.0,0.0,63.0,126.0,0.39370184596436963,0.1708121626038539,0.2099560543401815,0.2739238636379695,0.2739238636379695,0.8735849056603774,0.3181975339165758,0.44507002524034045,0,0,0,0,0,0
recent_month_top_future_return,2025-12-31,APA,23.9002742767334,-0.0923734338774298,0.1153519760769417,1.1574345298537945,1.1888576930039092,0.21226536389649997,0.47388709742870727,0.3707389981000955,-0.30554318019135196,-0.08852818433399512,0.34558703199208174,-0.32689484374263245,0.06904339238410473,0.25440490139545147,-0.3520468098506462,0.8490624004139444,-0.09741696975756242,0.09741696975756242,0.06144894440430404,0.5208185895945794,-0.5211816156448552,-0.5122314522671917,0.28221081376610035,0.1572097234110576,0.20373248956554657,0.04173420089837432,-0.0808111061679927,0.06519581790874351,0.23938187659164645,0.06519581790874351,0.3707389981000955,0.045650325187245766,0.02925482940707913,0.018692188249449293,-0.056689375401399955,-0.005845026780062934,0.018692188249449293,0.041654189501820836,0.4366451722739679,0.8626787533680391,1.0277152356585533,0.2319123641304348,0.2067511757723668,0.020666156306242515,-0.09741696975756242,0.09741696975756242,0.38207390934953245,148813564.4257379,1.0373896365863564,0.20634920634920634,0.05555555555555555,0.015873015873015872,0.03631520626565113,0.5084822993340343,-0.09741696975756242,0.05581241622184807,0.0049136551780206705,0.761022859777352,0.10242824914565829,0.09250657204045494,0.07991170849255047,0.05003020135941805,-0.42445481836095056,0.4487468961227105,0.8394141912426161,0.021190994758067485,-0.002785861067728601,-0.09741696975756242,0.09741696975756242,0.12927058988503548,0.2698412698412698,0.6031746031746031,154377649.51873657,18.854912434551263,0.20634920634920634,0.047619047619047616,0.031746031746031744,0.035671502933090356,-0.02067289676151718,-0.010777109115785999,-0.054221754958933235,-0.0204244953542847,0.6666666666666666,0.057290097587811784,-0.056689375401399955,0.20373248956554657,-0.013725130004969666,-0.0204244953542847,-0.029615365709349084,0.3766845128814793,0.016942055132579424,-0.09741696975756242,0.09741696975756242,0.02729954990462491,126134861.30619049,0.004888880609239754,0.028472178056495177,0.001802114248335096,-0.006699365349315034,0.024537215029512227,0.11633409670464401,0.2077254099543715,1.0,3.0,1.0,1.0,0.0,63.0,126.0,0.6198920919974795,0.08998943149452932,0.2534259458844319,0.7515769961072178,0.7515769961072178,0.9849056603773585,0.3181975339165758,0.44507002524034045,1,1,1,1,1,0
recent_month_top_future_return,2025-12-31,BE,86.88999938964844,2.7044764347721575,2.9122018447265288,1.1482285558692173,1.2479012975097836,3.4196337774176513,3.7043856318296546,2.632525046509564,-1.9912329867509677,-1.308641633617499,2.535535093021919,-2.508102200705541,0.5631270597989677,2.51619094980492,-2.605092154193186,2.395099782762761,-0.3896888222962458,0.3896888222962458,0.18116828005281227,0.9265201338064832,-0.7823513714806893,-0.7763806400917118,1.323883412892065,1.0118862492176706,0.415886587079368,-0.019399842710348447,-0.36998328138524106,0.6412920597585963,1.5325668397200751,0.6412920597585963,2.632525046509564,0.5974688683153357,0.02177835735393896,0.0274328923163778,0.5627291490956186,0.0028956772868655722,0.0274328923163778,0.0227939595714366,1.0991295917838262,0.9882473970128328,1.0949717750984884,-0.32829785141845713,-0.4657250052946692,0.0508890327253133,-0.3896888222962458,0.3896888222962458,2.5845709657628557,1053530420.2708621,1.3899589483303967,0.5476190476190477,0.2222222222222222,0.1349206349206349,0.08530682244237785,0.3866605973697617,-0.15698531460736764,-0.14943007608807413,-0.18729680852086394,0.8672319845537868,-0.17342618918912067,0.3791247023757918,-0.342539369083265,-0.16506595476876795,-0.470570568630997,1.203515880178813,0.9025323021901125,0.0555824202060039,-0.12877412854765824,-0.3896888222962458,0.3896888222962458,0.12888135652357335,0.6349206349206349,0.14285714285714285,1464364034.9937682,21.104686880040827,0.6031746031746031,0.2222222222222222,0.1746031746031746,0.10039052773849148,-0.10704682480092365,-0.10926355020356704,-0.1883567703522394,-0.2045953763381908,0.6666666666666666,0.29353168312699646,-0.2045953763381908,0.5974688683153357,-0.19789601098887577,-0.2045953763381908,-0.09383865606554687,1.0862119580601437,0.05077675301268519,-0.2709347275788272,0.2709347275788272,0.12888135652357335,1074072003.7866502,-0.0061877494932025545,0.09147116397921264,-0.022873477881147797,-0.006699365349315034,0.024537215029512227,0.11633409670464401,0.2077254099543715,1.0,3.0,1.0,0.0,1.0,63.0,126.0,0.9631283296098985,0.7420876531300888,0.7915755468113275,0.559327960005781,0.7915755468113275,0.9886792452830189,0.3181975339165758,0.44507002524034045,1,1,1,1,1,0
recent_month_top_future_return,2025-12-31,DOW,22.873727798461918,-0.5815670812079359,-0.3738416712535644,1.0252828549422324,1.0495334988942917,-0.2935271164252595,-0.13229246332161415,-0.09100424435786003,0.05435482908358591,0.1245037229294852,-0.12154981064263859,0.15632192026802827,-0.12046810425251375,-0.20733834106250404,0.1257763539832497,-0.18009540915056596,-0.40057885695120665,0.40057885695120665,-0.013396175084132378,0.8239078180165041,-0.37782819600938156,-0.35619396983519325,0.03349947857162516,0.06241860269691387,0.07281761692797573,0.018431223041080802,0.15623367149113077,-0.03664941527427412,-0.031384727020169666,-0.09100424435786003,0.03349947857162516,-0.06902150167684751,0.02236195560450338,0.03477210962538968,0.04012206983051447,0.010234894595877453,0.03477210962538968,0.07509292410626524,0.5053112946470354,0.6436658273353458,0.9163745484190051,0.2324129089179614,0.20812621353876004,0.021336348100943966,-0.20743482252635426,0.20743482252635426,0.1533399762819616,315285838.65231407,0.8872883922604277,0.2222222222222222,0.047619047619047616,0.03968253968253968,0.035352075228257056,0.7276955114942918,-0.018538095597674165,0.0188557307753896,0.016974370185977028,0.7159499795160731,0.0148557907038942,0.0716846093627975,-0.005143588777033026,0.049724898896945424,-0.08298457246020019,0.4630544094431999,0.7024047409935644,0.019710373830905327,0.04297084831973952,-0.07783422606693946,0.07783422606693946,0.14902301500834692,0.7142857142857143,0.8888888888888888,279749464.88029236,19.44940499587939,0.19047619047619047,0.047619047619047616,0.031746031746031744,0.03297117894594904,0.012870689148975378,0.002402187751839424,-0.060588852658552,-0.01970662202858986,0.5,-0.01356679174926112,-0.12046810425251375,0.07281761692797573,-0.013007256679274826,-0.01970662202858986,0.0007061731878115207,0.32525161253087875,0.013362205270961927,-0.049207040980417394,0.049207040980417394,0.023642739373933797,250988135.32792956,0.0065437736537772295,0.025296352600531237,0.0026588589550806674,-0.006699365349315034,0.024537215029512227,0.11633409670464401,0.2077254099543715,1.0,3.0,1.0,1.0,0.0,63.0,126.0,0.7164160508678467,0.17835756433167238,0.32993921744408383,0.802537285840782,0.802537285840782,0.9905660377358491,0.3181975339165758,0.44507002524034045,1,1,1,1,1,0
recent_month_top_future_return,2025-12-31,GLW,87.26313018798828,0.6698857764373647,0.8776111863917362,1.0409883118738998,1.0711453998153124,0.9378383994579764,0.7789278967285012,0.6774489846800049,-0.3667121588837621,-0.282492778628157,0.5661644574938329,-0.49510900309778005,0.202510141467235,0.5611148879753609,-0.606393530283952,1.909170544148914,-0.08763168623552042,0.08763168623552042,0.0863895186164727,0.5936090414028444,-0.47081884989603673,-0.4332176428175738,0.3949562060518479,0.19208196230640914,0.06425346308893376,0.08301615304900456,-0.08763168623552042,0.31073682579624284,0.46104733884269855,0.31073682579624284,0.6774489846800049,0.22378054321691643,0.025795597019510064,0.07105545439605288,0.0859441771221996,0.04651823936654065,0.07105545439605288,0.1835792690029961,0.3548394284398536,1.0709593124608403,1.0907919239933577,0.8046008119079837,0.876613258046911,0.01595408986459594,-0.08763168623552042,0.08763168623552042,0.7096325630603173,518378533.39102304,1.0909121744633496,0.11904761904761904,0.007936507936507936,0.015873015873015872,0.026984222233660617,0.6139850094841716,-0.023363552187212866,0.016021818432793822,0.014192879799029168,1.0712107634398658,-0.051557897821191134,0.10361511108998787,-0.013710394180300067,0.055315362061741036,-0.21424138391559489,0.38705598285661125,0.9818181533102018,0.018283000670768136,0.080748451868486,-0.08763168623552042,0.08763168623552042,0.12213239584168267,0.20634920634920634,0.42857142857142855,565505453.056723,20.15323049813658,0.1746031746031746,0.0,0.031746031746031744,0.03205459501887154,0.01458055354266885,0.06822822426941944,0.10500780305475624,0.03990491728904266,0.8333333333333334,0.09413922406052272,-0.051557897821191134,0.22378054321691643,0.0466042826383577,0.03990491728904266,-0.01050415175487962,0.3800185903159432,0.01606062439725989,-0.08763168623552042,0.08763168623552042,0.04799504999936777,522919885.59083486,-0.007874978097833774,0.03083601354602072,-0.015405441346165172,-0.006699365349315034,0.024537215029512227,0.11633409670464401,0.2077254099543715,1.0,3.0,1.0,1.0,0.0,63.0,126.0,0.6824049808099902,0.17919148979699062,0.7206566709387763,0.5557765585600598,0.7206566709387763,0.9830188679245283,0.3181975339165758,0.44507002524034045,1,1,1,1,1,0
recent_month_top_future_return,2025-12-31,LITE,368.5899963378906,3.1828643427187338,3.3905897526731055,1.200047125320424,1.3181662603414175,4.912576121843168,4.0994743021974935,2.8774458847497497,-1.1021277376706915,-0.5290629795279251,0.7116559109269367,0.5536626382024517,0.15800551923223827,2.7611117880451057,-1.6121273356203614,3.759415812297988,-0.06902913761097906,0.06902913761097906,0.31639299608521276,1.026859870488187,-0.0670332241459991,1.1134669430635085,2.3483829052218246,0.551210244745643,0.206486149613478,0.7083820135418823,-0.017775532444023856,1.7753181470790582,2.333715645683544,1.7753181470790582,2.8774458847497497,0.2251337226482668,0.39322816129972393,1.2653185491293883,0.23876829476779493,1.2407813340998761,1.2653185491293883,1.2897209254500086,0.7653970798699377,1.049815178334843,1.2817913234506728,-0.27301731996353695,-0.17591788548877163,0.03474858312172521,-0.06902913761097906,0.06902913761097906,3.0755195310470125,749075398.7073383,1.4369887962354213,0.4126984126984127,0.1746031746031746,0.06349206349206349,0.056925261967332615,0.6854613434182818,-0.06902913761097906,0.4286986078246704,0.2998412254110705,1.4952980701110228,0.6132169458256964,0.17643281337922664,0.8286862512525139,0.38488849317629703,-0.3389879677851607,0.9810793359717678,0.8190219102971195,0.045930063981094324,0.32837501234365885,-0.06902913761097906,0.06902913761097906,1.463672179895625,0.06349206349206349,0.8888888888888888,1076412955.4780264,20.79690001360637,0.5238095238095238,0.25396825396825395,0.1111111111111111,0.07074810355342293,0.11316474670640009,0.23156291465042678,0.1662237163455568,0.13356499011763945,1.0,0.262529270367519,0.13356499011763945,0.6132169458256964,0.14026435546695448,0.13356499011763945,0.040688457069998574,0.8035254719006267,0.037629531572036266,-0.06902913761097906,0.06902913761097906,0.21723192533155555,1254388739.3833706,-0.0052008462823923685,0.06272552078610173,-0.029551304481973517,-0.006699365349315034,0.024537215029512227,0.11633409670464401,0.2077254099543715,1.0,3.0,1.0,1.0,0.0,63.0,126.0,0.9255799965629834,0.06307821761577714,0.9015979275302934,0.9066171538779282,0.9066171538779282,0.9981132075471698,0.3181975339165758,0.44507002524034045,1,1,1,1,1,0
recent_month_top_future_return,2025-12-31,LYB,42.33768844604492,-0.5672928349523692,-0.35956742499799765,0.9979135788824113,1.0207611801030143,-0.3360437999504422,-0.17255241548883105,-0.21173667819715314,0.002255203321321453,-0.0009525046747165256,-0.13220757205228262,0.04056226197167667,0.0012098203835062549,-0.32807077490179715,0.12009136811654719,-0.49885956582988816,-0.39538675170838855,0.39538675170838855,-0.053157838869423824,0.9952535598301274,-0.3805993925362673,-0.4373645532713968,-0.21268918287186966,0.0016473512964605805,-0.004057726535294237,-0.07905547268914925,0.15350200420561622,-0.20948147487583169,-0.2113024453149515,-0.21268918287186966,-0.20948147487583169,-0.129724837778602,-0.02896235510993861,-0.09164531008060595,-0.053425826113780106,-0.11618252511011817,-0.09164531008060595,-0.23529967966324106,0.4244414514632273,0.8834905014711278,0.9176374260116379,-0.11404787945072303,-0.19441985369191706,0.019773583639053825,-0.321497939075019,0.321497939075019,0.051102269981872395,235311526.5303718,0.9522678058334115,0.2222222222222222,0.047619047619047616,0.03968253968253968,0.03328789327514785,0.5465296063420073,0.0231310818299153,-0.0031241749140107355,-0.0156474731228734,0.725058628611115,0.05536408172236351,0.06757156935553897,-0.04037663927583546,-0.0009815056776161235,-0.4065043959622273,0.38948336101335945,0.9627882172494597,0.018867767759859298,-0.024864569325161012,-0.09954081215812138,0.09954081215812138,0.051102269981872395,0.9682539682539683,0.5873015873015873,224079591.05638775,19.22751186838782,0.23809523809523808,0.047619047619047616,0.031746031746031744,0.032894724043821086,-0.016282552014914575,-0.0682586673926231,-0.24192163484232676,-0.09071819162345318,0.3333333333333333,-0.03689211332420996,-0.129724837778602,0.05536408172236351,-0.08401882627413815,-0.09071819162345318,-0.006128490336252068,0.3749899907983801,0.016706848706582404,-0.0937630951762719,0.0937630951762719,0.024124938659936035,237709399.88781157,0.0007164429287540575,0.026591880804012886,-0.00013853918260697817,-0.006699365349315034,0.024537215029512227,0.11633409670464401,0.2077254099543715,1.0,3.0,1.0,1.0,0.0,63.0,126.0,0.6714913788165205,0.13163973992687894,0.3284065128744953,0.8830973825369051,0.8830973825369051,0.9962264150943396,0.3181975339165758,0.44507002524034045,1,1,1,1,1,0
recent_month_top_future_return,2025-12-31,MRNA,29.489999771118164,-0.49849023745630083,-0.29076482750192933,1.1967001810571405,1.2658516408296296,0.04021161814140828,0.11031627876848749,0.06886551678224828,0.15529386820431323,-0.07123357145372655,-0.06379123664907826,0.20548693383152639,0.07140265684883329,-0.047468579922395726,0.07283018040019984,0.11505111224044551,-0.37954974692817756,0.37954974692817756,-0.00990453398852098,0.7946223749575152,-0.06997069399122902,0.06181045692379228,-0.00236805467147827,0.11583399624889823,-0.18504734141341117,0.11092693285186228,0.09996107582982738,0.22415938498656152,0.09688561569911051,-0.00236805467147827,0.22415938498656152,0.07222913076367243,0.0485679374880601,0.14169569718244812,0.051490512103541386,0.1171584821529359,0.14169569718244812,0.2176196707867448,0.5985645461499418,1.0103919043079639,1.0877961666843785,1.087787239006182,1.3698555152143763,0.028296405073545996,-0.15501437014978747,0.15501437014978747,0.3188729412406981,282711021.69206864,1.007465717323922,0.3492063492063492,0.0873015873015873,0.07142857142857142,0.04871117986224943,0.875588255437388,-0.0669132733071558,0.11060624232475691,0.08734927870321152,1.1221352037643142,-0.04344625595747986,0.11456431163585938,0.08578792108970013,0.21772311730319172,-0.07204404765607986,0.6511162188150815,0.9288430454647177,0.030347021362854925,0.3010779251939881,-0.15501437014978747,0.15501437014978747,0.3188729412406981,0.09523809523809523,0.42857142857142855,284821662.26437885,19.467373799442104,0.36507936507936506,0.09523809523809523,0.07936507936507936,0.05141358527952191,0.04915504670447057,0.24949617858355455,0.22339176451489898,0.13510393728743297,0.6666666666666666,0.016955439938764843,-0.18504734141341117,0.13510393728743297,0.141803302636748,0.13510393728743297,-0.016934471552540242,0.6047847716356719,0.028183948814913446,-0.15501437014978747,0.15501437014978747,0.2256858032296345,305321762.4979383,-0.07103482365545122,0.052821786177355695,-0.04870968480263982,-0.006699365349315034,0.024537215029512227,0.11633409670464401,0.2077254099543715,1.0,3.0,1.0,1.0,0.0,63.0,126.0,0.7537191384544882,0.4944048842613209,0.816547986117296,0.722617824053458,0.816547986117296,0.9924528301886792,0.3181975339165758,0.44507002524034045,1,1,1,1,1,0
recent_month_top_future_return,2025-12-31,SEDG,28.850000381469727,0.9135980880051158,1.1213234979594873,1.1694668188530422,1.2603314031369242,0.7830655029246798,0.6153415115085952,0.41421573141912793,-0.5611701772559532,-0.2898977051904825,0.813725524111832,-1.0339957840721097,0.2578431532961367,0.2978816347144839,-0.6344859913794056,0.4444549284383005,-0.3642573886640952,0.3642573886640952,0.022742089228931173,0.7790626585324609,-0.1299083494492559,-0.3215636635053354,0.1243180262286454,0.28063659817656755,0.318004672483857,-0.1526058369872667,-0.30215344150166423,-0.14695444583682526,0.13052643727031601,-0.14695444583682526,0.41421573141912793,0.09402721271054437,-0.08432266117712328,-0.22027025996027771,-0.05162161749762462,-0.24480747498978994,-0.22027025996027771,-0.22858501437223328,0.9319634116210045,0.5996602689632625,1.0339731146932298,0.1990035339783327,-0.053072719173952065,0.041986099626209014,-0.3642573886640952,0.3642573886640952,0.18140869333887788,135292441.24123105,0.9735656573314379,0.5317460317460317,0.1349206349206349,0.15873015873015872,0.08029407420364484,0.7847568489904256,-0.1692375102922431,-0.15073201727198915,-0.15393412405026297,0.6182943346325028,0.04103729325868333,0.19564869608260274,-0.17782843385533476,-0.1814603395400104,-0.17066720096173116,0.9636251114938986,0.5799573126629856,0.04139815075329878,-0.14034782135631962,-0.3642573886640952,0.3642573886640952,0.013347421049532349,0.5555555555555556,0.12698412698412698,131716074.48899405,18.696159220684468,0.5555555555555556,0.09523809523809523,0.15873015873015872,0.07860902650309148,-0.0829624828930754,-0.14974764058043255,-0.37619007551407885,-0.21023812358241145,0.6666666666666666,0.07484209844486422,-0.21023812358241145,0.318004672483857,-0.20353875823309642,-0.21023812358241145,-0.03990148689406037,0.5588614300765713,0.02706222704161789,-0.11665644469512382,0.11665644469512382,0.013347421049532349,85913263.33656311,-0.025634085359111047,0.060198075437559374,-0.026981449905814303,-0.006699365349315034,0.024537215029512227,0.11633409670464401,0.2077254099543715,1.0,3.0,1.0,0.0,1.0,63.0,126.0,0.6649094918943691,0.07279030688743249,0.22703643181288236,0.7694973505043632,0.7694973505043632,0.9867924528301887,0.3181975339165758,0.44507002524034045,1,1,1,1,1,0
recent_month_top_future_return,2025-12-31,SNDK,237.3800048828125,,,0.97628898486899,1.0637506343526602,3.9859273648318405,5.298222699180291,4.234399401761238,-0.7102903992794678,0.2963558407813478,1.474090423889848,-0.3584040483160966,-0.053583249987592674,4.118065305056595,-3.118713026187487,4.313150647593641,-0.16149770482161552,0.16149770482161552,0.33606435014962477,1.4321891447079613,-0.6337736973052528,-0.22518000101197488,4.530755242542586,0.5173129111576446,0.22250707034437145,0.5471838178578181,-0.1500439334404895,3.5241090024817705,4.096421215595199,3.5241090024817705,4.530755242542586,1.1383646719636702,0.24911623199934518,1.1156863755737514,0.7765597794356938,1.0911491605442392,1.1156863755737514,0.9521183049815248,0.9817415962791981,0.8760498762995873,1.1935868418244258,-0.6872713671217505,-0.6675227301796391,0.045300228250420405,-0.16149770482161552,0.16149770482161552,4.83386613159028,1271048301.3038304,1.747120173156477,0.48412698412698413,0.1984126984126984,0.1111111111111111,0.07127908129191227,0.5977607565192109,0.04980574284537442,0.05476394038554422,0.08041044298347977,1.2447542515848709,0.12015249449774945,0.47181830784125295,0.1908894933137446,-0.01937832550950125,-0.4874573943748314,1.1717938513905586,0.7339640867358459,0.056372639830700226,0.054638833329257785,-0.16149770482161552,0.16149770482161552,1.0304507522631066,0.5238095238095238,0.8888888888888888,2220674128.264194,21.521076648565394,0.5873015873015873,0.25396825396825395,0.1746031746031746,0.09320066427111108,0.05765933670823786,0.11499613521513408,0.07342491535173408,0.06314943649499427,0.8333333333333334,0.3778583671248144,-0.053583249987592674,1.1383646719636702,0.0698488018443093,0.06314943649499427,0.04463393623772505,0.8600546039785508,0.0403089481271873,-0.05078373662529745,0.05078373662529745,0.22121616894661456,1767335531.0339065,0.000830595668360079,0.07754533779292129,-0.028707496241244246,-0.006699365349315034,0.024537215029512227,0.11633409670464401,0.2077254099543715,1.0,3.0,1.0,1.0,0.0,63.0,126.0,0.9738962164174829,1.427542287247309,1.6765522465349219,1.6764681682819806,1.6765522465349219,1.0,0.3181975339165758,0.44507002524034045,1,1,1,1,1,1
recent_month_top_future_return,2025-12-31,TPL,286.45330810546875,-0.42383127626890316,-0.21610586631453166,1.221276790620993,1.2497846202037364,-0.34642229208849107,-0.222656439892304,-0.18141951323141126,0.10778133834886328,0.07462629952708233,-0.11468016720264862,0.039295720185477556,-0.08354873773023419,-0.29775360993605526,0.10603506621424019,-0.44061110867159453,-0.39464961044825586,0.39464961044825586,-0.01792678284432192,0.6833917616126205,-0.18673218673218672,-0.24803993111224476,-0.10679321370432893,0.055204405133183226,-0.035790592749843975,-0.055834154021813576,-0.025070774410381857,-0.07363817488254798,-0.12061696727276272,-0.18141951323141126,-0.07363817488254798,0.0018886467234835447,-0.02140999173006286,-0.07538444701717106,0.010432348426469451,-0.09992166204668329,-0.07538444701717106,-0.1781604128931257,0.4117452094623212,1.1250725634933103,1.0276423365373075,1.1824175824175822,1.1798117482498474,0.01879751886773685,-0.19631571647028,0.19631571647028,0.04992151177032622,128894615.70269872,0.9477488509282306,0.1984126984126984,0.031746031746031744,0.031746031746031744,0.03426623826178397,0.8504139309163574,-0.0010091167642793941,-0.051136719308674916,-0.05297536915020318,1.0494382179224488,-0.08383685771151728,0.04302709331602163,-0.08493076807891364,-0.04980882254758534,-0.044886181468419384,0.4231268091099028,1.094809471634167,0.01879740062709831,-0.0021387576000968522,-0.15586164101757027,0.15586164101757027,0.04992151177032622,0.49206349206349204,0.15873015873015872,122159723.92306858,18.62083996709632,0.14285714285714285,0.047619047619047616,0.031746031746031744,0.03629624628594564,-0.022963864257086297,0.013499836320371328,-0.0025775068819214324,-0.001194012634762709,0.3333333333333333,-0.032008200946067523,-0.08383685771151728,0.010432348426469451,0.005505352714552325,-0.001194012634762709,-0.02515291368791528,0.4632432383158637,0.020605082972952007,-0.06855619443489613,0.06855619443489613,0.04992151177032622,133811352.86748977,-0.02654552186508552,0.03980274599258936,-0.015000283752055088,-0.006699365349315034,0.024537215029512227,0.11633409670464401,0.2077254099543715,1.0,3.0,1.0,1.0,0.0,63.0,126.0,0.5718311422352065,0.21286800982943377,0.8253952324305689,0.6541456018440097,0.8253952324305689,0.9943396226415094,0.3181975339165758,0.44507002524034045,1,1,1,1,1,0
recent_month_non_top10_control,2026-01-31,A,133.28890991210938,-0.30620590835473416,-0.10950705255548665,1.1616679282591569,1.1756313463715007,0.2513146886214408,0.14093246883282884,0.17026822576104195,-0.1255527907608427,-0.1010458868406181,0.2773617264762136,-0.3612013300085698,0.09450409251890712,0.06693711507132738,-0.25410782929339815,0.6115161711273481,-0.14701503373428304,0.14701503373428304,0.030850972552474154,0.686602401731872,0.21570736955352343,0.11378294567879244,0.06922233892042384,0.06655118688523151,0.02345797056230925,-0.04386748455056777,-0.13573352497870106,0.044715435000199255,0.09473533322722168,0.044715435000199255,0.17026822576104195,0.1403193578637687,-0.015863295511561737,-0.0838396035323562,0.04878390795459775,-0.07366780099285275,-0.0838396035323562,-0.3279133808918309,0.27843617846956925,1.100095992671989,0.9182573484975138,0.9031578947368422,0.875453417609473,0.012804216685710489,-0.14701503373428304,0.14701503373428304,0.18659785706009147,246991355.56793818,1.147626839919744,0.07142857142857142,0.015873015873015872,0.0,0.023259102327206706,1.0874206838480738,-0.012600420925420686,-0.027987877763873126,-0.05991656894639241,1.0969371902769853,-0.11355042044118369,0.08867767494594456,-0.12645456369139418,0.0003413953307647155,0.26445356210369253,0.2556760669672472,1.1980257979661217,0.012184360173958955,-0.011011717458079051,-0.14701503373428304,0.14701503373428304,0.00435212023864695,0.6984126984126984,0.015873015873015872,283453908.87792677,19.46256009252877,0.07936507936507936,0.0,0.0,0.02408582933448459,-0.04169109368911639,-0.024366390539194094,-0.04752464594248213,-0.01455710911006669,0.6666666666666666,0.02982629989138874,-0.11355042044118369,0.1403193578637687,-0.02686367374985621,-0.01455710911006669,-0.04957637779783508,0.3063065241492759,0.014851272884577523,-0.09877448825929547,0.09877448825929547,0.00435212023864695,271524653.5196214,-0.016900309066983032,0.02835263417464568,-0.004965817713914911,0.012306564639789519,-0.01017180253950345,0.10333111068971457,0.1966988557992475,1.0,3.0,1.0,1.0,0.0,63.0,126.0,0.5110586011342155,-0.0931640317784711,-0.1465066943919685,-0.1347503818449033,-0.0931640317784711,0.07924528301886792,0.273827870883127,0.4583860889543677,0,0,0,0,0,0
recent_month_non_top10_control,2026-01-31,AAPL,258.9988098144531,-0.09223458397021655,0.10446427182903095,1.0788687705528606,1.0845128630786316,0.22525786996696717,0.26737002001584576,0.25271621486581775,-0.23268112547018882,-0.1338588823185658,0.3040268336507608,-0.3433746579906124,0.11963891948030181,0.14938510417610318,-0.29206403920566937,1.1334213187105786,-0.09332958566347482,0.09332958566347482,0.022158648613324727,0.7759785645939385,0.07283870525989622,0.03062483634033586,0.11885733254725195,0.11677938050527006,0.0968812192629327,-0.010744170872143743,-0.08953454214479573,0.020035089395628924,0.13053621226956622,0.020035089395628924,0.25271621486581775,0.06181520766834603,-0.015041085282749278,-0.03934782433985162,0.03236417355566945,-0.029176021800348173,-0.03934782433985162,-0.24962874839296756,0.22296758556943053,0.8818326258410353,0.7069429919491768,2.386999149983879,2.2327616939383996,0.009713977924367243,-0.09332958566347482,0.09332958566347482,0.28484192362501926,12858678085.23315,0.9900417236480782,0.07936507936507936,0.007936507936507936,0.0,0.01907885195278384,1.8295817687153817,-0.043257917353196396,-0.04570946588083169,-0.0328563169217575,1.1495026792389997,-0.025067288626873463,0.06582181148034164,-0.06946385755380347,-0.06712613045406923,0.982734288202264,0.1576253720501373,1.2473885955211954,0.007138573195985303,-0.07163450400824445,-0.09332958566347482,0.09332958566347482,0.051803817248613715,0.6349206349206349,0.12698412698412698,12730627815.339998,23.26727656615824,0.015873015873015872,0.0,0.0,0.018569836377453058,-0.012123177174407695,-0.05747176923391917,-0.2316044353113802,-0.045538085253494565,0.6666666666666666,0.040015691014480326,-0.045538085253494565,0.11963891948030181,-0.057844649893284084,-0.045538085253494565,0.007104643968792512,0.19662009146012666,0.008751601745945818,-0.045538085253494565,0.045538085253494565,0.051803817248613715,13068389919.300842,0.023933089972152377,0.022553348266855476,0.0073920201915387285,0.012306564639789519,-0.01017180253950345,0.10333111068971457,0.1966988557992475,2.0,8.0,2.0,1.0,1.0,63.0,126.0,0.6352551984877126,0.01906579726125268,-0.021013334357660285,0.04672392293368821,0.04672392293368821,0.41320754716981134,0.273827870883127,0.4583860889543677,0,0,0,0,0,0
recent_month_non_top10_control,2026-01-31,ABBV,219.61192321777344,0.05665153548068291,0.2533503912799304,1.0106227121296223,1.0226121854566639,0.17058198940964964,0.23036612155506786,0.19788863458383577,-0.2199801789923005,-0.12172456310060542,0.16184457621254467,-0.1308214435928703,0.1131096701015466,0.0945575238941212,-0.1668655019641614,0.8068120893842851,-0.07347198380819608,0.07347198380819608,0.015569969412683404,0.5100963686194253,-0.3882663759895799,-0.3692884826439907,0.07616407148323034,0.11019854389976769,0.10047526977590193,-0.0005602402219119229,0.05278258451212858,-0.022091544408464725,0.08398705388620047,-0.022091544408464725,0.19788863458383577,-0.05151647460438913,-0.006050243450204884,0.031023132619674376,0.04430384008736166,0.041194935159177826,0.031023132619674376,0.11526813544766974,0.2452722724257312,1.2455820890414766,1.0973064359436386,1.0714442115799683,1.0380301165338257,0.01074345977360068,-0.07347198380819608,0.07347198380819608,0.15984485746446775,1249436528.6182828,1.0972913121240686,0.07936507936507936,0.007936507936507936,0.0,0.02003528771941414,1.0811166739225078,-0.015598998597822766,-0.017854815479662944,-0.0026252603876321112,1.0414343511917414,0.0034695035861873613,0.06561113377143253,-0.012717282995508561,-0.020617183810541007,0.5925513238795321,0.26913884309127634,1.1351269328611264,0.012239766070035265,-0.03008663818671431,-0.04856830968397363,0.04856830968397363,0.060597633028392384,0.7301587301587301,0.9523809523809523,1370995847.903297,21.038803209734475,0.07936507936507936,0.0,0.0,0.022853498299606638,0.004128454818668192,-0.029171389044319374,-0.05280021037018179,-0.016130820641631627,0.6666666666666666,0.03228516471749613,-0.05151647460438913,0.1131096701015466,-0.028437385281421146,-0.016130820641631627,0.013359968947116219,0.30550674947199247,0.013860282232495089,-0.03691085557189633,0.03691085557189633,0.041908089615542155,1540811685.6440952,0.01890601373066736,0.023061142595086955,0.007444815668546267,0.012306564639789519,-0.01017180253950345,0.10333111068971457,0.1966988557992475,1.0,3.0,1.0,1.0,0.0,63.0,126.0,0.6305293005671078,0.04067087224049604,-0.02475221968239394,-0.044557830762674944,0.04067087224049604,0.39622641509433965,0.273827870883127,0.4583860889543677,0,0,0,0,0,0
recent_month_non_top10_control,2026-01-31,ABNB,129.3699951171875,-0.210421529252665,-0.013722673453417489,0.9976636924851368,1.023084141957226,0.06110561893151156,-0.022442204192904103,-0.022959054911587562,0.0884342407799027,0.014072180836987025,-0.04433201861062863,0.06669644235952155,-0.014198359873246358,-0.12629016560130213,0.045323478660480476,-0.08712644334140174,-0.19855038666407154,0.19855038666407154,0.014509519621919154,0.5708578396462058,0.006922104779411686,0.02944133741282573,-0.008886874074600537,0.04751904385749018,-0.06979239022100159,0.024501846216384404,-0.045822789885956894,0.06547518586831513,0.011209752294042344,-0.022959054911587562,0.06547518586831513,0.04216770568105255,0.03315449640817558,0.022364423748892914,-0.07547023062006297,0.032536226288396364,0.022364423748892914,0.08751457085357846,0.26351419880211746,0.998214453869716,0.9697802246446838,0.6021662629678717,0.5272048316593898,0.01197348981832865,-0.07639045939552236,0.07639045939552236,0.15985291424879366,609736740.0134616,0.97516374238188,0.05555555555555555,0.0,0.015873015873015872,0.023768043734187786,1.0738528456778778,-0.067409110326899,0.07526061305262988,0.0006156310473748317,1.2363840292625194,0.16009918539142132,0.08984945615959328,0.10582098879798285,0.031699432630161395,0.2800598824259686,0.25555085891138135,1.0293202815467288,0.011673556195626404,-0.026850991069956587,-0.07639045939552236,0.07639045939552236,0.15985291424879366,0.19047619047619047,0.746031746031746,594593161.2592546,20.203387968729984,0.06349206349206349,0.0,0.015873015873015872,0.025278377962617643,-0.04037922713043718,-0.037038130745021935,-0.17786988028383086,-0.04678754823461484,0.3333333333333333,-0.0006636063127419822,-0.07547023062006297,0.16009918539142132,-0.05909411287440436,-0.04678754823461484,-0.036375249066244675,0.26304368204417145,0.012070797029413775,-0.07639045939552236,0.07639045939552236,0.0,532761015.44966924,-0.019352231709668266,0.0293759123192228,-0.017393327377700385,0.012306564639789519,-0.01017180253950345,0.10333111068971457,0.1966988557992475,1.0,3.0,1.0,1.0,0.0,63.0,126.0,0.4878071833648393,0.04436890863267462,-0.023884953656306496,0.0849501886678512,0.0849501886678512,0.5471698113207547,0.273827870883127,0.4583860889543677,0,0,0,0,0,0
recent_month_non_top10_control,2026-01-31,ABT,107.84934997558594,-0.32629407040566294,-0.12959521460641543,0.84107083564194,0.8547022649460153,-0.15229485875958626,-0.1850786464309564,-0.12558715466998005,-0.050595122656688196,-0.04264632786243061,-0.016009898609521955,-0.09535022168601182,0.05127199396324866,-0.22891826535969462,0.014227034374446279,-0.5548342841558388,-0.20588455374581704,0.20588455374581704,-0.01931144747599911,0.9700114991539833,1.4885236128262997,1.211401323943687,-0.16823348253241066,0.027208329164297173,0.009648730023024132,-0.13188395776243422,-0.06765893790958877,-0.17618227732666825,-0.15666763817635299,-0.17618227732666825,-0.12558715466998005,-0.07294536123304785,-0.024886842632402262,-0.11136012029553377,0.04271151514160931,-0.10118831775603032,-0.11136012029553377,-0.4074953623485627,0.22635074698214905,1.7159922989508543,1.2073274888179155,4.553007506889234,3.868849497209186,0.009448416931834087,-0.19234251369489608,0.19234251369489608,0.030645902141341663,845261009.9515764,1.1203257218918385,0.023809523809523808,0.0,0.007936507936507936,0.019271259266935892,2.4882057395895427,-0.09383063969773331,-0.038710833077787,-0.10727850019054475,1.3114916466600623,-0.02800609853919256,0.06842514618742278,-0.14776055812159972,-0.04786191916372451,1.2610561070293929,0.2732794789460174,1.4213146928601519,0.010373429978044652,-0.10373882184497685,-0.15878965941884005,0.15878965941884005,0.030645902141341663,0.8095238095238095,0.031746031746031744,946967651.1610243,20.668775492342053,0.047619047619047616,0.0,0.015873015873015872,0.019899955078583824,-0.09256090441802822,-0.13342994033819178,-0.3171983274367502,-0.12320494953973316,0.5,-0.020087361697348576,-0.12320494953973316,0.05127199396324866,-0.13551151417952267,-0.12320494953973316,-0.07665038367198407,0.38841613868314107,0.013511672712433037,-0.140290687682063,0.140290687682063,0.030645902141341663,1299592727.9835293,-0.022483766114773096,0.03138874009405486,0.014893807842757623,0.012306564639789519,-0.01017180253950345,0.10333111068971457,0.1966988557992475,1.0,3.0,1.0,1.0,0.0,63.0,126.0,0.43166351606805287,0.06450134868134816,-0.060658756383510815,-0.16413922437912198,0.06450134868134816,0.47358490566037736,0.273827870883127,0.4583860889543677,0,0,0,0,0,0
recent_month_non_top10_control,2026-01-31,ACGL,96.04000091552734,-0.1647873780895479,0.0319114777096996,0.9636843056707041,0.9638565360237467,0.05910896109740782,0.05480502687004818,0.115965647688274,-0.057440381931321394,-0.06669216143918888,0.0029049501172688785,0.10982826309280136,0.06356032275017065,0.012634536998559431,-0.0032324344782037606,0.6062906692248766,-0.01112028213047711,0.01112028213047711,0.005262096014880369,0.6948865230063781,-0.021933889403768947,0.08832664597562023,0.04927348624908512,0.036131328275955346,-0.008740253829701006,0.04865708459695939,0.07166400099222359,0.058525265756952605,0.07458813323143725,0.04927348624908512,0.115965647688274,-0.04871603256699386,0.024041558115289297,0.11273321321007024,0.08817055759021808,0.12290501574957369,0.11273321321007024,0.7258588215576444,0.19127071151619798,0.996568470445481,0.8119910700328077,0.9110114684832284,0.913402279881742,0.009427256606461805,-0.01112028213047711,0.01112028213047711,0.13361661392490554,197512314.2259386,1.052392133985378,0.015873015873015872,0.0,0.0,0.017790833287394465,1.3531015955714751,0.0012356130888416805,0.005409837045428745,0.02395265335069241,1.0825612122198793,0.021294719324870037,0.049888146085485204,0.022572431728208775,-0.011888206088216835,0.5557739557739558,0.15531010970997408,1.2273145693649261,0.007859201959646385,-0.031374546685992155,-0.01112028213047711,0.01112028213047711,0.1167441966921785,0.4126984126984127,0.9523809523809523,207860405.856626,19.152377291481557,0.0,0.0,0.0,0.016487858025291634,0.017254354401913696,-0.01905534118910379,0.006563362753385605,0.0012510711934194951,0.6666666666666666,0.019470064076997234,-0.04871603256699386,0.08817055759021808,-0.011055493446370024,0.0012510711934194951,0.028006881060790745,0.19061436041671628,0.009624252823974616,-0.003527664946873177,0.003527664946873177,0.059459451725543566,211625091.88530332,0.029047786018442157,0.018876066996542127,0.01502887039418166,0.012306564639789519,-0.01017180253950345,0.10333111068971457,0.1966988557992475,1.0,3.0,1.0,1.0,0.0,63.0,126.0,0.17901701323251418,0.04279467483519239,-0.0005206481807701335,-0.016451497459317954,0.04279467483519239,0.4056603773584906,0.273827870883127,0.4583860889543677,0,0,0,0,0,0
recent_month_non_top10_control,2026-01-31,ACN,258.3170166015625,-0.5049923079138374,-0.3082934521145899,1.079999843387221,1.0891857988200666,-0.11429519740432814,-0.11352484000935437,-0.012953817094719322,0.08205369511081495,0.027071013112307196,-0.06364654259943214,0.11778499331380465,-0.02669416633364896,-0.11628492778443389,0.06709226780909183,-0.044333017525010114,-0.33139367536906106,0.33139367536906106,0.020293719392504794,0.7054629388097101,0.41844690472477786,0.49523942256717435,0.014117196017587874,0.04181057272990153,-0.05142894796746034,0.028220411035291937,-0.04833054386206248,0.06909987801609563,0.023421085646321393,-0.012953817094719322,0.06909987801609563,0.0141930382025095,0.047747374504381934,0.05413845071437251,-0.0003998849038839847,0.06431025325387596,0.05413845071437251,0.17894255613802015,0.2921934444776183,1.3131725070092426,1.0354323236945746,1.7662949822605172,1.718248843098733,0.013783832549036123,-0.0862963866502302,0.0862963866502302,0.13364308344395837,1120774655.416313,0.9305215611645297,0.11904761904761904,0.0,0.0,0.026199914958795065,1.3341997832517132,-0.06314044907783145,0.04656363497895066,-0.018073375555867854,1.3022104001305104,0.07319992731666747,0.0429114696599817,0.05456015339995468,0.022476734095515205,0.8346704614212404,0.302546537183782,1.268235959955017,0.014202486019523498,0.016874142482026455,-0.0862963866502302,0.0862963866502302,0.09850016264281702,0.1746031746031746,0.7777777777777778,1042904982.0716252,20.765275909171525,0.12698412698412698,0.0,0.0,0.026820971020007765,-0.03969099779430407,-0.0010198238782322955,-0.045265545260935194,-0.017368407733047486,0.3333333333333333,-0.0014164069031439668,-0.05142894796746034,0.07319992731666747,-0.029674972372837005,-0.017368407733047486,-0.0461648629541882,0.38370039801634,0.01866985122173331,-0.0862963866502302,0.0862963866502302,0.014195143731619009,1198805100.3603253,-0.043951143145820826,0.03473895330990905,-0.0248556326369892,0.012306564639789519,-0.01017180253950345,0.10333111068971457,0.1966988557992475,1.0,3.0,1.0,1.0,0.0,63.0,126.0,0.6227788279773157,-0.20831447030975847,-0.2478760196074632,-0.3163954604932677,-0.20831447030975847,0.020754716981132074,0.273827870883127,0.4583860889543677,0,0,0,0,0,0
recent_month_non_top10_control,2026-01-31,ADBE,293.25,-0.5263365473825912,-0.32963769158334366,0.9374244918704713,0.965008361767816,-0.2179583140214587,-0.24201303686183884,-0.1801560066022876,0.011481307807106877,0.0022754065584490446,-0.04858957411218001,-0.08969610040871334,-0.0027677324711841145,-0.28348711729200216,0.041870332081394235,-0.6348704282047974,-0.3681454628090718,0.3681454628090718,-0.02346981821726213,0.837735225429353,0.5180421958866983,0.3081187068773281,-0.17788060004383854,0.006079288908085195,-0.011073765270124603,-0.12974448685170514,-0.10590352770801503,-0.1686746987951807,-0.17557043514710227,-0.1801560066022876,-0.1686746987951807,-0.0352657758792525,-0.03376935440571682,-0.13828567452089335,-0.059298853458769285,-0.1281138719813899,-0.13828567452089335,-0.5003418419208803,0.2837681495288872,1.117785014918567,0.9739725593793903,1.699650316605236,1.2619859922689,0.013483333699356989,-0.20195393561410424,0.20195393561410424,0.009918396980549637,1464499635.7789054,0.9548806431445648,0.07142857142857142,0.007936507936507936,0.015873015873015872,0.025034339836320935,1.602165012059005,-0.15222662261061481,-0.037826148308747864,-0.10594021572521706,0.9682308542716217,0.09327456001037171,0.0832306546286754,-0.08396590282954652,-0.10360103887832361,0.7794920779948917,0.2763823908670038,1.147655551641838,0.012759587091333662,-0.16074104847729453,-0.17978910580585128,0.17978910580585128,0.009918396980549637,0.4126984126984127,0.12698412698412698,1398422354.097542,21.05861054893452,0.06349206349206349,0.015873015873015872,0.015873015873015872,0.02470989245575766,-0.09907003784973989,-0.1576603525902711,-0.5111068503057459,-0.16211889430431536,0.16666666666666666,-0.02954174356221236,-0.16211889430431536,0.09327456001037171,-0.17442545894410488,-0.16211889430431536,-0.05801140059968879,0.3171917852545613,0.016508757760159205,-0.16211889430431536,0.16211889430431536,0.009918396980549637,1508802399.072411,-0.01200752473688771,0.029470213059748354,-0.013702220597121673,0.012306564639789519,-0.01017180253950345,0.10333111068971457,0.1966988557992475,2.0,8.0,2.0,1.0,1.0,63.0,126.0,0.6678638941398866,-0.10516622792119568,-0.17108268770313828,-0.1607842929121378,-0.10516622792119568,0.06037735849056604,0.273827870883127,0.4583860889543677,0,0,0,0,0,0
recent_month_non_top10_control,2026-01-31,ADM,66.3688735961914,0.1684469701812834,0.3651458259805309,0.9840014883595481,0.9997021037358932,0.44843383977700446,0.29707291958196547,0.26355682395556235,-0.12734637812450766,-0.17994862119026966,0.12678597521952573,-0.005404584481688124,0.16606428479505175,0.16022571326584778,-0.14217543321772474,0.9823069375083983,-0.013483893516921364,0.013483893516921364,0.012759263342448257,0.7146635399493965,0.3318142414860681,0.49347170632210524,0.08360820276529268,0.09252531389234224,-0.04629621498268077,0.11008992630208247,0.04382799764995715,0.13621044583105468,0.16112515751730325,0.08360820276529268,0.26355682395556235,0.013223917585666323,0.03407639844144872,0.1213813907378376,0.011925641120999586,0.13155319327734105,0.1213813907378376,0.42381474850472095,0.26830394237474176,1.0996936003315865,1.0674535581841829,2.3829506134004403,2.9607997236574035,0.0123633922671702,-0.013483893516921364,0.013483893516921364,0.27130000132258103,209057254.77156866,0.9577307658131735,0.07936507936507936,0.007936507936507936,0.007936507936507936,0.02575786164401659,1.7787432049486718,0.07180381384148715,0.057251062110940776,0.10187100311985842,1.0504126560210836,-0.05350675500043023,0.10061549920087723,0.10816580306788559,0.09786841664496926,0.9899586751372356,0.28640199796276206,1.0302027586120432,0.012683607038325292,0.1552852600958976,-0.013483893516921364,0.013483893516921364,0.2120930621401227,0.047619047619047616,0.873015873015873,200220564.71117416,19.114930145399498,0.1111111111111111,0.0,0.015873015873015872,0.02589343931976174,0.0809203949560311,0.16466932826430725,0.5789219808229211,0.1708121626038539,0.6666666666666666,0.043703839353743425,-0.05350675500043023,0.1708121626038539,0.15850559796406438,0.1708121626038539,0.04507264974123748,0.29505212837323824,0.016191108987224593,-0.013483893516921364,0.013483893516921364,0.1708121626038539,235540829.03871083,0.0036979939991810262,0.02577623935070316,-0.002016525010260839,0.012306564639789519,-0.01017180253950345,0.10333111068971457,0.1966988557992475,1.0,3.0,1.0,1.0,0.0,63.0,126.0,0.4177693761814745,0.03343310992710635,0.08806852570167889,0.11576046766211823,0.11576046766211823,0.6849056603773584,0.273827870883127,0.4583860889543677,0,0,0,0,0,0
recent_month_non_top10_control,2026-01-31,ADP,242.9541015625,-0.3640839352844836,-0.16738507948523607,0.838242201196985,0.8468339240612135,-0.1651583606016893,-0.19031854855523722,-0.19319623652644846,0.03958616836974971,0.014461709038918635,-0.15459767843461547,0.10894064969549144,-0.017609055199503842,-0.29652734721616303,0.14753920778732443,-1.0407345369832588,-0.23211210357697643,0.23211210357697643,-0.03188610742430986,0.8513569176125814,0.39515971380537196,0.331460866656492,-0.17873452748752983,0.020030993531654464,-0.029684260629275205,-0.07686410907612051,0.08085799683408479,-0.15361006815669875,-0.17518027739022568,-0.19319623652644846,-0.15361006815669875,-0.11311765546399666,-0.009192874047633581,-0.04565702873912403,-0.019208604948662944,-0.03548522619962058,-0.04565702873912403,-0.26118072711314133,0.18563450107696022,1.0842669361572053,0.9416897068829003,1.027154462307561,0.9451161905455532,0.008659298762478443,-0.1919691408115406,0.1919691408115406,0.0034557001027324397,545763004.9004691,1.0845110079965425,0.007936507936507936,0.0,0.007936507936507936,0.016305081802994333,1.6312685714285715,0.043772110019292376,0.004983913041257448,-0.04054414338455259,1.0494679221309493,0.014072779639814126,0.042703275124630166,-0.0269664109247989,-0.009082141681521216,0.6981598984771573,0.1748100989065161,1.1514057424990358,0.008727544601767931,-0.020374105553778388,-0.07245388000523356,0.07245388000523356,0.0034557001027324397,0.5079365079365079,0.015873015873015872,591885986.5718297,20.198824585739622,0.0,0.0,0.0,0.01710585522537711,-0.04379044258951381,-0.02855950151994302,-0.20106420057575278,-0.04046966981915212,0.16666666666666666,-0.03433607773679611,-0.11311765546399666,0.014072779639814126,-0.05277623445894164,-0.04046966981915212,-0.041337985405153765,0.20127735172778707,0.010627262252698267,-0.07217498089543728,0.07217498089543728,0.0034557001027324397,586463623.5236758,-0.030717624680588917,0.019632575306758677,-0.017561456706963963,0.012306564639789519,-0.01017180253950345,0.10333111068971457,0.1966988557992475,1.0,3.0,1.0,1.0,0.0,63.0,126.0,0.32041587901701324,-0.1315128399019233,-0.17000748638382535,-0.1342227601141548,-0.1315128399019233,0.04716981132075472,0.273827870883127,0.4583860889543677,0,0,0,0,0,0
recent_month_top_future_return,2026-01-31,ARM,105.36000061035156,-0.5363416098255641,-0.3396427540263166,0.9845701752749747,0.9497855701339909,-0.07619467083628717,-0.3485841657473877,-0.2547480062928271,-0.0006057535496521993,0.01651506919597534,0.20120252749226353,-0.5807809277616779,-0.021679946535145933,-0.3580791169825417,-0.12483039397658724,-0.5614758129438251,-0.41014442117060934,0.41014442117060934,-0.038499748001975975,0.6000225789699474,0.33643774970305573,-0.17084515338888617,-0.23823293709685178,0.00971456826453589,0.02299188772108196,-0.24086257158007418,-0.3303118677784952,-0.2553537598424793,-0.24944490107738607,-0.2553537598424793,-0.23823293709685178,0.20022616956095485,-0.14598005603252995,-0.37957840026941436,-0.20174307082802156,-0.3694065977299109,-0.37957840026941436,-0.9934564197464882,0.4537114518917208,0.9571769301447262,0.8421179593549502,0.4326600300960759,0.3808898089530861,0.021147187115135434,-0.41014442117060934,0.41014442117060934,0.0035241713888036763,672425787.1492113,0.9100482179441879,0.2222222222222222,0.031746031746031744,0.023809523809523808,0.03839474697310144,1.4974516673808382,0.00845205238579605,-0.12962078257103538,-0.12941304232695883,0.8642043972889761,-0.19364119557949844,0.1495171282656309,-0.22277956249732667,-0.10876181488981251,0.4903666686736108,0.38207856200302753,1.1366304678716381,0.019172230254984067,-0.014332174771677031,-0.37957840026941436,0.37957840026941436,0.0035241713888036763,0.9682539682539683,0.1746031746031746,611939889.2948575,20.232144617180396,0.2222222222222222,0.015873015873015872,0.031746031746031744,0.03844291845920472,-0.056880189883672716,-0.003332069806328608,-0.08320796708541343,-0.03613573356933686,0.3333333333333333,-0.038330314871661,-0.20174307082802156,0.20022616956095485,-0.04844229820912638,-0.03613573356933686,-0.05570243360454852,0.4342821346932239,0.02056480564804552,-0.11610735480052148,0.11610735480052148,0.0035241713888036763,721771027.4810064,-0.05549079936391843,0.051686732171405764,-0.047997682393556285,0.012306564639789519,-0.01017180253950345,0.10333111068971457,0.1966988557992475,1.0,4.0,1.0,0.0,1.0,63.0,126.0,0.8059546313799621,0.20966207488537458,0.43583900819030275,0.9962035507387319,0.9962035507387319,0.9924528301886792,0.273827870883127,0.4583860889543677,1,1,1,1,1,0
recent_month_top_future_return,2026-01-31,BE,151.3699951171875,5.222724197930635,5.419423053729883,1.1330477038738807,1.2363016575634094,7.262554456261954,5.328177033210113,3.0484086009130786,-2.2585304447889807,-1.1891339684271762,2.5346350847681043,-2.389281037228942,0.415886587079368,2.945077490223364,-2.9030545533739165,2.853334174370988,-0.08476935923695539,0.08476935923695539,0.20525468210629993,0.7215214535854709,-0.33837019803861723,-0.24219962835099584,1.8592746324859024,1.1297940954410763,0.5974688683153357,0.4254275006430308,-0.07317708510690657,0.789878156124098,1.8991871298410263,0.789878156124098,3.0484086009130786,0.5627291490956186,0.05171472514643316,0.14535404753916237,-0.17342618918912067,0.15552585007866582,0.14535404753916237,0.13121634113316535,1.068367185412166,0.8540935013537009,1.0368565265893839,1.1024758907167822,2.6626972902213923,0.05166027689504853,-0.08476935923695539,0.08476935923695539,3.1930748342191686,1274815573.242333,1.2316789985653298,0.6031746031746031,0.24603174603174602,0.1349206349206349,0.0894880371533645,0.8865243575449169,0.3049194630592904,0.22494990504792178,0.3406228583414954,1.1406620360758455,-0.2045953763381908,0.41033173779255055,0.3856645741238227,0.4083176995780464,0.3737988098701859,1.1077434889885347,0.8237335440836157,0.055190888350612935,0.7228323285823424,-0.08476935923695539,0.08476935923695539,0.9666102730484629,0.031746031746031744,0.4603174603174603,1570163568.6066036,21.174445635342607,0.6666666666666666,0.2698412698412698,0.1746031746031746,0.09694795212028195,0.2611959149808345,0.7036244889362229,0.8132596928172856,0.7420876531300888,0.6666666666666666,0.3233584486821833,-0.2045953763381908,0.7420876531300888,0.7297810884902993,0.7420876531300888,0.1104345427839093,0.9124854701200753,0.0496002428317994,-0.08476935923695539,0.08476935923695539,0.7420876531300888,1678236149.498567,0.004092766126587044,0.08285281949263384,-0.010912188059753913,0.012306564639789519,-0.01017180253950345,0.10333111068971457,0.1966988557992475,1.0,3.0,1.0,0.0,1.0,63.0,126.0,0.9644612476370511,0.02840723518837951,-0.10490843718221354,0.8719693102466648,0.8719693102466648,0.9886792452830189,0.273827870883127,0.4583860889543677,1,1,1,1,1,0
recent_month_top_future_return,2026-01-31,CIEN,251.80999755859372,1.6930188320861945,1.889717687885442,1.1207933349731585,1.1422308922715148,2.749404166585253,2.0961513818931663,1.712300813133735,-0.9836675961102181,-0.032615868071545595,1.0456700308101325,-0.71979597864953,0.012171530885243254,1.6089697024440204,-1.3864267609731324,2.665728792584561,-0.02877306194773188,0.02877306194773188,0.18595879305349028,0.8433940689921445,0.5128599384959462,1.00586173700506,1.6796849450621893,0.558743400243299,0.5501755483307564,0.29589687747207316,-0.02877306194773188,0.7286332170235168,1.3735396584064805,0.7286332170235168,1.712300813133735,0.3037687962944826,0.10848577598600251,0.3258740521606025,0.07524225296279785,0.33604585470010595,0.3258740521606025,0.47797653287516756,0.6423387172382121,1.2042838918938923,1.0614000560791623,1.7746539053153305,1.987495650193599,0.02765116275067484,-0.02877306194773188,0.02877306194773188,1.9063942674574794,480337215.7719688,1.314175780487709,0.3412698412698413,0.1111111111111111,0.03968253968253968,0.0476101489801903,1.6041335584009222,0.006297285748938175,0.12846983163717862,0.12431239761167023,1.4027540008210948,0.14524258081475394,0.20110172579682664,0.2330933317651871,0.0944460531024447,0.715062945681838,0.6817783504984555,1.1346182666906448,0.0308849254013485,0.055400130553671545,-0.02877306194773188,0.02877306194773188,0.4270898379922148,0.25396825396825395,0.746031746031746,631247535.4344201,20.263208635868082,0.36507936507936506,0.14285714285714285,0.07936507936507936,0.05748813486786606,0.05768449772285589,0.03566158943463571,0.09916422309257868,0.07670929497568446,1.0,0.19388500071061976,0.012171530885243254,0.5501755483307564,0.06440273033589494,0.07670929497568446,0.043313608964679506,0.7735581703097645,0.0349153935612211,-0.02877306194773188,0.02877306194773188,0.11811194019687687,579069114.9843489,0.041363391438284935,0.060632441567287074,0.01340964099430031,0.012306564639789519,-0.01017180253950345,0.10333111068971457,0.1966988557992475,1.0,3.0,1.0,1.0,0.0,63.0,126.0,0.8652173913043477,0.38477429644504957,0.5417577330145154,1.0951511941740164,1.0951511941740164,0.9981132075471698,0.273827870883127,0.4583860889543677,1,1,1,1,1,1
recent_month_top_future_return,2026-01-31,DELL,113.89878845214844,-0.07155890047642299,0.12513995532282451,0.9153261558461346,0.9091517160032145,0.2622244490502885,-0.05528768528636974,-0.1306790826680878,-0.055677709848436674,0.07501151630236802,0.22531634925955157,-0.5158498365036942,-0.07943337921126448,-0.23401019335780238,-0.15985440457605482,-0.2930095076424231,-0.30288292580925247,0.30288292580925247,-0.018416803739245147,0.6231932794847087,1.631569915669739,0.8670107311434354,-0.05566756636571979,0.06558252915708992,0.16062227884260794,-0.14613726167434615,-0.27312683260566006,-0.18635679251652448,-0.12423448051677737,-0.18635679251652448,-0.05566756636571979,0.14683807178291408,-0.09336518300783159,-0.29053348724414263,-0.1769025433777086,-0.2803616847046392,-0.29053348724414263,-0.6796864495360296,0.4459892230786014,0.8670252653680043,0.9584362265993727,2.669104829613426,2.3502491435342248,0.021159300828346363,-0.30288292580925247,0.30288292580925247,0.030341248635718854,906435075.1364814,0.9492079548380593,0.2222222222222222,0.031746031746031744,0.03968253968253968,0.035446073677584795,1.1172281006071119,-0.05399778919184739,-0.06505806909558043,-0.08486882048987132,0.8041681152594204,-0.056018122380921076,0.1372958915953816,-0.13805284289510056,-0.10128738458661346,0.670943807398952,0.42745222807144057,0.9046248892785453,0.020583573529841036,-0.09027322477836297,-0.29053348724414263,0.29053348724414263,0.030341248635718854,0.9682539682539683,0.12698412698412698,860395383.8637822,20.572902591400858,0.2222222222222222,0.015873015873015872,0.047619047619047616,0.03712665488991692,-0.05440403147087014,-0.08934928202672687,-0.22473873309287115,-0.08690285529748554,0.3333333333333333,-0.015299424940309614,-0.1769025433777086,0.16062227884260794,-0.09920941993727506,-0.08690285529748554,-0.03258784786423474,0.3866839244909944,0.018157785443788703,-0.10062085054403946,0.10062085054403946,0.030341248635718854,852965636.4624023,-0.011552296508820059,0.03880466861126979,-0.014874977125399202,0.012306564639789519,-0.01017180253950345,0.10333111068971457,0.1966988557992475,2.0,7.0,2.0,1.0,1.0,63.0,126.0,0.833648393194707,0.29395318167891604,0.4342012983907366,0.831496967434129,0.831496967434129,0.9867924528301887,0.273827870883127,0.4583860889543677,1,1,1,1,1,0
recent_month_top_future_return,2026-01-31,INTC,46.470001220703125,1.1949635472283222,1.3916624030275697,1.2184288801312955,1.2940909704391228,1.3119403153615865,1.0745536612536846,1.346969849055506,-0.9618729108305215,-0.43855093765102615,1.0196971322915869,-0.8576566404121984,0.22979804645106938,1.2436387383657914,-1.1849293571761175,1.8856308757038984,-0.14451396388481696,0.14451396388481696,0.1360553623259939,0.9975238238876679,0.4280862517614954,0.6594940504431202,0.9084189114044798,0.4815586342140583,0.37782335570688486,0.22535192045289465,-0.10743240486493588,0.3850969382249845,0.8801618995616568,0.3850969382249845,1.346969849055506,0.19195238711935314,0.07897243740758841,0.16204049187938852,0.014253555161292786,0.17221229441889196,0.16204049187938852,0.21578943890283495,0.7143337895083456,1.4858711140818557,1.0512165106501914,1.2303885321020793,1.8088388488747404,0.03104259724034741,-0.14451396388481696,0.14451396388481696,1.4065252462934366,4031552166.310336,1.0319562051721645,0.38095238095238093,0.1349206349206349,0.047619047619047616,0.046666246538392256,1.2978759327910463,0.012250137092734148,0.1313474818982281,0.13314381187453317,1.666789230995297,-0.09023667957324677,0.1714542431471967,0.14571005047608,0.18790773359021196,0.3146531688200658,0.7509194736464914,1.4134777175092357,0.03268453953693755,0.3118023803953278,-0.14451396388481696,0.14451396388481696,0.3822130486932165,0.09523809523809523,0.746031746031746,4160385274.4992332,22.148873521233842,0.3968253968253968,0.12698412698412698,0.07936507936507936,0.04784850454116909,0.08823095756041743,0.2607696292214039,0.24434485916024606,0.2593495745010346,0.8333333333333334,0.16382337322773133,-0.09023667957324677,0.37782335570688486,0.24704300986124506,0.2593495745010346,0.01467314904764594,1.0614079436430792,0.04990432804657234,-0.14451396388481696,0.14451396388481696,0.2593495745010346,6628480415.726454,-0.030845251036857424,0.07642409614580138,0.008770044095005147,0.012306564639789519,-0.01017180253950345,0.10333111068971457,0.1966988557992475,1.0,3.0,1.0,1.0,0.0,63.0,126.0,0.9672967863894139,-0.018506576022391363,-0.05035506974648807,1.033139678826633,1.033139678826633,0.9943396226415094,0.273827870883127,0.4583860889543677,1,1,1,1,1,1
recent_month_top_future_return,2026-01-31,LITE,391.8399963378906,3.4099318470522406,3.606630702851488,1.1026764216510274,1.1264481822454342,5.636856203619026,3.122028260061394,2.559592930778355,-1.1513821252379266,-0.6092126616648286,0.8310319241085953,0.1130045964514046,0.206486149613478,2.4562618200886406,-1.6155564102183553,3.0011829985277325,-0.014040604150043379,0.014040604150043379,0.23146086098201635,1.312652962806679,1.0576828313864168,3.000210571944499,1.9503802691135266,0.5760162892200894,0.2251337226482668,0.4922394596391124,0.04532098486043834,1.4082108055404285,1.9727280018107702,1.4082108055404285,2.559592930778355,0.23876829476779493,0.22695459104802462,0.9440365205599999,0.6132169458256964,0.9542083230995033,0.9440365205599999,0.8854836381922674,0.8528613323592714,1.1639201995590984,1.250057039917119,3.4506583072100314,3.7313979004456925,0.040118630794500405,-0.014040604150043379,0.014040604150043379,2.6730408250559385,976831110.5627272,1.469175957906294,0.49206349206349204,0.1984126984126984,0.09523809523809523,0.0663865160127997,2.254792243474026,0.054988533460935685,0.11276989413533478,0.1429644788055786,1.572190478020577,0.13356499011763945,0.1913093466848406,0.2050682492459064,0.027076860176151962,0.9559874354782418,1.066125312588801,0.9310936720425721,0.05057634117549983,-0.01482178655973665,-0.014040604150043379,0.014040604150043379,1.080271793736427,0.2698412698412698,0.9365079365079365,1435136782.5736637,21.084526001178904,0.5714285714285714,0.23809523809523808,0.15873015873015872,0.08146939264150055,0.07717499361117142,-0.029459442381949974,0.0635444731441463,0.06307821761577714,1.0,0.24670805343144211,0.06307821761577714,0.6132169458256964,0.050771652975987625,0.06307821761577714,0.08726354875331332,0.9926625321558418,0.049379972541873804,-0.014040604150043379,0.014040604150043379,0.2084502585594159,1592539146.9213576,0.08887090981925438,0.08602325995157183,0.05254673457539161,0.012306564639789519,-0.01017180253950345,0.10333111068971457,0.1966988557992475,1.0,3.0,1.0,1.0,0.0,63.0,126.0,0.9502835538752363,0.7887657709656675,0.7934871792914742,1.3027766837414223,1.3027766837414223,1.0,0.273827870883127,0.4583860889543677,1,1,1,1,1,1
recent_month_top_future_return,2026-01-31,MRVL,78.8610610961914,-0.4950894301767659,-0.29839057437751837,1.1423155228053827,1.1984374991622726,0.35504144313644037,0.02188326886716685,-0.016684484632694008,-0.04327652228304002,0.2737081114150851,0.16712776480513147,-0.32461887673023904,-0.21774301260804219,-0.12001559532240857,-0.14080662729241356,-0.030102692892372666,-0.33593057556794714,0.33593057556794714,0.028555780733098945,0.38753032738600396,-0.570905295899157,-0.6384838979691737,0.2570236267823911,0.1718857399728386,0.3372037075378109,-0.06542750157714705,-0.21180846456988622,-0.05996100691573403,0.06012604507798769,-0.05996100691573403,0.2570236267823911,0.1157615146734261,-0.023957938044349758,-0.15749111192510756,-0.04629827513720708,-0.1473193093856041,-0.15749111192510756,-0.3051773042440734,0.5542522289400054,0.6579138256979474,0.9311000897551991,0.7391797182787079,0.6163193177500255,0.025054271135178656,-0.21180846456988622,0.21180846456988622,0.2683209376307174,1516437385.0300016,0.9721895308660086,0.3333333333333333,0.07142857142857142,0.06349206349206349,0.041689201070591674,0.4290225194709539,-0.05991237416568296,-0.035099014531899675,-0.07536090614170876,0.7966555539707867,-0.04944068573184757,0.19147196074448586,-0.11659078922594757,-0.06288517174477781,0.21555113989520502,0.5160643001130581,0.7065983914478232,0.025229710146443377,-0.04324747618472957,-0.21180846456988622,0.21180846456988622,0.029952949783242477,0.6190476190476191,0.746031746031746,1474264549.939994,21.11142509285892,0.36507936507936506,0.09523809523809523,0.06349206349206349,0.04451423047810155,-0.058066468405409966,-0.055783702638238286,-0.1937273792477506,-0.07064272842962949,0.3333333333333333,0.011473420050751785,-0.21774301260804219,0.3372037075378109,-0.082949293069419,-0.07064272842962949,-0.0497843070386913,0.36465020434353357,0.018219541577145105,-0.12471706616261191,0.12471706616261191,0.0,1186017739.8159573,-0.031323632547178626,0.04067411763179258,-0.03421604554313329,0.012306564639789519,-0.01017180253950345,0.10333111068971457,0.1966988557992475,2.0,7.0,2.0,1.0,1.0,63.0,126.0,0.9197542533081287,0.03509880590843473,0.25506843385807354,1.0936729216347119,1.0936729216347119,0.9962264150943396,0.273827870883127,0.4583860889543677,1,1,1,1,1,1
recent_month_top_future_return,2026-01-31,SNDK,576.25,,,1.1062548751358243,1.4879513735046663,16.946122362085212,11.706725896117423,12.426142231686875,-8.290224088428602,-2.4436763160461368,3.6442220488089294,-1.753287444351293,0.22250707034437145,12.32281112099716,-10.535207627229237,11.39079229620164,0.0,-0.0,0.506149794783695,2.2584338873216048,4.914445070585345,16.098273920719063,9.982465915640738,4.2599196046544705,1.1383646719636702,1.5254539462044034,0.024613421238373734,4.135918143258273,8.848175430195296,4.135918143258273,12.426142231686875,0.7765597794356938,0.39629689777867494,1.8909346044576365,0.12015249449774945,1.90110640699714,1.8909346044576365,1.5702568310680314,1.0908935839195735,1.1328678886275527,1.1038839800110192,8.791431441967276,22.769113878058455,0.05199397120947681,0.0,-0.0,13.161956732575277,2506013689.7789907,1.7310132480497296,0.5476190476190477,0.2619047619047619,0.11904761904761904,0.0804497912244042,3.0303799811212495,0.16149770482161552,0.6050960632215163,0.8937564098110271,1.928410421731412,0.06314943649499427,0.576738224572728,1.5808402147547462,0.8794208140070541,1.0997999316005473,1.2042199511856235,1.0262562997030216,0.05593800134850378,1.1080272469669663,0.0,-0.0,1.9645538919880603,0.0,0.6190476190476191,4337942896.801418,22.190666086009827,0.5714285714285714,0.2698412698412698,0.14285714285714285,0.09633737388923709,0.5928584739556917,1.1109475178076709,1.1551205965927314,1.427542287247309,1.0,0.6247126233306314,0.06314943649499427,1.427542287247309,1.4152357226075194,1.427542287247309,0.35887188279234894,1.2358383111323112,0.05851162222628785,0.0,-0.0,1.427542287247309,7536855370.552571,0.16633035445508426,0.07703712919676751,0.11013289993224173,0.012306564639789519,-0.01017180253950345,0.10333111068971457,0.1966988557992475,1.0,3.0,1.0,1.0,0.0,63.0,126.0,0.9863894139886578,0.10257698108731028,0.1025423459530912,0.9028373271420824,0.9028373271420824,0.9905660377358491,0.273827870883127,0.4583860889543677,1,1,1,1,1,0
recent_month_top_future_return,2026-01-31,VRT,186.0969696044922,0.3965784461231219,0.5932773019223694,0.8828721359042463,0.8882589378224438,1.1827802340017963,0.4508368686132098,0.2795463441753345,-0.04496153282529991,0.18107273488399533,0.3249611316866532,-0.35923744849717465,-0.12396985461850196,0.17621523348561996,-0.313822660985856,0.5389181337969068,-0.0653411620774107,0.0653411620774107,0.06134336201810808,0.5091443519641242,-0.41724691326068386,-0.43722154268407,0.46061907905932986,0.11965252813267781,0.18308524909044022,0.10189602562880884,-0.013552761017700976,0.23458481135003462,0.32491674486156635,0.23458481135003462,0.46061907905932986,0.27840378447859226,-0.013180264935380492,-0.03427631681052146,-0.06773269044932084,-0.024104514271018007,-0.03427631681052146,-0.06245476920377091,0.5187176430783874,0.9662053519922441,1.0580288757684049,0.7482818870122305,1.0091051836863238,0.024873683422683236,-0.0653411620774107,0.0653411620774107,0.529321635334054,1084694370.6033494,1.0009665542680357,0.3492063492063492,0.07936507936507936,0.05555555555555555,0.047927472432528026,0.8428260794963547,0.1409589722123471,0.015923656632511607,0.07795666951912117,0.9496237093564128,-0.09859241062134871,0.17079535265337456,0.03588710372663839,0.04375303198033009,0.21281581640898573,0.548818244747463,0.9132126486533999,0.0264653884285997,0.1363143247715788,-0.04572018717452042,0.04572018717452042,0.24260826418662274,0.015873015873015872,0.4603174603174603,1085742786.5767705,20.80553018655426,0.3968253968253968,0.047619047619047616,0.09523809523809523,0.050813460943780746,0.07988859201849441,0.1382137728258961,0.2976695857784986,0.14918835378420225,0.5,0.053397071944010534,-0.12396985461850196,0.27840378447859226,0.13688178914441274,0.14918835378420225,0.0491289163163402,0.5011877629151406,0.023674433942762637,-0.04572018717452042,0.04572018717452042,0.1579798444367495,875311127.7045114,0.010381619442431544,0.047567642979177115,-0.015420790328340317,0.012306564639789519,-0.01017180253950345,0.10333111068971457,0.1966988557992475,2.0,7.0,2.0,1.0,1.0,63.0,126.0,0.8997164461247638,0.36905150691809996,0.34622223209791425,0.7647877989359015,0.7647877989359015,0.9849056603773585,0.273827870883127,0.4583860889543677,1,1,1,1,1,0
recent_month_top_future_return,2026-01-31,WDC,250.04510498046875,3.9057766548135926,4.10247551061284,0.9533017198542496,0.9821648578600765,4.7270836529714195,2.918154887682406,2.1862079813684008,-1.1003242536281919,-0.06543704013358775,0.9111048113969606,-0.24389746496190146,0.02096822912215912,2.082876870678686,-1.5190006349333416,3.271040230537,-0.10536284739415691,0.10536284739415691,0.23370329838112003,0.8233295100320103,0.07721984716905239,0.7959488429258961,2.120770941234813,0.6172502212769292,0.49613849503288177,0.5740960094212324,-0.10536284739415691,1.085883727740209,1.7976208834478076,1.085883727740209,2.1862079813684008,0.251124362065938,0.2023455458887531,0.6672073464350592,0.08734442060904568,0.6773791489745626,0.6672073464350592,0.847910381098642,0.6683525200818137,1.52635926189269,1.1773491570158754,5.107510838353696,7.871436614189381,0.03129839786475746,-0.10536284739415691,0.10536284739415691,2.398247845683009,1304222147.1206846,1.309550279882024,0.35714285714285715,0.15079365079365079,0.05555555555555555,0.052230863721745326,1.9288705408873623,-0.02560861398686043,0.2537980988845254,0.3123942152121726,1.7204292376766679,0.05558394803944644,0.20747239814613386,0.5332835804695808,0.30058478342491246,1.2853466014031194,0.7868842761077592,1.2964372147353638,0.037725862625683323,0.3952611770094161,-0.10536284739415691,0.10536284739415691,0.8130109859666355,0.031746031746031744,0.9841269841269841,1707944477.790227,21.25855642522134,0.4444444444444444,0.20634920634920634,0.1111111111111111,0.06453625724880442,0.1952520728620093,0.45443479525966346,0.44360841252631367,0.45254537388274385,1.0,0.22728413812536916,0.02096822912215912,0.49613849503288177,0.44023880924295433,0.45254537388274385,0.10865218382943609,1.0201460592361964,0.048165217117034226,-0.10536284739415691,0.10536284739415691,0.45254537388274385,2276335715.6329927,0.013934882275081106,0.07297570817750279,-0.03894457803061402,0.012306564639789519,-0.01017180253950345,0.10333111068971457,0.1966988557992475,1.0,3.0,1.0,1.0,0.0,63.0,126.0,0.9467863894139887,0.11777159833711637,0.08148285746297246,0.7373135071577661,0.7373135071577661,0.9830188679245283,0.273827870883127,0.4583860889543677,1,1,1,1,1,0
recent_month_non_top10_control,2026-02-28,A,120.87117767333984,-0.2446007826552511,-0.0434872987636622,1.037499935617186,1.0298907301546756,0.0909374424588425,0.06124131958690504,-0.030390725041009703,-0.13880207478203477,-0.022223741944608855,0.2240031193325236,-0.4318406978121111,0.02345797056230925,-0.09767211642912932,-0.1774468534385778,-0.10787458711737191,-0.22648255223802038,0.22648255223802038,0.0002910782946601298,1.0715947898093021,1.8294593888743798,1.2413914010843952,-0.05261446698561856,0.07455469844010704,0.1403193578637687,-0.13250215494912165,-0.18876509079709125,-0.16919279982304447,-0.08406599728322424,-0.16919279982304447,-0.030390725041009703,0.04878390795459775,-0.05629119882755784,-0.2078375784795875,-0.11355042044118369,-0.18978728837786696,-0.2078375784795875,-0.8310549014120124,0.281722747248556,0.8967108727366816,0.8877127216972363,1.3969026548672567,1.1735975397593017,0.012910145926776237,-0.22648255223802038,0.22648255223802038,0.0033892544913132205,272973515.2867332,1.0811696462422438,0.07936507936507936,0.015873015873015872,0.0,0.024843433407576866,2.0754292282272933,-0.06528686372254244,-0.06769635600630519,-0.09964514901916377,1.0941534876009735,-0.01455710911006669,0.09422543978633106,-0.10636494191280488,-0.09824939853760783,0.8332675277793447,0.25008886672403824,1.0101363321934167,0.012473359620117893,-0.10367905430153856,-0.21230189745682548,0.21230189745682548,0.0033892544913132205,0.9841269841269841,0.015873015873015872,295130678.95605904,19.50292879911803,0.07936507936507936,0.0,0.0,0.024236908628987672,-0.07056877816768437,-0.09346977498451459,-0.36878557417989116,-0.0931640317784711,0.5,-0.001451720824840963,-0.11355042044118369,0.1403193578637687,-0.06971851922755601,-0.0931640317784711,-0.04627581613890808,0.25262385055502823,0.012565808083367264,-0.10347884338623525,0.10347884338623525,0.0033892544913132205,311727912.1816363,-0.022335342577609607,0.03231880923506268,-0.01424463478599991,-0.023445512550915093,-0.018050290101720545,0.06728139138811962,0.2011134838915889,1.0,3.0,1.0,1.0,0.0,63.0,126.0,0.4680529300567108,-0.0588228350912372,-0.04585873468163226,0.11912387858555795,0.11912387858555795,0.730188679245283,0.35160530576878785,0.6144489781212408,0,0,0,0,0,0
recent_month_non_top10_control,2026-02-28,AAPL,263.93682861328125,-0.10397733778710783,0.09713614610448107,1.086276562246188,1.0951043197306607,0.3193125227482616,0.27660024824433327,0.14018923961386376,-0.16122146433399764,-0.10070636800445398,0.20237923226280707,-0.2541016763804632,0.0968812192629327,0.07290784822574414,-0.1919116837315199,0.6077809642565979,-0.0760431913609586,0.0760431913609586,0.018549882764284487,1.0432670989366852,2.593957964997318,2.4080696749915393,0.039482871609409775,0.08144140020327595,0.06181520766834603,-0.008706729490043252,-0.0760431913609586,-0.021032224720133885,0.052879962167713214,-0.021032224720133885,0.14018923961386376,0.03236417355566945,-0.012237683923367215,-0.05172244411765614,-0.025067288626873463,-0.033672154015935596,-0.05172244411765614,-0.2244718755543695,0.23065750304525418,1.4365205898535225,0.9989632633886953,-0.21718045852921897,-0.20225537985939024,0.010113640557507735,-0.0760431913609586,0.0760431913609586,0.16708638700004985,12964972451.289888,0.9828969352876368,0.0873015873015873,0.0,0.0,0.019357288404344083,1.2918340843264344,0.017286394302516217,-8.04194674476344e-05,-0.003848107283622393,1.2764721946811166,-0.045538085253494565,0.053058021795460854,-0.02734050789335063,0.038068984933366634,0.13011735861137352,0.23041837196717505,1.4380114289493888,0.009940730492169168,0.05001972051489889,-0.0760431913609586,0.0760431913609586,0.07185729558688769,0.9365079365079365,0.42857142857142855,12743231688.461472,23.26826611971585,0.07936507936507936,0.0,0.0,0.01965559672548269,0.0028522759550202448,0.0666658458871856,0.057540751430746134,0.01906579726125268,0.6666666666666666,0.02325350397797214,-0.045538085253494565,0.0968812192629327,0.042511309812167775,0.01906579726125268,-0.016519173611933446,0.3313442523287092,0.015281508263428936,-0.04923336193396721,0.04923336193396721,0.03284074249756741,14623315269.677298,-0.006412556649864287,0.02647277048087359,-0.02132359574292131,-0.023445512550915093,-0.018050290101720545,0.06728139138811962,0.2011134838915889,2.0,8.0,2.0,1.0,1.0,63.0,126.0,0.5421550094517958,-0.039329287398935375,0.02714066721380215,0.1823283593962639,0.1823283593962639,0.7924528301886793,0.35160530576878785,0.6144489781212408,0,0,0,0,0,0
recent_month_non_top10_control,2026-02-28,ABBV,228.54373168945312,-0.05359681338910027,0.14751667050248862,1.1073219671978798,1.1245000971125856,0.27703503067329316,0.2466078101993372,0.11993260294433683,-0.04697686022089176,-0.10225175749253745,0.09002624369685441,-0.06258987744382338,0.10047526977590193,0.052651211556217214,-0.0924962366913058,0.464027951750946,-0.035789281234419046,0.035789281234419046,0.006571888208078969,0.7696410079392475,2.0193176683235428,2.102156773705915,0.017680845451799376,0.051181965532983195,-0.05151647460438913,0.034570314143730796,0.05818764766537954,0.07295574272344507,0.07018973037319376,0.017680845451799376,0.11993260294433683,0.04430384008736166,-0.002283219478571019,0.02743636625303103,0.0034695035861873613,0.045486656354751576,0.02743636625303103,0.10808345138108408,0.25845986753984873,1.0400735779982797,0.9821419693581659,0.2107909758086437,0.2600349008957026,0.011476469748012554,-0.035789281234419046,0.035789281234419046,0.13329079475635974,1354760523.6480591,1.040837975091485,0.0873015873015873,0.007936507936507936,0.0,0.021669404686147958,1.1877083055592588,0.045218669431437375,0.003850059948615092,0.03853076453110593,1.0981555284646456,-0.016130820641631627,0.05326773987075093,0.023883997053414152,0.0224995746615948,0.34854685713004296,0.25384428330563774,1.0589849639334448,0.011775871938595988,0.04743631953674354,-0.0033496402525362567,0.0033496402525362567,0.08428340041463533,0.12698412698412698,0.42857142857142855,1410086200.1677256,21.066916675047732,0.07936507936507936,0.0,0.0,0.023348640716300696,0.040322524407042426,0.0371295836115495,0.15129560257942223,0.04067087224049604,0.6666666666666666,0.020212031740654373,-0.05151647460438913,0.10047526977590193,0.06411638479141113,0.04067087224049604,0.028766734802976757,0.2688172792011319,0.013183397647831666,-0.0033496402525362567,0.0033496402525362567,0.06895122132426734,1604350596.467445,0.016178825804039176,0.024972915645250508,0.016459225948294076,-0.023445512550915093,-0.018050290101720545,0.06728139138811962,0.2011134838915889,1.0,3.0,1.0,1.0,0.0,63.0,126.0,0.595179584120983,-0.06286626604820633,-0.0818978461650216,-0.05409237191846461,-0.05409237191846461,0.2528301886792453,0.35160530576878785,0.6144489781212408,0,0,0,0,0,0
recent_month_non_top10_control,2026-02-28,ABNB,135.11000061035156,-0.22818912758022736,-0.027075643688638462,1.00899779037127,1.034657351310607,0.04736434581667881,0.020391185511422272,0.035087733654228126,0.032637883801276635,0.07766142338626025,-0.10373095106222363,0.2586160102762781,-0.06979239022100159,-0.03219365773389149,0.11979732555982636,0.12479964495162703,-0.052391647669877583,0.052391647669877583,0.00405592008009692,0.8435301198984356,1.5764183483328709,1.9754670567745842,0.11274915704048838,0.03899497244980476,0.04216770568105255,0.06670941165077182,0.058181780067280475,0.06772561745550476,0.0718541693834071,0.035087733654228126,0.11274915704048838,-0.07547023062006297,0.016805060011499506,0.1548850592140545,0.16009918539142132,0.17293534931577503,0.1548850592140545,0.47505758541178106,0.2811525118346956,1.6453331412022736,1.159634963993611,0.8536954103317453,0.9359418526255632,0.012900042057666984,-0.03541091207617564,0.03541091207617564,0.21131432222843993,615390508.1102523,1.0047421584228058,0.0873015873015873,0.007936507936507936,0.015873015873015872,0.026142682126982078,1.7782429640575188,0.04097954731934672,-0.054460118005464575,0.031173326842692584,1.4146972923303411,-0.04678754823461484,0.09125532775591592,-0.0044945520547086115,-0.07132606242323669,0.5990010088334441,0.3260342829381405,1.4188371274491327,0.014853355959093095,-0.035671103157948414,-0.03541091207617564,0.03541091207617564,0.1651431672738184,0.49206349206349204,0.15873015873015872,618308787.391602,20.242498548226266,0.1111111111111111,0.015873015873015872,0.031746031746031744,0.028594244845180757,0.05921966947802915,-0.015668579497655988,0.09591420530081415,0.04436890863267462,0.5,0.009097605104911513,-0.07547023062006297,0.16009918539142132,0.06781442118358971,0.04436890863267462,0.07905640351249899,0.4625895454538891,0.022554816076288627,-0.01357962030937343,0.01357962030937343,0.1651431672738184,748987810.0457327,0.05863179545123898,0.037736437861305615,0.03497670347486359,-0.023445512550915093,-0.018050290101720545,0.06728139138811962,0.2011134838915889,1.0,3.0,1.0,1.0,0.0,63.0,126.0,0.5552930056710774,-0.06535416913008418,0.03885722726876928,-0.013322500507929824,0.03885722726876928,0.5830188679245283,0.35160530576878785,0.6144489781212408,0,0,0,0,0,0
recent_month_non_top10_control,2026-02-28,ABT,114.80577850341795,-0.342239870388348,-0.14112638649675913,0.9657324965883343,0.9622841223064653,-0.11673441697035647,-0.06918634684189873,-0.11458342036776303,0.0605417708051984,-0.008461502778878471,-0.024022502837567572,-0.06876746188343597,0.009648730023024132,-0.18186481175588265,0.021793455646759496,-0.5053777782715776,-0.15466303645373158,0.15466303645373158,-0.03373831501085234,1.3515024806443996,4.144339916031721,3.666996796710287,-0.1230449231466415,0.03763498994026947,-0.07294536123304785,-0.04719813742216761,-0.04047842716175343,-0.05404164956256463,-0.09722333102565639,-0.1230449231466415,-0.05404164956256463,0.04271151514160931,-0.04721973928078438,-0.09278996472100354,-0.02800609853919256,-0.07473967461928299,-0.09278996472100354,-0.34924773512470814,0.22672825219906825,0.8239227388558175,1.171822334008763,-0.24516581676306515,-0.19647799391349896,0.009439335434224363,-0.1402475165556294,0.1402475165556294,0.09712395284236308,905090972.9333907,1.124680273892228,0.023809523809523808,0.0,0.007936507936507936,0.01937179875070223,1.5544996417202128,0.06599969469783651,-0.07547092332301697,-0.009704036659271442,0.756653396347659,-0.12320494953973316,0.07133572195290394,-0.06665048626791525,-0.06568261429341593,0.17033589019450623,0.26568522967763963,0.7031123361825735,0.00990440215020902,-0.009368616669271912,-0.09278996472100354,0.09278996472100354,0.09712395284236308,0.9682539682539683,0.3333333333333333,1017937963.3361089,20.741044814451797,0.031746031746031744,0.0,0.015873015873015872,0.019119663259069653,0.033765804824666734,0.07070784082466264,0.3452841688670996,0.06450134868134816,0.5,-0.017882469244331994,-0.12320494953973316,0.06450134868134816,0.08794686123226325,0.06450134868134816,0.03693203895524122,0.18680656252784883,0.00918865701315338,0.0,-0.0,0.09671039858108155,1156778462.675585,0.020730397762381614,0.0160046612952284,0.007813013606921437,-0.023445512550915093,-0.018050290101720545,0.06728139138811962,0.2011134838915889,1.0,3.0,1.0,1.0,0.0,63.0,126.0,0.39149338374291115,-0.11757627664812365,-0.21478655085190723,-0.2596731766448873,-0.11757627664812365,0.09056603773584905,0.35160530576878785,0.6144489781212408,0,0,0,0,0,0
recent_month_non_top10_control,2026-02-28,ACGL,100.1500015258789,-0.12318863642199229,0.0779248474695966,0.8777688803867145,0.8963077446237017,0.053766840920944414,0.16372303470833827,0.09417680390630334,0.06617546534141061,0.009647706403553613,0.026111651060013452,0.0402214353794359,-0.008740253829701006,0.026895412518183726,-0.02784371746685399,0.47168954447432454,-0.017944712402583662,0.017944712402583662,0.020039761787594257,0.9235705830676527,1.4758244206773616,1.6400534959830528,0.10382451030985695,0.03574832859155301,-0.04871603256699386,0.0731717941886929,-0.012859931161325,0.16035226924771395,0.11945119448795809,0.09417680390630334,0.16035226924771395,0.08817055759021808,0.02644460439715335,0.06633308643944935,0.021294719324870037,0.0843833765411699,0.06633308643944935,0.3421441722869545,0.19965845121977188,1.2630278097925545,0.9710315932484199,0.002752459164335308,0.045664924594462475,0.009376345788036696,-0.017944712402583662,0.017944712402583662,0.18212936830559356,199507485.92942858,1.0301522163229917,0.031746031746031744,0.0,0.0,0.018786021410387918,1.2715205263910743,-0.006824430272106552,0.02489873446862334,0.04191377026837406,1.377831759698875,0.0012510711934194951,0.046845177910857363,0.04409928521352979,0.05611755189741463,0.1909006466364187,0.19387466399344702,1.30070722577348,0.008804994053250852,0.07083006938498904,-0.017944712402583662,0.017944712402583662,0.10479867446320923,0.23809523809523808,0.4444444444444444,205523078.80322894,19.141068896072213,0.031746031746031744,0.0,0.0,0.018700892068359298,0.03518493939982226,0.064781503405549,0.16970284370307864,0.04279467483519239,0.6666666666666666,0.01600912275783419,-0.04871603256699386,0.08817055759021808,0.06624018738610749,0.04279467483519239,0.014593352849899155,0.25217417635068207,0.010824763078559708,-0.017944712402583662,0.017944712402583662,0.046280821653579496,193376795.79158965,0.012444553862936747,0.024983951391186133,0.007464201486869326,-0.023445512550915093,-0.018050290101720545,0.06728139138811962,0.2011134838915889,1.0,3.0,1.0,1.0,0.0,63.0,126.0,0.16871455576559544,-0.04153772939318867,-0.056814801345119736,-0.10793814301834992,-0.04153772939318867,0.2962264150943396,0.35160530576878785,0.6144489781212408,0,0,0,0,0,0
recent_month_non_top10_control,2026-02-28,ACN,204.5058441162109,-0.596223788914073,-0.3951103050224841,0.924039766696961,0.9624989960888797,-0.3379083418788186,-0.21856981985790191,-0.1971380905028336,0.03168424822349203,0.043528993721778875,-0.03835054572465757,-0.12676944064067708,-0.05142894796746034,-0.2644194818909532,0.03201810413749895,-0.5465330775168129,-0.4092973480801684,0.4092973480801684,-0.01226094789715948,1.1644432483449922,4.308495681863828,3.4319569472540348,-0.15360909678105472,0.022505417406473893,0.0141930382025095,-0.1754069674376204,-0.25254838116323486,-0.16545384227934157,-0.17206700985440995,-0.1971380905028336,-0.15360909678105472,-0.0003998849038839847,-0.04636677549205337,-0.16511998636533465,0.07319992731666747,-0.1470696962636141,-0.16511998636533465,-0.38373329824321084,0.36070660425263845,1.654087362339177,1.1929330302455634,0.4528115209146375,0.1501698584753901,0.016241026053105755,-0.2766340708852999,0.2766340708852999,0.08992172728566472,1192206669.5560274,1.0653035163236584,0.15873015873015872,0.007936507936507936,0.015873015873015872,0.02937336612247059,1.6036011743252856,-0.1903376842350697,-0.11565596606642803,-0.1824923658696228,1.3434952202994035,-0.017368407733047486,0.09578847410701308,-0.2220647873857723,-0.1841236145800179,0.5486712412598793,0.4302988224406872,1.3865718530726623,0.01899315794112671,-0.25115607618033065,-0.2766340708852999,0.2766340708852999,0.08992172728566472,0.47619047619047616,0.031746031746031744,1270061957.262554,20.962331522260417,0.2222222222222222,0.015873015873015872,0.031746031746031744,0.03270366100591884,-0.1425824913200241,-0.2782212380087269,-0.3491458635839028,-0.20831447030975847,0.3333333333333333,-0.031686457565828885,-0.20831447030975847,0.07319992731666747,-0.18486895775884338,-0.20831447030975847,-0.07669100385625738,0.5966402356065681,0.029528907599701344,-0.21766182571209303,0.21766182571209303,0.08992172728566472,1657094660.8765376,-0.007767849883618894,0.05085418909222295,0.0378812992623061,-0.023445512550915093,-0.018050290101720545,0.06728139138811962,0.2011134838915889,1.0,3.0,1.0,1.0,0.0,63.0,126.0,0.7215500945179585,-0.049971292658568256,-0.1365201031598966,-0.09612672864268912,-0.049971292658568256,0.269811320754717,0.35160530576878785,0.6144489781212408,0,0,0,0,0,0
recent_month_non_top10_control,2026-02-28,ADBE,262.4100036621094,-0.6027688899411338,-0.40165540604954486,0.9146566837629941,0.947037907827638,-0.3678238310313242,-0.2663759068717746,-0.2643397962380648,0.0354308765608764,0.008237751339721378,-0.10252314570427667,-0.0777786077718845,-0.011073765270124603,-0.3316211876261844,0.08403804276190363,-0.867596423544261,-0.4184690866476327,0.4184690866476327,-0.05468257615880334,1.0967250700437547,1.828875818444124,1.318824548012338,-0.25610204489834343,0.01854127656653554,-0.0352657758792525,-0.17920899439797422,-0.13724449015985518,-0.2289089196771884,-0.24978358693786554,-0.2643397962380648,-0.2289089196771884,-0.059298853458769285,-0.08122363715850811,-0.18030175347616118,0.09327456001037171,-0.16225146337444063,-0.18030175347616118,-0.5384539986559678,0.3046805969510539,1.329357139559835,1.0990224047625141,-0.10761421319796949,-0.20146306024642735,0.01401016767136293,-0.28588142991292453,0.28588142991292453,0.06376686984502444,1522537777.246251,1.0094308996587058,0.09523809523809523,0.007936507936507936,0.023809523809523808,0.02708491420278188,1.2823670960899147,-0.08625848584226947,-0.1605700933369486,-0.13300698017802415,1.0186103196762963,-0.16211889430431536,0.0870532584140435,-0.2502356896367711,-0.16236350562578972,0.18311493417083113,0.33485080234562553,1.209581473315909,0.015142857638741129,-0.13545493557766297,-0.26604759164812075,0.26604759164812075,0.06376686984502444,0.7142857142857143,0.06349206349206349,1536896678.2500494,21.15303107689465,0.1111111111111111,0.015873015873015872,0.031746031746031744,0.028934989942890905,-0.05070319364492104,-0.14735911405025603,-0.25965089674150743,-0.10516622792119568,0.16666666666666666,-0.04660815947054762,-0.16211889430431536,0.09327456001037171,-0.08172071537028058,-0.10516622792119568,-0.012343346324883986,0.40502932684223597,0.01872348895173146,-0.10556275378437519,0.10556275378437519,0.06376686984502444,1682601710.6999714,0.01452918681725146,0.035037854858196445,0.024150945418781156,-0.023445512550915093,-0.018050290101720545,0.06728139138811962,0.2011134838915889,2.0,8.0,2.0,1.0,1.0,63.0,126.0,0.6587901701323252,-0.07366335719405293,-0.06215463332562288,-0.012194703564547549,-0.012194703564547549,0.3905660377358491,0.35160530576878785,0.6144489781212408,0,0,0,0,0,0
recent_month_non_top10_control,2026-02-28,ADI,353.7106018066406,0.3709001600236004,0.5720136439151893,1.0635967533294393,1.0924950565913172,0.6828245065326317,0.5957739980727441,0.42636072276526993,0.09863227092312887,0.02682042410221741,0.06000322181798401,0.28561601160185,-0.018456352919271057,0.3590793313771503,-0.0807414893454359,1.5185271620430538,-0.013885791728268426,0.013885791728268426,0.07327639726046598,0.9568909209666885,1.3591535699115727,2.1745224182640754,0.45318114686748734,0.05099771458981659,-0.04708995196576271,0.28316929743524755,-0.013885791728268426,0.5249929936883988,0.46817828777371867,0.42636072276526993,0.5249929936883988,0.13330201873875858,0.11550476459008663,0.345619233419834,0.025694775968302608,0.36366952352155457,0.345619233419834,1.3105936444988875,0.28077253632502464,0.9452500121963469,0.9392370587295755,0.38675776284728536,0.5870899983272853,0.013431413329163915,-0.013885791728268426,0.013885791728268426,0.5854645819578681,1007904000.3059145,1.203782085875128,0.09523809523809523,0.015873015873015872,0.007936507936507936,0.024795647690442794,1.8235861821944523,0.01065137681147299,0.12770201909207612,0.15248992670107775,1.3187888601589406,0.14631267187821173,0.08793111740558125,0.31190999988228296,0.1367032831521835,0.4893954168698196,0.26371197118995904,1.0064019550877865,0.013179068365556077,0.15224777984024862,-0.013885791728268426,0.013885791728268426,0.3843307734822963,0.031746031746031744,0.9841269841269841,1213296779.8501394,20.916607103800203,0.06349206349206349,0.015873015873015872,0.0,0.024784370131306372,0.09101225652299427,0.15756795984243466,0.5443132606718357,0.1444608718603304,0.6666666666666666,0.0640373389267616,-0.04708995196576271,0.14631267187821173,0.1679063844112455,0.1444608718603304,0.05858063030058869,0.2654002433856288,0.013644968285614043,-0.013885791728268426,0.013885791728268426,0.1444608718603304,1586023290.688215,0.015530239434016657,0.028708738065676767,-0.0018123860573493467,-0.023445512550915093,-0.018050290101720545,0.06728139138811962,0.2011134838915889,1.0,3.0,1.0,1.0,0.0,63.0,126.0,0.6603024574669187,-0.10302104614435292,0.13415089001758274,0.16682822293539923,0.16682822293539923,0.7811320754716982,0.35160530576878785,0.6144489781212408,0,0,0,0,0,0
recent_month_non_top10_control,2026-02-28,ADM,68.5877914428711,0.31318821573410327,0.5143016996256922,0.9901221847281968,1.0053294653642504,0.4656788348181786,0.3058014581500139,0.11983659492625875,0.03903606311832819,0.054360899640591986,-0.022160583041460735,0.16737581522077483,-0.04629621498268077,0.05255520353813914,0.025378637253055336,0.4700503452523024,0.0,-0.0,0.026334576935152842,1.0968949157505137,3.4052465344797334,4.044955432791327,0.17419749456685074,0.028029068981882385,0.013223917585666323,0.11962099832270301,0.03357757968784303,0.15887265804458695,0.1509689158458988,0.11983659492625875,0.17419749456685074,0.011925641120999586,0.06110242927533971,0.1452152321793141,-0.05350675500043023,0.16326552228103464,0.1452152321793141,0.6025306473447578,0.25494416956961435,0.8243653553396331,0.9453398101452816,-0.06622405713010493,-0.035005023384848344,0.01188192253717116,0.0,-0.0,0.2526171027285362,214559529.61218697,0.9759054649589415,0.07142857142857142,0.0,0.007936507936507936,0.026714864144880723,1.4768882330736761,0.013483893516921364,0.09774212032497376,0.07945080301982776,1.059246326368577,0.1708121626038539,0.08101723838841524,0.2099560543401815,0.07377004387173436,0.2565524950366205,0.24100887285858572,0.872030720057101,0.011589038349005348,0.028486167353725333,0.0,-0.0,0.21037716294957853,0.0,0.6984126984126984,209389817.5075531,19.15970823300062,0.06349206349206349,0.0,0.0,0.025814880846906394,0.026415271186901013,0.013475714464567634,0.1590786731823436,0.03343310992710635,0.6666666666666666,0.021598643542419194,-0.05350675500043023,0.1708121626038539,0.056878622478021446,0.03343310992710635,0.02052578480895173,0.2101671409390228,0.010503093432931512,0.0,-0.0,0.06312661628271643,266427358.5184733,0.013148628435948106,0.026836294387919735,0.01643014512120522,-0.023445512550915093,-0.018050290101720545,0.06728139138811962,0.2011134838915889,1.0,3.0,1.0,1.0,0.0,63.0,126.0,0.28223062381852554,0.05286787819138716,0.07966394432709722,0.1631807512820722,0.1631807512820722,0.7735849056603774,0.35160530576878785,0.6144489781212408,0,0,0,0,0,0
recent_month_top_future_return,2026-02-28,ALAB,118.83000183105467,0.3971380866503482,0.5982515705419371,0.7999206144317836,0.8742642909313785,0.30985449991304215,-0.13091490130778316,-0.34780458934469205,-0.01565155757387937,-0.04530062016011516,-0.13518106496467241,-0.11067794177797485,0.0746432839259541,-0.41508598073281167,0.10194558260204478,-0.37426619768932895,-0.5282277293652567,0.5282277293652567,-0.09042295657851185,0.7674455047584892,1.1288498059615226,0.605452907163545,-0.3931052095048072,0.023007912963521986,-0.04657819322692136,-0.2654708134237843,0.0076102394693778885,-0.3634561469185714,-0.3681219819226902,-0.3931052095048072,-0.34780458934469205,-0.15593521798621246,-0.025669672717911762,-0.24585900674264727,0.05578468539413328,-0.22780871664092672,-0.24585900674264727,-0.2399162270017304,0.9292973597188112,1.3658244481889286,1.1027366188957568,0.20445202279734653,-0.04976071760545464,0.04295338683696388,-0.5282277293652567,0.5282277293652567,0.0,1014577297.390081,0.8283193523942839,0.5396825396825397,0.15079365079365079,0.11904761904761904,0.07285687860734394,1.0599431983637841,-0.1530951179206399,-0.0898229788978967,-0.24381265472437796,0.9158244530468248,-0.09461412259807755,0.11391539135058826,-0.2857056900992785,-0.17155301801098055,0.3025631094121015,1.0247702284050757,1.2385772130761552,0.04770107838400206,-0.2667851117572171,-0.36681407262507204,0.36681407262507204,0.0,0.20634920634920634,0.0,840394009.9280947,20.54938140045577,0.6031746031746031,0.1746031746031746,0.12698412698412698,0.0768180116300427,-0.21782486890583774,-0.2591706116106415,-0.16628697060197487,-0.21106091034858365,0.3333333333333333,-0.06296007913995127,-0.21106091034858365,0.0746432839259541,-0.18761539779766856,-0.21106091034858365,-0.16107760707811514,1.2692570535413736,0.0551234299165258,-0.36681407262507204,0.36681407262507204,0.0,854483257.9180037,-0.06666769416227347,0.10356329893396503,-0.05433794027547334,-0.023445512550915093,-0.018050290101720545,0.06728139138811962,0.2011134838915889,1.0,4.0,1.0,0.0,1.0,63.0,126.0,0.9057655954631381,-0.07767401510315752,0.6388117688497024,1.8852141784105925,1.8852141784105925,1.0,0.35160530576878785,0.6144489781212408,1,1,1,1,1,1
recent_month_top_future_return,2026-02-28,AMD,200.2100067138672,0.8037934407045366,1.0049069245961255,1.0583061096614073,1.1189279247723556,0.8080917605366496,0.1355567437253844,0.23107668144100457,-0.44937275152229106,0.006391734543084615,0.3375760453063017,-0.4171972109506886,-0.00516516984233617,0.16379529005288496,-0.3106978470853915,0.3397088380716738,-0.242575504542193,0.242575504542193,0.05216422767347262,0.8457252291840849,0.6782291778325651,0.5446066144751152,0.2374684159840892,0.26131015761594495,0.5830397783886911,-0.10948670875471989,-0.05196120751095723,-0.2182960700812865,0.08341634244793576,-0.2182960700812865,0.2374684159840892,-0.15067154878022626,-0.011542188911723206,-0.07962116564438693,-0.015492093670292695,-0.06157087554266638,-0.07962116564438693,-0.13385946230915055,0.6802198104491195,1.2303196796809461,0.8744403293216141,-0.21788803492882602,-0.3385432999453236,0.02728413857694929,-0.242575504542193,0.242575504542193,0.3246659224717421,10130114189.531466,0.7682648014176993,0.30952380952380953,0.0873015873015873,0.05555555555555555,0.04335345821070276,1.094098285426768,-0.14063458889290792,0.0005049211505507856,-0.084418575895292,0.7653334033616632,0.10538845573162892,0.27417820739083426,-0.06513819905537421,-0.07767387438184692,0.05618975553099448,0.594811635060214,1.40697957130525,0.024099521380323764,-0.1623825258886601,-0.22901258333045404,0.22901258333045404,0.04005198292918011,0.38095238095238093,0.23809523809523808,7782610166.159009,22.775157615934297,0.2857142857142857,0.07936507936507936,0.047619047619047616,0.04040581124009688,-0.10054356976789325,-0.19243947543679785,-0.1843359753026633,-0.15426853239039462,0.3333333333333333,0.06047181490617839,-0.15426853239039462,0.5830397783886911,-0.13082301983947953,-0.15426853239039462,-0.0499126546781371,0.8368878193043946,0.035363104008969415,-0.2060829069367529,0.2060829069367529,0.04005198292918011,9012975115.781948,-0.018207817983581842,0.0464761945118989,-0.023546824310208825,-0.023445512550915093,-0.018050290101720545,0.06728139138811962,0.2011134838915889,2.0,8.0,2.0,1.0,1.0,63.0,126.0,0.9530245746691871,0.016083042075494047,0.770590771424323,1.5777931086308223,1.5777931086308223,0.9924528301886792,0.35160530576878785,0.6144489781212408,1,1,1,1,1,1
recent_month_top_future_return,2026-02-28,ARM,127.4499969482422,-0.23331035088648922,-0.03219686699490032,1.319137807813755,1.3333248678860437,0.02336595480426129,-0.09849692697971912,-0.07851927410924009,-0.1709802462569564,-0.020710409966220533,-0.019882872160669307,-0.039943040766528326,0.02299188772108196,-0.1458006654973597,0.018693361182042456,-0.16181777482433346,-0.2864740766305257,0.2864740766305257,-0.03869806144448562,0.7056769415029667,0.9963440446411391,0.8769109396537089,-0.09922968407546062,0.09331326217809104,0.20022616956095485,-0.04908535044560569,0.1390483230209255,-0.2494995203661965,-0.14241615951696573,-0.2494995203661965,-0.07851927410924009,-0.20174307082802156,-0.05288581982801399,-0.05982591292719763,-0.19364119557949844,-0.04177562282547709,-0.05982591292719763,-0.13550466196933597,0.4852326896379538,1.0768510152902668,0.9098819427611208,-0.37130102813743515,-0.23948669721842797,0.022059033379779505,-0.2864740766305257,0.2864740766305257,0.2190338902730371,710052398.8165659,0.9365264018224648,0.23015873015873015,0.047619047619047616,0.023809523809523808,0.04171801122381254,0.965964930429835,0.27755630152516564,0.04693314479261046,0.09988071180798364,0.896718263380473,-0.03613573356933686,0.18115186650423853,0.16595004843838557,0.08434768754867106,-0.1893686842379414,0.4415044623389854,1.1835063041502538,0.019474892819335853,0.14434121370608755,-0.10202209874424872,0.10202209874424872,0.2190338902730371,0.8571428571428571,0.2698412698412698,664982818.1690882,20.31527176245042,0.1746031746031746,0.047619047619047616,0.015873015873015872,0.041024318834251935,0.0795083770467564,0.1139969368811602,0.40124922481315567,0.20966207488537458,0.5,0.0002266886984257551,-0.20174307082802156,0.20966207488537458,0.23310758743628968,0.20966207488537458,0.05042360944353841,0.5225233144886575,0.022281178852194706,-0.032564204995000345,0.032564204995000345,0.2190338902730371,793347843.728892,0.001737006663536711,0.04595918214393764,-0.004872199509293851,-0.023445512550915093,-0.018050290101720545,0.06728139138811962,0.2011134838915889,1.0,4.0,1.0,0.0,1.0,63.0,126.0,0.8135160680529301,0.1869753032691881,0.6502158678719332,1.7719891487199795,1.7719891487199795,0.9962264150943396,0.35160530576878785,0.6144489781212408,1,1,1,1,1,1
recent_month_top_future_return,2026-02-28,DDOG,111.95999908447266,-0.24049575628197917,-0.03938227239039027,1.3466001037611708,1.3383392905984721,-0.05022054892161654,-0.20017143519282077,-0.18086036666644334,-0.13146688127065387,-0.0329036510071784,0.17069068686882227,-0.4709844002112753,0.04184958682483653,-0.24814175805456296,-0.11943334667600969,-0.2907761055804799,-0.4394151892641447,0.4394151892641447,-0.030374802768510123,0.8319312452360472,1.0040859258060602,0.4022715212884105,-0.21376401767362174,0.06841162362323779,0.1433286835457741,-0.22681214139475214,-0.10146532123772267,-0.3123272479370972,-0.23565054409238742,-0.3123272479370972,-0.18086036666644334,-0.017197979815398723,-0.11838222596294357,-0.30029371334245303,-0.1501155542671161,-0.2822434232407325,-0.30029371334245303,-0.49841868356906005,0.6219918459441142,1.4373316464999537,0.9686507860644568,-0.07211223285695556,-0.19667253575562516,0.02461248530060738,-0.4394151892641447,0.4394151892641447,0.09106857102028543,716576994.8714181,0.9726238082014893,0.25396825396825395,0.07936507936507936,0.05555555555555555,0.03920427141223581,1.3087032903166154,0.052199744829960926,-0.0889179578060394,-0.11829815767513707,1.3455676816986148,-0.04904770865150532,0.11044488294151299,-0.17670420941264942,-0.0944728180459391,0.24922877772827756,0.6024928904994487,1.483849150982168,0.026253601032032257,-0.09999297724118128,-0.30029371334245303,0.30029371334245303,0.09106857102028543,0.9682539682539683,0.06349206349206349,696959845.6214178,20.362238358200806,0.2698412698412698,0.09523809523809523,0.07936507936507936,0.04258332324303012,-0.07882306019013419,-0.19355340463375315,-0.15015594355342823,-0.13424069947833162,0.3333333333333333,-0.02757061197362352,-0.1501155542671161,0.1433286835457741,-0.11079518692741652,-0.13424069947833162,-0.05154614228879628,0.8940085640403992,0.04195986152682458,-0.13657746074306665,0.13657746074306665,0.09106857102028543,882406339.978972,-0.02778320757265884,0.0782971049527623,0.025659812384507763,-0.023445512550915093,-0.018050290101720545,0.06728139138811962,0.2011134838915889,2.0,7.0,2.0,1.0,1.0,63.0,126.0,0.8510396975425332,0.05439446246056412,0.18068956343658304,1.2092712408553394,1.2092712408553394,0.9830188679245283,0.35160530576878785,0.6144489781212408,1,1,1,1,1,1
recent_month_top_future_return,2026-02-28,DELL,147.37969970703125,0.2666655653252603,0.4677790492168492,1.0338125159350255,1.0864851205731285,0.3468849086656174,0.1248605668816618,0.2219219570636708,-0.303905505588584,-0.16910573998898926,0.09558042607402495,0.019738840300956184,0.16062227884260794,0.15464056567555118,-0.10660269068868966,0.3895404821603727,-0.09796314384818527,0.09796314384818527,-0.01588091174212858,1.3781025653769856,4.964365891030895,5.652172189976538,0.05281621707468154,0.15227512624083978,0.14683807178291408,0.12160445070548098,0.19122991653894617,-0.08198354852491319,0.06425154187114639,-0.08198354852491319,0.2219219570636708,-0.1769025433777086,-0.03325113778830091,0.11531926637498113,-0.056018122380921076,0.13336955647670168,0.11531926637498113,0.18067503127475018,0.5697019109102662,1.6520535504201133,1.1203560304213853,2.1184476510754844,3.0351252600082645,0.02460076040712568,-0.09796314384818527,0.09796314384818527,0.33321333688721566,992211061.5699646,0.9204439052457608,0.2698412698412698,0.03968253968253968,0.05555555555555555,0.03871264506175009,3.008483817238446,0.29053348724414263,-0.022311799244374986,0.2205327646148132,1.2562224441768999,-0.08690285529748554,0.18029895500509394,0.1815049555697521,0.013030276355765924,1.1305753564154788,0.6382689714309036,1.474579067333397,0.02527714921422961,0.05288717563606582,0.0,-0.0,0.33321333688721566,0.0,0.42857142857142855,913274624.3395003,20.632547187786944,0.2857142857142857,0.031746031746031744,0.06349206349206349,0.03845658637508797,0.24116301865495005,0.08857727971663087,0.31232472656883703,0.29395318167891604,0.5,0.04693166854138714,-0.1769025433777086,0.29395318167891604,0.31739869422983114,0.29395318167891604,0.22544744811927697,0.9411780646004284,0.038105058638785834,0.0,-0.0,0.3125333061912434,1144867769.5920672,0.21017970054859791,0.05061936597123244,0.1716488157998437,-0.023445512550915093,-0.018050290101720545,0.06728139138811962,0.2011134838915889,2.0,7.0,2.0,1.0,1.0,63.0,126.0,0.8569943289224953,0.10838731933859247,0.41542753892976636,1.8512448290014079,1.8512448290014079,0.9981132075471698,0.35160530576878785,0.6144489781212408,1,1,1,1,1,1
recent_month_top_future_return,2026-02-28,FLEX,63.02000045776367,0.4621222372201079,0.6632357211116968,1.0614680966434362,1.0733949495790192,0.48983455305950896,0.26368561875928487,0.175307752949045,-0.1673103121886632,-0.08819374344895525,0.1023872023093646,-0.03623934565163056,0.08112648965816494,0.10802636156092538,-0.10915989629131095,0.3936863273374547,-0.12569368955520255,0.12569368955520255,0.022715192574461973,0.8958763074788705,1.1334789790589865,1.2746040407480694,0.08711400950008974,0.08369618509561136,0.07848885874157241,0.004533319528438717,-0.01994485407669344,0.00799744076038178,0.09013973440317218,0.00799744076038178,0.175307752949045,-0.054542543545177735,0.018223354339262476,0.06614785665773404,0.022162029184014997,0.08419814675945458,0.06614785665773404,0.1357427874114564,0.44529804764791103,1.3052257148154982,1.0943297920351085,0.05551894129122403,0.05518406087089622,0.021542422629956665,-0.12569368955520255,0.12569368955520255,0.175307752949045,273322182.5301307,1.098430112646803,0.2619047619047619,0.047619047619047616,0.031746031746031744,0.04030042411236097,1.2232309705539404,-0.0002774758220810414,0.01171811317188376,-0.011150047486159331,1.028660994662115,0.043363171565415026,0.05148966847571761,0.04303214775922837,0.008478448033374608,0.22376062106485728,0.4873029198761783,1.1927169709856749,0.02374589297068339,-0.006908976291223223,-0.12569368955520255,0.12569368955520255,0.11441204788669479,0.8412698412698413,0.9523809523809523,300225315.7454415,19.520043806537334,0.30158730158730157,0.06349206349206349,0.015873015873015872,0.04526674398574585,-0.02111442200708491,-0.01081515373836095,-0.0005458675937453299,-0.00031726614012062004,0.6666666666666666,0.028380123243978168,-0.054542543545177735,0.08112648965816494,0.023128246410794473,-0.00031726614012062004,-0.015204772534269995,0.5812144625471904,0.027471416222679353,-0.0461631489503318,0.0461631489503318,0.07122214000165483,280134856.01067317,-0.023536136873129276,0.04783061685826555,-0.015681597228974886,-0.023445512550915093,-0.018050290101720545,0.06728139138811962,0.2011134838915889,1.0,3.0,1.0,1.0,0.0,63.0,126.0,0.6886578449905483,0.03871784527111011,0.45271346218277286,1.3925737493504209,1.3925737493504209,0.9867924528301887,0.35160530576878785,0.6144489781212408,1,1,1,1,1,1
recent_month_top_future_return,2026-02-28,INTC,45.61000061035156,0.7209261912112979,0.9220396751028868,1.2262307817190958,1.274570329990796,1.332992449630872,1.3035354731216997,0.8731006117380036,-0.732565510562678,-0.5136370752986614,0.6657084491939904,-0.5412015688666638,0.37782335570688486,0.805819220349884,-0.748593731410677,1.2443752896842413,-0.16034608124827687,0.16034608124827687,0.0984325547923357,0.9574526831353914,-0.17194557382867348,-0.06884710048484699,0.35946353643934215,0.37603300656424443,0.19195238711935314,0.10839205418891962,-0.136989533342732,0.14053510117532553,0.45769974978422373,0.14053510117532553,0.8731006117380036,0.014253555161292786,0.09146964886566633,0.1245068803273266,-0.09023667957324677,0.14255717042904714,0.1245068803273266,0.16594148890340488,0.701637696421593,0.6878642153378977,1.069363742531014,-0.30971866540318016,-0.32249340939873394,0.029742606326920287,-0.16034608124827687,0.16034608124827687,0.9004166920979817,4179807799.027587,1.0950366941622272,0.35714285714285715,0.11904761904761904,0.047619047619047616,0.04771618699832877,0.8703545121953227,-0.015832117363459908,0.12654272380143738,0.03149439804910115,1.0314313812187046,0.2593495745010346,0.18198817329462283,0.2360433258617649,0.04908215366035029,-0.03169767101215759,0.7503059129462343,0.6432462481941199,0.03260548168490815,-0.055130870027844336,-0.16034608124827687,0.16034608124827687,0.265187283650842,0.3968253968253968,0.7619047619047619,4577042914.480663,22.244318974907948,0.4126984126984127,0.15873015873015872,0.06349206349206349,0.051211673043362584,-0.036611975149273945,-0.02937038827386862,-0.03834515033098557,-0.018506576022391363,0.6666666666666666,0.12243926948215454,-0.09023667957324677,0.37782335570688486,0.00493893652852373,-0.018506576022391363,-0.02849961054304051,0.4826314635005291,0.02334753591733088,-0.09843841722110724,0.09843841722110724,0.045381606549703024,4415788149.08311,0.002726125602383611,0.051915302514438294,0.0015371202795151362,-0.023445512550915093,-0.018050290101720545,0.06728139138811962,0.2011134838915889,1.0,3.0,1.0,1.0,0.0,63.0,126.0,0.959640831758034,-0.03244901386606058,1.0714755994870693,1.5143608588145518,1.5143608588145518,0.9905660377358491,0.35160530576878785,0.6144489781212408,1,1,1,1,1,1
recent_month_top_future_return,2026-02-28,MRVL,81.62899017333984,-0.30846610950392805,-0.10735262561233916,1.0436320678299378,1.086229651927372,0.3601906124851204,0.017828715787935545,0.30114365508114305,-0.4290637110675788,-0.328110415832252,0.422923387544232,-0.5085075683434975,0.3372037075378109,0.23386226369302343,-0.3867278358804086,0.5427873663964261,-0.1841438828491535,0.1841438828491535,0.010661694490611273,0.5033660918536683,0.8026451635871694,0.6483672539898033,-0.02696676075110893,0.2243299953756991,0.1157615146734261,-0.039291043567278305,-0.13784560771194643,-0.12792005598643574,0.04875227944786612,-0.12792005598643574,0.30114365508114305,-0.04629827513720708,-0.04192910352564816,-0.08558418079926555,-0.04944068573184757,-0.06753389069754501,-0.08558418079926555,-0.18833020928079616,0.5548096247715575,0.8014096627622115,0.8190860367914871,0.609820846646637,0.6663236360904394,0.025198228377840616,-0.1841438828491535,0.1841438828491535,0.31283748805022205,1518785262.7836137,0.8746270322613537,0.3492063492063492,0.07936507936507936,0.047619047619047616,0.04293162121206668,1.2228414106225358,0.027664581720732717,-0.050038491119064,-0.003243893328369829,0.7769409639684427,-0.07064272842962949,0.15535167443427883,-0.03802339793518861,-0.0557881640749357,0.51640782344588,0.4544368167279071,0.9784193927923406,0.021266006990911402,-0.02716744305352814,-0.1841438828491535,0.1841438828491535,0.10796149127638666,0.9206349206349206,0.25396825396825395,1328370647.0307124,21.00721895149158,0.2857142857142857,0.06349206349206349,0.031746031746031744,0.04076920794280008,0.023115798374237384,-0.03296490244529715,0.07893939263526993,0.03509880590843473,0.5,0.05361372313683127,-0.07064272842962949,0.3372037075378109,0.05854431845934982,0.03509880590843473,0.034607204992865404,0.444629794285403,0.01997092012767764,-0.008014580021469153,0.008014580021469153,0.10796149127638666,1041045481.4572653,0.028996796035043237,0.039321129077826235,0.026050010381069244,-0.023445512550915093,-0.018050290101720545,0.06728139138811962,0.2011134838915889,2.0,7.0,2.0,1.0,1.0,63.0,126.0,0.9064272211720226,0.2125107542333473,1.0226792936904605,1.5107432045629259,1.5107432045629259,0.9886792452830189,0.35160530576878785,0.6144489781212408,1,1,1,1,1,1
recent_month_top_future_return,2026-02-28,MU,412.1334533691406,3.2175713830460055,3.4186848669375944,1.1973823163774515,1.2325768285012766,3.3741634646053633,2.7822517618692935,2.468573380190412,-1.6249992340427302,-1.001475039164136,0.9883042655450796,-0.24381603992658873,0.40593235482763035,2.4012919888022926,-1.7240851545719214,3.820455172719578,-0.05808586806119098,0.05808586806119098,0.2203140259719527,1.3892803929103565,1.2187042672303652,2.870503470312874,1.4670983410262761,0.8197923706959044,0.33821487255150817,0.41075314618353587,0.008317529517421596,0.843574146147682,1.5930819557881233,0.843574146147682,2.468573380190412,0.056799420640435416,0.25536538905639516,0.7444882256184908,0.20739718483900438,0.7625385157202114,0.7444882256184908,1.11726868799827,0.6461464062757649,1.0298966021762146,1.031262611746996,-0.4384109880073457,-0.44180854848125173,0.03269903665043937,-0.05808586806119098,0.05808586806119098,2.48408948458018,8136724231.140737,1.3786135683352743,0.42857142857142855,0.18253968253968253,0.047619047619047616,0.04974670679837564,1.1729156802735476,-0.010103963076135147,0.24908971751128028,0.14081369523864473,1.3236597484769999,0.45362808188767456,0.1886480135384063,0.44483376930442553,0.15864926737484142,-0.11608051775516037,0.6663466305068809,0.998675400857918,0.03333491577320614,0.09300073876491655,-0.05808586806119098,0.05808586806119098,0.8292682893791876,0.2857142857142857,0.7619047619047619,11217398426.853022,23.14073184097984,0.42857142857142855,0.19047619047619047,0.031746031746031744,0.05255459413241872,0.021974211536468946,0.03153300301838824,-0.009091259097989593,-0.006049905538305755,0.8333333333333334,0.2426536682013245,-0.006049905538305755,0.45362808188767456,0.017395607012609338,-0.006049905538305755,0.007749287759917678,0.6654639883317822,0.031243943732633898,-0.05808586806119098,0.05808586806119098,0.10480912395980257,14916587903.330194,-0.012008191044621808,0.056864695347788985,-0.016250699689418835,-0.023445512550915093,-0.018050290101720545,0.06728139138811962,0.2011134838915889,2.0,7.0,2.0,1.0,1.0,63.0,126.0,0.9706049149338374,-0.1803915633187605,0.2546432232299223,1.3556707179949274,1.3556707179949274,0.9849056603773585,0.35160530576878785,0.6144489781212408,1,1,1,1,1,1
recent_month_top_future_return,2026-02-28,SNDK,635.3599853515625,12.360466154206403,12.561579638097992,1.0967315278139518,1.234264125210366,15.85752211466825,13.803355369462157,11.109014114161447,-8.92153616545771,-6.446268992656196,3.255383906703573,-1.4098088940505593,1.1383646719636702,11.041732722773327,-9.263439101508434,9.700688892785697,-0.08648333391252272,0.08648333391252272,0.49779396432868395,2.220403855156368,0.3621245558256967,2.876027600178687,4.6627451215052504,4.605705502489989,0.7765597794356938,0.9421903169672643,0.12482011375446722,2.1874779487037377,5.986412394790146,2.1874779487037377,11.109014114161447,0.12015249449774945,0.5630263784540901,1.8455750126530135,0.06314943649499427,1.863625302754734,1.8455750126530135,1.7001955865597023,1.1451778566389348,0.9113222436742024,0.9478942205008329,-0.5551608639673997,-0.5095306083236882,0.05564661872934277,-0.08648333391252272,0.08648333391252272,11.489876129195784,4599781519.703769,1.6383259325331085,0.6031746031746031,0.2698412698412698,0.14285714285714285,0.08671196700630114,1.1497047578656692,-0.08648333391252272,0.6886132064113653,0.3902953796808204,1.5785506069269208,1.427542287247309,0.5952468422561361,1.6765522465349219,0.5763200945441647,-0.1373342366714202,1.0855074717535778,0.9614176602877617,0.04991941448278232,0.3658531577220465,-0.08648333391252272,0.08648333391252272,2.2686488804988314,0.2698412698412698,0.9206349206349206,7535941347.7172365,22.742949591376657,0.5396825396825397,0.25396825396825395,0.12698412698412698,0.08747378551909599,0.112238573549861,0.31236444879034364,0.09828901906180977,0.10257698108731028,1.0,0.6047242751211211,0.06314943649499427,1.427542287247309,0.12602249363822537,0.10257698108731028,0.027788730053411426,1.0436260537182083,0.05001667566853306,-0.08648333391252272,0.08648333391252272,0.17811978441110243,14379660529.2495,0.006389691262905117,0.08091868265217489,-0.014838849888816785,-0.023445512550915093,-0.018050290101720545,0.06728139138811962,0.2011134838915889,1.0,3.0,1.0,1.0,0.0,63.0,126.0,0.9902646502835539,-3.141289434949179e-05,0.7258090453381247,1.6677474495515643,1.6677474495515643,0.9943396226415094,0.35160530576878785,0.6144489781212408,1,1,1,1,1,1
recent_month_non_top10_control,2026-03-31,A,113.76119232177734,-0.25238945704708704,-0.015560720924875593,0.9515017618352187,0.9505565901372901,-0.02622177570033657,-0.08742589152485647,-0.10834236996194735,-0.1460924480042105,-0.10972086478971865,0.06014812695714733,-0.21907921652356344,0.1403193578637687,-0.07216849439596529,-0.05058871960446876,-0.3899254385727897,-0.27198304150791797,0.27198304150791797,-0.04325113125967339,1.2791811814339724,1.5993684210526316,1.1862479657102019,-0.218063234751666,0.07605323091931004,0.04878390795459775,-0.14520468192092784,-0.0963954460772739,-0.25443481796615786,-0.1936134742265904,-0.25443481796615786,-0.10834236996194735,-0.11355042044118369,-0.08580983752857851,-0.1589310895664161,-0.01455710911006669,-0.09967400284971195,-0.1589310895664161,-0.5870746915838392,0.2778540696357322,0.8898693867331323,0.9743135445401772,-0.43017352778290563,-0.4636923363887533,0.012954490604242495,-0.27198304150791797,0.27198304150791797,0.03628522060829775,279779651.0256207,1.0216499264901078,0.07936507936507936,0.007936507936507936,0.0,0.025274875946926907,1.177792969681553,-0.018508161429310777,-0.10009968616317044,-0.07020135195599464,0.8836725723736669,-0.0931640317784711,0.09584859349895149,-0.1465066943919685,-0.10161635052938756,-0.13968180234583671,0.2707169834517035,0.913329586476294,0.013547654089829657,-0.08928664578166046,-0.23081005888613626,0.23081005888613626,0.03628522060829775,0.873015873015873,0.031746031746031744,285836859.9037534,19.470931789614344,0.09523809523809523,0.0,0.0,0.02626366445866876,-0.021277478925286863,-0.07658600916309932,-0.2379046462530129,-0.0588228350912372,0.3333333333333333,-0.015165188433765372,-0.11355042044118369,0.1403193578637687,-0.010440339926827136,-0.0588228350912372,0.0053468828589251505,0.24725383054805408,0.012280193392049797,-0.05226410565995909,0.05226410565995909,0.03628522060829775,262587710.41074482,0.01662402343981051,0.027243904720894104,0.014655511315667225,-0.048382495164410066,-0.059257086716704155,-0.03617387556598206,0.23682873612221145,1.0,3.0,1.0,1.0,0.0,63.0,126.0,0.39896030245746694,0.0137743465236555,0.18906824380300935,0.1676213928502137,0.18906824380300935,0.6962264150943396,0.4766177326289938,0.8917236858277389,0,0,0,0,0,0
recent_month_non_top10_control,2026-03-31,AAPL,253.55638122558597,-0.08932004922093584,0.1475086869012756,1.0272452164359305,1.0358439102236974,0.24073835003037813,0.09534640931991656,-0.0013992489943873698,-0.08761827565252545,-0.058135080714024734,0.06870171940442371,-0.1342962320041392,0.06181520766834603,0.03477462657159469,-0.06419526360532812,-0.006561976398501493,-0.1123817542321266,0.1123817542321266,-0.003713520562026784,1.1897599010938,0.8172062314974939,0.6980074744492502,-0.059534329708412104,0.044583084650514665,0.03236417355566945,-0.04444942478959102,-0.036554667981507305,-0.08901752464691282,-0.049983701116570765,-0.08901752464691282,-0.0013992489943873698,-0.025067288626873463,-0.019082725774035136,-0.0655945125997155,-0.045538085253494565,-0.006337425883011338,-0.0655945125997155,-0.26681445755227134,0.21323590781382654,0.907056394900882,1.1529163853966065,-0.31462624280571816,-0.3415815042781002,0.009353691063308198,-0.1123817542321266,0.1123817542321266,0.036709413408525515,12284171253.630161,1.0015606804892412,0.05555555555555555,0.0,0.0,0.019770351602297877,0.8551290889221771,-0.010583144930827126,-0.020542134555989633,-0.02369984498238764,0.9947538508437521,0.01906579726125268,0.04354105345954132,-0.021013334357660285,-0.055479507286279706,-0.3060226297526212,0.24584317207348086,0.7867495044654536,0.011020736024681869,-0.0611142542753913,-0.08662633629178573,0.08662633629178573,0.02970191195810523,0.5714285714285714,0.7777777777777778,12303342920.032198,23.23313684459643,0.07936507936507936,0.0,0.0,0.021472880570281197,-0.017223192960405975,-0.06934331516093162,-0.20333935827056232,-0.039329287398935375,0.5,0.000551752867660793,-0.045538085253494565,0.06181520766834603,0.009053207765474691,-0.039329287398935375,-0.0007225532245714872,0.1934169938050263,0.009376391885724885,-0.03776310555028273,0.03776310555028273,0.029031290418426448,10369917092.749023,0.013234800933169755,0.02173337061130627,0.01133307773297898,-0.048382495164410066,-0.059257086716704155,-0.03617387556598206,0.23682873612221145,2.0,8.0,2.0,1.0,1.0,63.0,126.0,0.47202268431001887,0.06919119500662885,0.23073217897426046,0.1412056914241986,0.23073217897426046,0.7452830188679245,0.4766177326289938,0.8917236858277389,0,0,0,0,0,0
recent_month_non_top10_control,2026-03-31,ABBV,214.1760406494141,-0.1639671210468232,0.07286161507538824,0.9262972361184887,0.9440909242953979,0.19991182902456184,0.04952662197157798,-0.04629694933053696,0.009142227635102529,0.05179997087397914,-0.006058451562351408,-0.03442531514549518,-0.05151647460438913,-0.010123073764554902,0.0058131826226903716,-0.17219675728772976,-0.09640560880686821,0.09640560880686821,-0.005954626788778228,1.0209737327906407,1.599924927273296,1.494670173059649,0.005503021543442177,0.0276480872361635,0.04430384008736166,-0.024989275031441882,-0.04620426335488592,-0.037154721695434434,-0.025982883160843073,-0.04629694933053696,0.005503021543442177,0.0034695035861873613,-0.008889159315005002,-0.04048376670784659,-0.016130820641631627,0.018773320008857564,-0.04048376670784659,-0.14649940772079664,0.26886075010795774,0.9629730799268996,1.0278213595220427,0.036617153689776805,-0.02855109608421902,0.012132925037354499,-0.09640560880686821,0.09640560880686821,0.061289232567833585,1444411648.5865033,1.0884088433862475,0.0873015873015873,0.007936507936507936,0.007936507936507936,0.02328998755855508,1.2584015059374511,-0.07582393418850053,-0.010286392732407501,-0.01911527161781057,1.0158701265898449,0.04067087224049604,0.045167098314411736,-0.02475221968239394,-0.03712753669305002,0.08640205646566734,0.2763408216980773,0.9369070519946203,0.012892403230895109,-0.0868228727985686,-0.07917357444103679,0.07917357444103679,0.061289232567833585,0.30158730158730157,0.09523809523809523,1572110411.811659,21.175684765644455,0.09523809523809523,0.0,0.015873015873015872,0.02563867782419758,-0.017769771800121403,-0.07683250663691621,-0.24281533640688888,-0.06286626604820633,0.5,-0.007011557563363672,-0.06286626604820633,0.04430384008736166,-0.014483770883796265,-0.06286626604820633,-0.0012238320253836754,0.2589056646029166,0.011899935376318393,-0.07917357444103679,0.07917357444103679,0.061289232567833585,1614588920.9886098,0.04157888358997508,0.026070146999987175,0.027534494105270202,-0.048382495164410066,-0.059257086716704155,-0.03617387556598206,0.23682873612221145,1.0,3.0,1.0,1.0,0.0,63.0,126.0,0.5878071833648393,-0.020308286242734175,0.00936247817346536,0.16661747258400572,0.16661747258400572,0.6415094339622641,0.4766177326289938,0.8917236858277389,0,0,0,0,0,0
recent_month_non_top10_control,2026-03-31,ABNB,126.27999877929688,-0.17973849882862458,0.057090237293586865,0.995263592377518,1.013769460903049,-0.045791126842117724,-0.03255956515548586,0.04002636043190577,0.03938214529646622,-0.042081063564111676,0.1177730461819031,-0.18732802965154838,0.04216770568105255,0.07620023599788783,-0.10958134390155105,0.13041947681574265,-0.11170515246015766,0.11170515246015766,0.009681388419669146,1.004116255715489,0.6654631872400714,0.5496219227822854,-0.002054703132205904,0.0407390551287519,-0.07547023062006297,-0.01356967315351354,-0.0894694814007595,0.07940850572837199,0.03912672100935729,-0.002054703132205904,0.07940850572837199,0.16009918539142132,-0.01768784163692938,-0.06955498346964528,-0.04678754823461484,-0.010297896752941127,-0.06955498346964528,-0.190038149131987,0.306904776872056,1.178274898084224,1.1925698118580148,-0.4392244364084019,-0.47587345743538545,0.014017765509706855,-0.09845083046938286,0.09845083046938286,0.13214988114382908,594905680.7234325,0.99170749134941,0.1111111111111111,0.007936507936507936,0.023809523809523808,0.028184257267668107,1.0011355103386386,-0.06303991839320722,0.019999503167260846,-0.01905113799529612,1.1026854093085412,0.04436890863267462,0.09050284700016059,-0.023884953656306496,0.03938615416228508,-0.1989830309779902,0.3660053720126338,0.9880133526510122,0.01706665316342165,-2.3293645829092213e-05,-0.09845083046938286,0.09845083046938286,0.08899620365904348,0.8412698412698413,0.5079365079365079,589972420.2197484,20.195586350076177,0.15873015873015872,0.015873015873015872,0.047619047619047616,0.03234573445245473,-0.029583318490381427,-0.042080192114095416,-0.18072699352426727,-0.06535416913008418,0.5,0.009837308620064414,-0.07547023062006297,0.16009918539142132,-0.016971673965674117,-0.06535416913008418,-0.03118647378146233,0.36161819469048323,0.01676818778393639,-0.07044539487857326,0.07044539487857326,0.027752876670377402,490170643.24533373,-0.019679389996218766,0.034489660684064526,-0.00585716281852644,-0.048382495164410066,-0.059257086716704155,-0.03617387556598206,0.23682873612221145,1.0,3.0,1.0,1.0,0.0,63.0,126.0,0.5602079395085067,0.11149827341749274,0.0556699306877837,0.13319613150785314,0.13319613150785314,0.5811320754716981,0.4766177326289938,0.8917236858277389,0,0,0,0,0,0
recent_month_non_top10_control,2026-03-31,ABT,101.30734252929688,-0.448314036562355,-0.21148530044014358,0.8575858812774386,0.8721598495500846,-0.23451076228882195,-0.2186874050834383,-0.22615403587072846,0.026697693063807648,0.06089012559952922,-0.060421563464717276,-0.11596868343915334,-0.07294536123304785,-0.1899801603047464,0.04976378896685785,-0.9684464051969698,-0.2459864285511485,0.2459864285511485,-0.03404323301745038,1.6751723857175256,2.9409901491875456,2.245837923726633,-0.16526391027119924,0.03052184095901818,0.04271151514160931,-0.12828316497458114,-0.12748056569748556,-0.19945634280692082,-0.19695809631628283,-0.22615403587072846,-0.16526391027119924,-0.02800609853919256,-0.059959280554188754,-0.17639024690387062,-0.12320494953973316,-0.11713316018716646,-0.17639024690387062,-0.6366337835342698,0.2335225105458795,0.8834384146129011,1.186468291166899,-0.059788563699152864,-0.17033512364139103,0.010078112596714017,-0.2298911290977379,0.2298911290977379,0.007754175956013354,1013332576.377245,1.2128097993933182,0.023809523809523808,0.0,0.007936507936507936,0.0199437409270628,1.3335298278707852,-0.09964962069758876,-0.02151715440473767,-0.0684824878855671,0.9993020407668858,0.06450134868134816,0.07990884062129372,-0.060658756383510815,-0.04311808855991428,-0.1361012618384143,0.27706705403637377,0.744595048337983,0.011346299753027565,-0.08176568657373173,-0.1924395854185923,0.1924395854185923,0.007754175956013354,0.9206349206349206,0.015873015873015872,1228979678.6748009,20.929450133361726,0.031746031746031744,0.0,0.015873015873015872,0.02069242686509783,-0.0651150802094812,-0.10090786585815903,-0.5699210163101706,-0.11757627664812365,0.3333333333333333,-0.03908663702285662,-0.12320494953973316,0.06450134868134816,-0.06919378148371358,-0.11757627664812365,-0.045804571985637366,0.20630275649307625,0.01142213210037651,-0.09629438362786469,0.09629438362786469,0.007754175956013354,1326520403.2921565,-0.02031511198938518,0.023974179706463917,-0.008862065142817399,-0.048382495164410066,-0.059257086716704155,-0.03617387556598206,0.23682873612221145,1.0,3.0,1.0,1.0,0.0,63.0,126.0,0.4009451795841209,-0.11016280685942059,-0.1610302355165727,-0.11065284508345641,-0.11016280685942059,0.01509433962264151,0.4766177326289938,0.8917236858277389,0,0,0,0,0,0
recent_month_non_top10_control,2026-03-31,ACGL,95.98999786376952,-0.23880422417381675,-0.001975488051605301,0.9478741199649706,0.9679330420908172,0.05425584455174115,0.04872718391733932,0.05797414650303723,-0.03593411525111323,0.05417972418389283,0.05720263000095116,-0.056472858356242606,-0.04871603256699386,0.09414802206901929,-0.05724437485832867,0.300336286110484,-0.05873705918795513,0.05873705918795513,0.014331193679139265,1.0640729008673446,0.8138311632318702,0.8151548457830857,0.11215387068693006,0.04536372855274179,0.08817055759021808,0.013007932735698668,-0.04638116396863634,0.022040031251923997,0.0640560161472971,0.022040031251923997,0.11215387068693006,0.021294719324870037,0.0006172678318503433,0.0007297716447085545,0.0012510711934194951,0.05998685836141271,0.0007297716447085545,0.0035327050686621998,0.1930307764467408,0.9088546987468865,1.0701706740455288,-0.053458128965486185,-0.09277532906384034,0.009084533701501625,-0.05873705918795513,0.05873705918795513,0.1330263984971749,196273581.19136265,0.9702190248677135,0.031746031746031744,0.0,0.0,0.018827862760180836,1.1615984979567795,-0.04079234678537147,-0.009218875810108496,-0.003117678378459665,0.9762538484176321,0.04279467483519239,0.05194647813143161,-0.0005206481807701335,-0.04397207436725625,-0.03538673188627328,0.20657587614154038,0.8492614503359309,0.00969275540660686,-0.055249156497185314,-0.05873705918795513,0.05873705918795513,0.058907846089402804,0.5873015873015873,0.7936507936507936,190428362.55077785,19.06478663745575,0.031746031746031744,0.0,0.0,0.020166809607120213,-0.0020619498586615936,-0.05392471009790378,-0.23676730905495338,-0.04153772939318867,0.6666666666666666,0.010542876830586245,-0.04871603256699386,0.08817055759021808,0.006844765771221395,-0.04153772939318867,0.01459689312063328,0.1754369281763802,0.009006165191505872,-0.04468556273046986,0.04468556273046986,0.04144515320291342,173756185.66945395,0.024363143772648144,0.018379894577804496,0.015831667785930703,-0.048382495164410066,-0.059257086716704155,-0.03617387556598206,0.23682873612221145,1.0,3.0,1.0,1.0,0.0,63.0,126.0,0.13988657844990549,-0.01593914796693985,-0.06927806723484542,0.011146991547419383,0.011146991547419383,0.21132075471698114,0.4766177326289938,0.8917236858277389,0,0,0,0,0,0
recent_month_non_top10_control,2026-03-31,ACN,194.2864227294922,-0.5950203855071513,-0.35819164938493986,0.8323869478531057,0.8569352205099917,-0.3332607741487247,-0.23725813794673345,-0.19590434430935855,-0.010935675552103397,-0.011252848254525771,0.08799664740033353,-0.34893586296505696,0.0141930382025095,-0.15973046874337649,-0.06503487125536489,-0.5319577591544931,-0.38342964212372743,0.38342964212372743,-0.03789092405051164,1.498869081139966,2.5009123162696403,1.5873870027013615,-0.20715719256388432,0.006407237992346593,-0.0003998849038839847,-0.18439960728440952,-0.289625663855929,-0.20684001986146194,-0.20330051891156828,-0.20715719256388432,-0.19590434430935855,0.07319992731666747,-0.12152270260081044,-0.26093921556472344,-0.017368407733047486,-0.20168212884801928,-0.26093921556472344,-0.5833949113016442,0.36827048941016255,0.9020853964436478,1.2145343350250013,-0.12888905704160514,-0.17241959691026054,0.016759163316597422,-0.3127816014283278,0.3127816014283278,0.03545692967654057,1229633200.7525005,1.1787486638764488,0.16666666666666666,0.007936507936507936,0.015873015873015872,0.031219588953347324,1.5010974682168858,-0.036147530543027884,-0.15707475657503034,-0.1113045636134864,0.9474829876327432,-0.20831447030975847,0.09573021884374841,-0.2478760196074632,-0.10124073702164227,0.02105989307447831,0.44727715396510354,0.7427417821210286,0.02109382124935532,-0.05555234833108491,-0.3127816014283278,0.3127816014283278,0.03545692967654057,0.8253968253968254,0.38095238095238093,1449428492.4451313,21.094435173232707,0.25396825396825395,0.015873015873015872,0.031746031746031744,0.03801660837499802,-0.022685272684601077,-0.032773746559338957,-0.1504201483756137,-0.049971292658568256,0.3333333333333333,-0.03144351501434687,-0.20831447030975847,0.07319992731666747,-0.0015887974941581895,-0.049971292658568256,-0.011402153992190245,0.33221143043806267,0.01627391130684287,-0.07772101077869575,0.07772101077869575,0.0312028901772492,1567526904.432024,0.00685483408309584,0.03962810516861508,0.014634380426731042,-0.048382495164410066,-0.059257086716704155,-0.03617387556598206,0.23682873612221145,1.0,3.0,1.0,1.0,0.0,63.0,126.0,0.7127599243856333,-0.09110125813305914,-0.04858320135744387,-0.36711230209016044,-0.04858320135744387,0.07924528301886792,0.4766177326289938,0.8917236858277389,0,0,0,0,0,0
recent_month_non_top10_control,2026-03-31,ADBE,243.0800018310547,-0.6030321553991073,-0.3662034192768958,0.9394210712692433,0.9329688847554215,-0.37169148375945515,-0.31853099660122997,-0.3109000656809222,0.07021658747973669,0.025189988324766377,-0.007824265813253017,-0.2976415800291574,-0.0352657758792525,-0.27472619011494015,0.005434219838511778,-0.9380884517982526,-0.42217360924412495,0.42217360924412495,-0.05744214731067809,1.2885858266529604,1.1623192514885172,0.5018045723512496,-0.28571007735615583,0.0355722253557551,-0.059298853458769285,-0.19107614132893969,-0.282868440475066,-0.24068347820118552,-0.27909787374608785,-0.3109000656809222,-0.24068347820118552,0.09327456001037171,-0.11319371604195905,-0.30546584584241043,-0.16211889430431536,-0.24620875912570628,-0.30546584584241043,-0.8202388409798295,0.3314187111939686,1.2370540834606514,1.1236868640828865,-0.10244792279628101,-0.16856462205960276,0.015080572555248578,-0.3246089317948967,0.3246089317948967,0.03508774323649799,1470441870.998407,1.0814900194576589,0.12698412698412698,0.007936507936507936,0.031746031746031744,0.028174196078829386,1.190147774709674,-0.0443833320221817,-0.0650749942799147,-0.08912267762059511,0.995778874367294,-0.10516622792119568,0.08568282214342705,-0.17108268770313828,-0.030800436826034394,-0.10784358326130328,0.3724108522799424,1.1008886220898302,0.017553906849529028,-0.06177833562873036,-0.31043092367030245,0.31043092367030245,0.03508774323649799,0.9841269841269841,0.031746031746031744,1590268207.6774235,21.187168523655668,0.1746031746031746,0.0,0.047619047619047616,0.03138555288457615,-0.05449697608211834,-0.07575792969389095,-0.17967423173280628,-0.07366335719405293,0.16666666666666666,-0.057039758124535676,-0.16211889430431536,0.09327456001037171,-0.02528086202964286,-0.07366335719405293,-0.0502368642513642,0.4099828700177651,0.018585918762804837,-0.14293771237596387,0.14293771237596387,0.03508774323649799,1680970536.485799,0.0028756210106428703,0.03740684631574939,0.015219099132917302,-0.048382495164410066,-0.059257086716704155,-0.03617387556598206,0.23682873612221145,2.0,8.0,2.0,1.0,1.0,63.0,126.0,0.6755198487712666,0.01242391085120964,0.06635671179249902,-0.15657395619507286,0.06635671179249902,0.3905660377358491,0.4766177326289938,0.8917236858277389,0,0,0,0,0,0
recent_month_non_top10_control,2026-03-31,ADI,317.2709655761719,0.3647669847540378,0.6015957208762492,0.9750807126144218,0.9963155279647115,0.35085257477184806,0.27941554892677645,0.30347290487994827,-0.0964807725989878,0.06441371523586303,0.10768356594421924,0.06907209330295316,-0.04708995196576271,0.33964678044593033,-0.12671724563277587,0.9625766790047,-0.1154763090822325,0.1154763090822325,0.06097470973693442,1.14020930671484,1.3931542799709642,1.8161578424074243,0.3678866201158113,0.08097808593216584,0.13330201873875858,0.08051238850966902,-0.0724613214069535,0.20699213228096047,0.2927838857589067,0.20699213228096047,0.3678866201158113,0.025694775968302608,0.04466597547655682,0.1767556592471724,0.14631267187821173,0.23601274596387656,0.1767556592471724,0.546859458605059,0.31527140798147935,1.1716568429222494,1.0252104237355955,-0.2984859644815452,-0.3707566743056031,0.01527461640703811,-0.1154763090822325,0.1154763090822325,0.42212836209974935,1105703102.7135818,1.1641805159961638,0.14285714285714285,0.015873015873015872,0.007936507936507936,0.026455514810764337,1.175308619405202,-0.10159051735396407,0.001708114339913136,-0.015162460835094427,1.1591879532487857,0.1444608718603304,0.10823200756933454,0.02655731557000096,-0.06423911936160775,-0.13129518275792185,0.3232195337684102,1.1428452303996695,0.015427238943265404,-0.10867344426703529,-0.1154763090822325,0.1154763090822325,0.1767556592471724,0.38095238095238093,0.9682539682539683,1287238008.655657,20.975764682149652,0.15873015873015872,0.015873015873015872,0.0,0.027816618032194058,-0.02805188162179284,-0.11824644626206715,-0.2788951333974571,-0.10302104614435292,0.6666666666666666,0.04994322338924795,-0.10302104614435292,0.14631267187821173,-0.05463855097994286,-0.10302104614435292,0.008477950297947068,0.36938990253923254,0.01795468072786806,-0.0684314346052054,0.0684314346052054,0.0496205344229812,1256828810.9126499,0.017523776731588114,0.031205928774346386,0.016987069224576157,-0.048382495164410066,-0.059257086716704155,-0.03617387556598206,0.23682873612221145,1.0,3.0,1.0,1.0,0.0,63.0,126.0,0.6963137996219281,0.2644119297810239,0.30084236416006216,0.25183220817720864,0.30084236416006216,0.8075471698113208,0.4766177326289938,0.8917236858277389,0,0,0,0,0,0
recent_month_non_top10_control,2026-03-31,ADM,72.21388244628906,0.3306317002825063,0.5674604364047178,0.9192101135772881,0.9186765221911085,0.41130421933712125,0.17903997962107776,0.2362748246822428,-0.03051449310515153,-0.016135028112825633,-0.029553602087499575,0.3034774657254691,0.013223917585666323,0.2724487002482249,0.03764903895572669,0.8573042538902726,0.0,-0.0,0.03119926009953833,1.2918106253228587,1.5438188109468385,2.2406314880363425,0.22013979656941718,0.01526566100289328,0.011925641120999586,0.14163963561873194,0.08528770735840852,0.20576033157709128,0.22072498427625042,0.20576033157709128,0.2362748246822428,-0.05350675500043023,0.06766263230999425,0.2739238636379695,0.1708121626038539,0.33318095035467366,0.2739238636379695,0.9601248580651544,0.27560206730583175,1.2426106658283043,1.0351890842337352,-0.1947182888211746,-0.1521447534048208,0.013131802690228773,0.0,-0.0,0.3188403111360367,230236323.8706619,1.1633494295765747,0.0873015873015873,0.007936507936507936,0.007936507936507936,0.028494854134671416,1.1438998514746446,0.0,0.030916313382585825,0.06049212988654151,1.3309531795070029,0.03343310992710635,0.0742268121898139,0.08806852570167889,0.034383653546583126,-0.16005733397037747,0.2853002516672482,1.2003707194691937,0.014739499178827067,0.03476236341744299,0.0,-0.0,0.2739238636379695,0.0,0.9682539682539683,267845296.04274204,19.40592012196178,0.09523809523809523,0.015873015873015872,0.0,0.03062855774719599,0.04643626345162466,0.0559817793730788,0.15437406235538437,0.05286787819138716,0.8333333333333334,0.03812599240476385,-0.05350675500043023,0.1708121626038539,0.10125037335579723,0.05286787819138716,0.03661444896865684,0.34246606835855675,0.017706895171160815,0.0,-0.0,0.09853409137596891,320727460.2302915,0.029938888544495557,0.03360651860645875,0.007735761564627408,-0.048382495164410066,-0.059257086716704155,-0.03617387556598206,0.23682873612221145,1.0,3.0,1.0,1.0,0.0,63.0,126.0,0.39073724007561433,0.02545054958058013,0.1047737093852461,0.057968342620317914,0.1047737093852461,0.49433962264150944,0.4766177326289938,0.8917236858277389,0,0,0,0,0,0
recent_month_top_future_return,2026-03-31,ALAB,109.5999984741211,0.5999401902619925,0.836768926384204,0.9081745503748321,0.9645395557599284,0.2121212197918747,-0.3984632255221424,-0.4402451646277584,0.13580899898492926,0.027346100851118105,-0.15035751778626927,-0.1908302793283374,-0.04657819322692136,-0.40407128906177636,0.09905736751315175,-0.46945325355995315,-0.5648721758397908,0.5648721758397908,-0.07796945321873017,0.9196342888220312,1.093295058437564,0.37908832873835974,-0.4128990637766403,0.07182860816860454,-0.15593521798621246,-0.2606534165718791,-0.15396363259870371,-0.30443616564282916,-0.385860131349076,-0.4402451646277584,-0.30443616564282916,0.05578468539413328,-0.13009923372331644,-0.3411877971146067,-0.09461412259807755,-0.2819307103979025,-0.3411877971146067,-0.35573321455712426,0.9377827532119455,0.929166967843184,1.0227437439820029,-0.010084359546203792,-0.08697508195366377,0.04375468116582505,-0.513818027613786,0.513818027613786,0.09304878970193764,866499808.5000538,0.8470057170333629,0.5476190476190477,0.15873015873015872,0.14285714285714285,0.0743488038130191,1.063614769128188,-0.04918209328602696,-0.1934110890589965,-0.19574391500097488,0.6791849834589045,-0.21106091034858365,0.09197677574984141,-0.27234097711363914,-0.15008830836623954,0.05303874241861606,0.9591114440617357,0.9085041813362924,0.044490533295847526,-0.07431527901623047,-0.415996165911099,0.415996165911099,0.09304878970193764,0.5555555555555556,0.015873015873015872,733930291.6078597,20.413924612869828,0.5714285714285714,0.14285714285714285,0.15873015873015872,0.07380872022647035,-0.09488686459906026,-0.10364967816272763,-0.08914146180957559,-0.07767401510315752,0.16666666666666666,-0.08834629564480322,-0.21106091034858365,0.05578468539413328,-0.029291519938747457,-0.07767401510315752,-0.07983251999777785,0.8713567572975763,0.04230470967224794,-0.1408638493665545,0.1408638493665545,0.09304878970193764,551953136.365618,-0.0636040327543439,0.07574882553116848,-0.01487575233935523,-0.048382495164410066,-0.059257086716704155,-0.03617387556598206,0.23682873612221145,1.0,4.0,1.0,0.0,1.0,63.0,126.0,0.8879017013232514,0.7768248923757639,2.128193529897447,3.4071167494379413,3.4071167494379413,1.0,0.4766177326289938,0.8917236858277389,1,1,1,1,1,1
recent_month_top_future_return,2026-03-31,AMD,203.42999267578125,0.7432179536346246,0.9800466897568361,1.0823585118887127,1.1525575451396768,0.43361523203575913,0.2508761395067798,0.2573706725854561,-0.32218934671150756,-0.4630945654712809,0.32369128221272514,-0.3737940595887349,0.5830397783886911,0.29354454815143816,-0.30747344996146586,0.36519742210172496,-0.23039381451273533,0.23039381451273533,-0.03629148286183059,1.052205614004069,1.4056197275972622,1.2850914979341193,-0.20572389288582482,0.23738745838016315,-0.15067154878022626,-0.06087749813229304,-0.02681218727734158,-0.06481867412605147,-0.004390631475473398,-0.20572389288582482,0.2573706725854561,-0.015492093670292695,-0.026284132883675038,-0.050102777376009766,0.10538845573162892,0.009154309340694389,-0.050102777376009766,-0.07821773145180472,0.7047439467241531,0.8125139380944135,0.9089191021699093,0.3514997253484242,0.37323595229622164,0.029653456248467918,-0.23039381451273533,0.23039381451273533,0.2573706725854561,10119157040.119291,0.7950733863484255,0.35714285714285715,0.1111111111111111,0.05555555555555555,0.04507743847031026,1.377221130189146,0.012399823061972737,-0.09049997348921957,-0.043658079485596746,0.8505894261146626,-0.15426853239039462,0.2732966698206096,-0.14066659761226008,-0.035467926039733255,0.11691452561345961,0.6405552353161956,0.8939342744086434,0.028176222022488377,0.004471747358342659,-0.2166127602684813,0.2166127602684813,0.06535740207904706,0.7301587301587301,0.31746031746031744,8045472454.879155,22.80837534231392,0.3492063492063492,0.1111111111111111,0.047619047619047616,0.04343336319050039,0.009290956062544264,-0.001664695115217829,0.028087043322615576,0.016083042075494047,0.5,0.06401318355915009,-0.15426853239039462,0.5830397783886911,0.06446553723990411,0.016083042075494047,0.009999171249934102,0.5726142795010412,0.02814493330809865,-0.07645167871268377,0.07645167871268377,0.06535740207904706,6872926551.551528,-0.0026034751010977075,0.04624617338175136,-0.008142405286293286,-0.048382495164410066,-0.059257086716704155,-0.03617387556598206,0.23682873612221145,2.0,8.0,2.0,1.0,1.0,63.0,126.0,0.9574669187145557,0.7425650248110034,1.536990582349759,1.8555768277019151,1.8555768277019151,0.9905660377358491,0.4766177326289938,0.8917236858277389,1,1,1,1,1,1
recent_month_top_future_return,2026-03-31,DELL,163.35379028320312,0.5972573387966273,0.8340860749188388,1.1028976946472187,1.1621515445536472,0.3549076283680068,0.3543628024307688,0.16692814459960403,0.06927758726444688,-0.14941035084040544,-0.10891933875386373,0.41848444924308426,0.14683807178291408,0.2031020201655861,0.1426369658896165,0.2839700118425629,-0.10803751997438482,0.10803751997438482,0.003921485807401703,1.6175178038238864,3.687322692005332,5.138354259054593,0.017517793759198597,0.11176407540588032,-0.1769025433777086,0.23747814514864252,0.12849817807791042,0.23620573186405092,0.14021722340761786,0.017517793759198597,0.23620573186405092,-0.056018122380921076,0.11610017742236423,0.30956511048922053,-0.08690285529748554,0.3688221972059247,0.30956511048922053,0.46866356163117623,0.5878372280103698,0.9040476443941573,1.123656924130037,-0.5903374398069041,-0.5459352130741897,0.026238458627031155,-0.10803751997438482,0.10803751997438482,0.4777167565788809,1100629003.7808495,1.0747077542530423,0.3333333333333333,0.05555555555555555,0.05555555555555555,0.04236837671250055,1.1664367783503329,-0.10803751997438482,0.22956523723571665,0.2080391773338368,1.3998829228713237,0.29395318167891604,0.17489142890652137,0.4342012983907366,0.284450241535652,-0.2897400041433603,0.6605273715152592,0.8045584243554531,0.02744922780079823,0.3222167653830934,-0.10803751997438482,0.10803751997438482,0.4777167565788809,0.06349206349206349,0.7777777777777778,1182854524.91908,20.89119644389857,0.3492063492063492,0.047619047619047616,0.06349206349206349,0.04421166872345249,0.10818780480434675,0.2912777051127202,0.20395298679795437,0.10838731933859247,0.5,0.038225841957384564,-0.1769025433777086,0.29395318167891604,0.15676981450300254,0.10838731933859247,0.04063175803041941,0.5314328612699659,0.026256465923534002,-0.10803751997438482,0.10803751997438482,0.14137692510097555,1536042653.2419841,-0.014571582749759115,0.0535725070350931,-0.04623268309219941,-0.048382495164410066,-0.059257086716704155,-0.03617387556598206,0.23682873612221145,2.0,7.0,2.0,1.0,1.0,63.0,126.0,0.8821361058601134,0.2770152763696303,1.5724264246390236,1.6369036109667934,1.6369036109667934,0.9886792452830189,0.4766177326289938,0.8917236858277389,1,1,1,1,1,1
recent_month_top_future_return,2026-03-31,FLEX,65.45999908447266,0.7420103044192079,0.9788390405414193,0.9589486551318704,0.9910665389551906,0.3112981066813141,0.2208131366736621,0.1292047215119705,-0.021777917104036648,-0.08217979180655344,0.04226318607299273,0.04115291899597118,0.07848885874157241,0.16537859707795255,-0.04578861644300658,0.250850620419735,-0.09184243310784568,0.09184243310784568,0.006472696142924672,1.0713427539080285,1.1123773659696758,1.2885836582747037,0.04702492970541705,0.04257578013052588,-0.054542543545177735,0.03536139235693403,0.09664053411003526,0.10742680440793384,0.09455215187510713,0.04702492970541705,0.1292047215119705,0.022162029184014997,0.006818304146653631,0.08341610506896391,0.043363171565415026,0.14267319178566806,0.08341610506896391,0.148479188262862,0.5150663821192832,1.3305675546464582,1.0907396938853087,0.06476185718924055,0.1059871420264733,0.02518964407988231,-0.09184243310784568,0.09184243310784568,0.20088059255385904,275688270.0681323,0.8348496307977951,0.3412698412698413,0.07142857142857142,0.06349206349206349,0.044993166135524565,1.2213373059072938,0.0605694710860305,-0.0024711423598454685,0.020026543742096337,1.1852933227472557,-0.00031726614012062004,0.04534505545786117,0.038388295269666584,-0.001637662396352102,0.06046233955756031,0.5618033479634005,1.219876348230128,0.027474893528597194,0.006170372013336145,-0.06512421846917205,0.06512421846917205,0.11269755306922624,0.06349206349206349,0.6031746031746031,230158250.48166305,19.254277680209917,0.36507936507936506,0.07936507936507936,0.07936507936507936,0.04878819069426933,0.01988563135332111,0.010238611679777021,0.05649513437288089,0.03871784527111011,0.6666666666666666,0.021312015846135696,-0.054542543545177735,0.07848885874157241,0.08710034043552017,0.03871784527111011,0.02264471182602268,0.6853306165370529,0.03340552746207019,-0.06512421846917205,0.06512421846917205,0.0926389459388437,219179974.60750398,0.006101762553361922,0.05615204982912784,0.005190242341585938,-0.048382495164410066,-0.059257086716704155,-0.03617387556598206,0.23682873612221145,1.0,3.0,1.0,1.0,0.0,63.0,126.0,0.6635160680529301,0.3985640747354331,1.303391397618617,1.475863269033597,1.475863269033597,0.9849056603773585,0.4766177326289938,0.8917236858277389,1,1,1,1,1,1
recent_month_top_future_return,2026-03-31,INTC,44.130001068115234,0.706368218838827,0.9431969549610384,1.0875230482690923,1.1355314993983714,0.9700893669484232,0.8123203440151905,0.3153502852950183,-0.22733254431991368,-0.21182442343245977,0.099851039195191,0.09608389964663377,0.19195238711935314,0.35152416086100036,-0.11941534645319352,0.4807991026468605,-0.18759202290054355,0.18759202290054355,0.03414745414816234,1.0965042517903647,0.8494993663233361,1.211880911551893,0.10352586186255852,0.12701061234067504,0.014253555161292786,0.034773863150985296,-0.03082792192299244,0.08801774097510462,0.1689646293775605,0.08801774097510462,0.3153502852950183,-0.09023667957324677,0.04216650090602103,0.19593493884182478,0.2593495745010346,0.25519202555852893,0.19593493884182478,0.25354355462901,0.655887840802894,1.0589841819345598,1.1782290629837888,0.2012890912574754,0.16230844487811424,0.030119960124901785,-0.18759202290054355,0.18759202290054355,0.3153502852950183,4214000683.0652995,1.1576076021444466,0.40476190476190477,0.11904761904761904,0.0873015873015873,0.05019830978138705,1.1052148132226178,-0.02724594165226668,-0.047958356126639234,-0.04589145313040621,1.0463164122471742,-0.018506576022391363,0.13879043342016403,-0.05035506974648807,-0.04155695363847345,-0.012632010118041603,0.7727861160916542,0.8987931253815373,0.03599108282584838,-0.023568583567252666,-0.18759202290054355,0.18759202290054355,0.19593493884182478,0.746031746031746,0.9682539682539683,4878159226.158281,22.308033778101272,0.49206349206349204,0.1746031746031746,0.12698412698412698,0.05456298581139804,-0.01896996236695847,-0.04286274411146307,-0.04671780720907661,-0.03244901386606058,0.5,0.05406054121999696,-0.09023667957324677,0.2593495745010346,0.015933481298349483,-0.03244901386606058,-0.018253386491658863,0.6945748485334774,0.03606193021032687,-0.08024173636625354,0.08024173636625354,0.07137660935729828,3890894572.3117647,-0.0035675275064670497,0.05789712147873572,0.0041869831168093175,-0.048382495164410066,-0.059257086716704155,-0.03617387556598206,0.23682873612221145,1.0,3.0,1.0,1.0,0.0,63.0,126.0,0.9551039697542534,1.140947225700323,1.5986856453541822,2.1640607637260594,2.1640607637260594,0.9943396226415094,0.4766177326289938,0.8917236858277389,1,1,1,1,1,1
recent_month_top_future_return,2026-03-31,IONQ,28.82999992370605,0.06946942075846874,0.3062981568806802,1.115925138625231,1.1966453178297511,-0.3290668116198322,-0.3254562753508,-0.531219513435674,0.11600653919354709,-0.006613134367178586,-0.270406521432768,-0.08707062120163134,0.014308960457158237,-0.4950456378696919,0.17374237080127464,-0.559964147232663,-0.6488000827160609,0.6488000827160609,-0.13777696215213298,1.2680231383988314,1.0240360234327182,0.30048940918689815,-0.5378326478028526,0.0689647676063187,-0.20968261633679852,-0.3248986659262765,0.019253649709575105,-0.4152129742421269,-0.49475504516021784,-0.5378326478028526,-0.4152129742421269,-0.08985801975115637,-0.15620008330820112,-0.35747714263439934,-0.1089814911088306,-0.2982200559176952,-0.35747714263439934,-0.40358074604891514,0.9486670103094196,0.5993481758309702,0.9336928664141876,-0.19533585461826175,-0.3954008888260091,0.04629615664307942,-0.6488000827160609,0.6488000827160609,0.08424218722316001,1179361784.9965534,0.6854095297376473,0.626984126984127,0.14285714285714285,0.21428571428571427,0.07990688109476009,1.1899351887152114,-0.13484507768024812,-0.13402641347515376,-0.19746351325808842,0.568255178760532,-0.040270150795041926,0.09978780933349828,-0.2788894383740803,-0.05792960540576586,-0.08211162687419371,0.8857636201283796,0.6419114865177715,0.040072847115878135,-0.11408968414725384,-0.4341511385280151,0.4341511385280151,0.08424218722316001,0.8571428571428571,0.015873015873015872,808345806.44504,20.51050050443945,0.5238095238095238,0.1111111111111111,0.15873015873015872,0.07441099518285275,-0.13688664995253164,-0.20826040133390433,-0.43728396901264727,-0.24863172462199756,0.16666666666666666,-0.11385250702611112,-0.24863172462199756,0.014308960457158237,-0.2002492294575875,-0.24863172462199756,-0.11668735330210112,0.5685818420999709,0.02826179180736417,-0.2235389417086947,0.2235389417086947,0.08424218722316001,677540861.0126314,-0.05790472188451934,0.06901294618204253,-0.004007461656467481,-0.048382495164410066,-0.059257086716704155,-0.03617387556598206,0.23682873612221145,1.0,4.0,1.0,0.0,1.0,63.0,126.0,0.9007561436672967,0.565036387488296,1.4998265655756455,0.847381146808089,1.4998265655756455,0.9867924528301887,0.4766177326289938,0.8917236858277389,1,1,1,1,1,1
recent_month_top_future_return,2026-03-31,MRVL,98.9760284423828,0.37728324377931655,0.614111979901528,1.1380598238058777,1.1989466225038774,0.28253343384288354,0.5776506745883712,0.17981326681579013,-0.07107425219380326,-0.1224069561481278,0.01149366539721175,0.15491330992722552,0.1157615146734261,0.2159871423817722,-0.013406291491352862,0.3054524457566553,-0.010765684047536861,0.010765684047536861,0.004710107273457442,0.9514248673530987,6.089492818733499,7.269233875283257,0.05740631066766233,0.061468228559720665,-0.04629827513720708,0.16049226877436062,0.15189609040420327,0.10873901462198687,0.11531953070181311,0.05740631066766233,0.17981326681579013,-0.04944068573184757,0.024738854423207668,0.16640697532443727,-0.07064272842962949,0.22566406204114142,0.16640697532443727,0.265717543644533,0.5886784319908241,1.585857680034063,1.063832302656806,1.5321717406116382,2.0702854670573854,0.026735403037495966,-0.010765684047536861,0.010765684047536861,0.34341522344903597,1534287154.9720702,0.972488927828278,0.373015873015873,0.09523809523809523,0.047619047619047616,0.045092144330836734,2.332745061472893,0.1841438828491535,0.08427211173217142,0.18030766131223896,1.1826472006377988,0.03509880590843473,0.11216444375925189,0.25506843385807354,0.14040311469291966,0.8290052578835563,0.6262551318291965,1.4907026944693773,0.025645677777150027,0.16243573168786418,0.0,-0.0,0.34341522344903597,0.0,0.6031746031746031,1492077270.3194876,21.12343512781551,0.31746031746031744,0.07936507936507936,0.015873015873015872,0.044954699459445684,0.1438921536408444,0.1912500785587954,0.22763475928052068,0.2125107542333473,0.5,0.032831564252754,-0.07064272842962949,0.2125107542333473,0.2608932493977574,0.2125107542333473,0.09867563964292736,0.9335602124430582,0.040422626689668346,0.0,-0.0,0.3088003373647614,2252261624.3597484,0.07029018103689588,0.05305399978662691,0.036369788515466794,-0.048382495164410066,-0.059257086716704155,-0.03617387556598206,0.23682873612221145,2.0,7.0,2.0,1.0,1.0,63.0,126.0,0.9136105860113423,0.6681743123749615,1.0706976790077478,2.0089763451529206,2.0089763451529206,0.9924528301886792,0.4766177326289938,0.8917236858277389,1,1,1,1,1,1
recent_month_top_future_return,2026-03-31,MU,337.7880554199219,2.660612641678286,2.8974413778004973,1.041252569153974,1.075751371960575,1.747656540419038,1.8428720056520267,1.0220546144274256,-0.592257347019425,-0.5110456905973728,0.707530923930433,-0.5233329770065702,0.33821487255150817,1.0582284899934078,-0.8378566675035628,1.4642104839593097,-0.26800960764590864,0.26800960764590864,0.13730205330330314,1.8435450818747592,3.1853099500392634,3.9562354500765107,0.5110089238300528,0.3210741856423649,0.056799420640435416,0.009017831036446378,-0.23757170906864256,0.4297972674080006,0.6542869352218263,0.4297972674080006,1.0220546144274256,0.20739718483900438,0.10638849860966504,0.18419794692386282,0.45362808188767456,0.24345503364056698,0.18419794692386282,0.25245130389744,0.6980243794346636,1.131367580251917,1.0452894710633553,1.5669036326643146,1.1038558734793935,0.035249707810686634,-0.26800960764590864,0.26800960764590864,1.0220546144274256,10655983919.305794,1.4442185575975173,0.48412698412698413,0.18253968253968253,0.07936507936507936,0.054190382495533616,2.2061447601469926,-0.20992373958471766,-0.002358808267260204,-0.16323488416616627,1.2824209805070446,-0.006049905538305755,0.23364577774927384,-0.18535011693908043,-0.022500395050949806,0.4400405668393499,0.7296375343685862,1.0823485853167505,0.03627448988282506,-0.0697903849785857,-0.26800960764590864,0.26800960764590864,0.18419794692386282,0.14285714285714285,0.9682539682539683,15389569725.722153,23.4569558264286,0.5238095238095238,0.20634920634920634,0.07936507936507936,0.05681386294058621,-0.16564200677504104,-0.15947564960847072,-0.2284240889109802,-0.1803915633187605,0.6666666666666666,0.14493301517692606,-0.1803915633187605,0.45362808188767456,-0.13200906815435043,-0.1803915633187605,-0.15479974518698736,0.7897221531178412,0.04340109259783847,-0.26800960764590864,0.26800960764590864,0.049844732868448816,18755933429.276676,-0.129690229438719,0.0810630454925635,-0.03691679490212796,-0.048382495164410066,-0.059257086716704155,-0.03617387556598206,0.23682873612221145,2.0,7.0,2.0,1.0,1.0,63.0,126.0,0.9746691871455576,0.5307836853293346,1.8741416175918282,2.4166766121833048,2.4166766121833048,0.9962264150943396,0.4766177326289938,0.8917236858277389,1,1,1,1,1,1
recent_month_top_future_return,2026-03-31,SNDK,635.3400268554688,12.107847145216267,12.344675881338478,1.0814759993942298,1.0850412911009384,13.009703378888197,11.108633734980403,4.66256723829102,-2.8170816133852425,-2.475189417495326,1.1156863755737514,0.5607817927082293,0.7765597794356938,4.698741113857002,-2.9860990700090393,4.037748302287378,-0.17711665122388487,0.17711665122388487,0.30800153707139266,2.4072369125361313,3.9480910917615537,12.24340830085943,2.1873778207956938,1.5372812441972832,0.12015249449774945,0.4625462233347184,-0.015618946402269351,1.8454856249057774,2.8984768946641637,1.8454856249057774,4.66256723829102,0.06314943649499427,0.3114328335734249,1.6764681682819806,1.427542287247309,1.7357252549986848,1.6764681682819806,1.4698788983997415,1.1547443994093647,0.9266335661316147,0.9877064548160179,0.13602662536659316,0.1359909394822323,0.05604310676047101,-0.17711665122388487,0.17711665122388487,4.66256723829102,6603710737.299141,1.66328809501404,0.6111111111111112,0.2777777777777778,0.18253968253968253,0.09008100430438713,1.1900024833667164,-0.09063331731136215,0.1117104388568364,0.041425271105640205,1.427461038356165,0.10257698108731028,0.5721119547992253,0.1025423459530912,0.048198269508413105,-0.22261488525567708,1.1405484969592754,0.9381669640948339,0.054719403015388045,0.06967891958701666,-0.17711665122388487,0.17711665122388487,1.6764681682819806,0.12698412698412698,0.9682539682539683,10983873452.26605,23.119693984339346,0.6190476190476191,0.2857142857142857,0.19047619047619047,0.08535702687556715,-0.011658228357169231,-0.022831148384118816,-2.9357161444564027e-05,-3.141289434949179e-05,0.8333333333333334,0.4149915943114512,-3.141289434949179e-05,1.427542287247309,0.048351082270060575,-3.141289434949179e-05,-0.022886778995487855,1.0700249207952093,0.057939901736059306,-0.17711665122388487,0.17711665122388487,0.2048243154480296,12157048332.930502,-0.058080129105883116,0.09294425976647477,0.0231906856659978,-0.048382495164410066,-0.059257086716704155,-0.03617387556598206,0.23682873612221145,1.0,3.0,1.0,1.0,0.0,63.0,126.0,0.993194706994329,0.7258632596983634,1.6678312538528837,2.57876079636014,2.57876079636014,0.9981132075471698,0.4766177326289938,0.8917236858277389,1,1,1,1,1,1
recent_month_top_future_return,2026-03-31,STX,391.4808654785156,3.4342633390162725,3.6710920751384837,1.0990319794001282,1.1361553302971776,1.7347969391615345,1.3579047108759994,0.6668346099295204,-0.24476309089131099,-0.1291099621287235,0.16967083705196107,0.25537504519864807,0.08396169126466968,0.7030084854955024,-0.24178872767891124,0.8632814564985086,-0.12120522704310843,0.12120522704310843,0.1091954272334612,1.0682617371578627,1.7378493317132442,2.901560916380541,0.5377246478007969,0.12244318354249331,0.08132722385215008,0.15402364238359212,-0.018111197577223903,0.4220715190382094,0.5422102589228422,0.4220715190382094,0.6668346099295204,-0.0020872052257729923,0.10858038769711076,0.42504588225060913,0.48040963149007077,0.4843029689673133,0.42504588225060913,0.5110350346053658,0.7724417163253088,0.989275794095933,1.076761250843033,-8.320621273050222e-05,-0.0378316070386403,0.036800979165542036,-0.12120522704310843,0.12120522704310843,0.8592494545865637,1375975608.355628,1.1521983383208088,0.5079365079365079,0.1746031746031746,0.1111111111111111,0.05998270395593418,0.7834240577159186,-0.03447743407075654,-0.013529521683798063,-0.01272652005457564,1.2833225929817706,0.0003678406978138149,0.19216387573528063,-0.03739758784447822,-0.05668101128023462,-0.3419206454478525,0.8317353086737788,0.918751295443995,0.04062717288667137,-0.01745269125885507,-0.12120522704310843,0.12120522704310843,0.42504588225060913,0.6666666666666666,0.9682539682539683,1585396809.5173185,21.184100566581098,0.5396825396825397,0.2222222222222222,0.14285714285714285,0.06438475297566214,-0.006694585030941336,-0.042319636222902024,-0.04940280322774118,-0.03775154198874331,0.6666666666666666,0.10103794001503134,-0.03775154198874331,0.48040963149007077,0.010630953175666757,-0.03775154198874331,0.0026004447488083837,0.7641578923105453,0.04172391707861076,-0.09700095980267553,0.09700095980267553,0.11236793061789796,1435280567.603847,-0.021633440695746464,0.07436927777372057,0.01688756730257235,-0.048382495164410066,-0.059257086716704155,-0.03617387556598206,0.23682873612221145,1.0,3.0,1.0,1.0,0.0,63.0,126.0,0.9406427221172022,0.7195221875196103,1.2457626240007733,1.4649991483503526,1.4649991483503526,0.9830188679245283,0.4766177326289938,0.8917236858277389,1,1,1,1,1,1
recent_month_non_top10_control,2026-04-30,A,115.32817840576172,-0.32847696454176,0.08269955652156535,0.9561323827604339,0.9628017780976276,0.012574135478784054,-0.09606036878534185,-0.20729256678754926,0.05994665184371861,-0.03687257800530219,-0.0838396035323562,-0.05091077831254709,0.04878390795459775,-0.27147193157184113,0.07254218494264597,-0.7712007801048647,-0.2619550836465504,0.2619550836465504,-0.0494096892095609,1.304878136795687,0.2372787610619469,0.07055497556026058,-0.24416514479285145,0.048865719655307484,-0.11355042044118369,-0.08838796781284486,0.002422864490427057,-0.14734591494383065,-0.19960120884141044,-0.24416514479285145,-0.14734591494383065,-0.01455710911006669,-0.05016527397204673,-0.1347503818449033,-0.0931640317784711,-0.20986560640058938,-0.1347503818449033,-0.4789736573253773,0.268791956822661,1.228445816735025,1.0466515160918421,-0.0941119300234875,-0.0816339138359855,0.01313976278818277,-0.2619550836465504,0.2619550836465504,0.05055937233429919,274357123.9673978,0.9651177015723126,0.09523809523809523,0.0,0.007936507936507936,0.025255111736896683,1.0069319409434643,0.08621788964228028,-0.008329881374778081,-0.007610491604989722,1.0887563723709723,-0.0588228350912372,0.0631314136422216,-0.04585873468163226,0.032063763648923826,-0.25763274336283193,0.2813315091217311,1.173691336465069,0.013875844004441577,0.045968546529684184,-0.14459216924385598,0.14459216924385598,0.05055937233429919,0.9682539682539683,0.36507936507936506,264786916.89340502,19.39443597708091,0.1111111111111111,0.0,0.015873015873015872,0.02641106788350952,0.0005381483169220047,0.019978923668277915,0.04171562259232515,0.0137743465236555,0.3333333333333333,-0.036256023657117574,-0.11355042044118369,0.04878390795459775,-0.14312642221395322,0.0137743465236555,-0.012469078851799043,0.33019635493081934,0.015735623944966384,-0.05356696424630347,0.05356696424630347,0.03818511256767376,212683888.1411961,-0.014666972116551658,0.031606612031985115,0.008483316725083734,0.15690076873760872,0.07511522455568609,0.06417936478429187,0.41117652106332536,1.0,3.0,1.0,1.0,0.0,63.0,126.0,0.3169187145557656,0.17291214546950817,0.15175669699486538,0.19979346790996066,0.19979346790996066,0.7905660377358491,0.3630199070975436,0.5300236239141893,0,0,0,0,0,0
recent_month_non_top10_control,2026-04-30,AAPL,271.1002502441406,-0.12866979680612656,0.2825067242571988,1.0080066170933242,1.024291765729069,0.3112480307469898,0.0676951303022082,0.005537613881773096,-0.00647949418751137,-0.0315231724289089,-0.03934782433985162,0.08607174727353983,0.03236417355566945,-0.058641750902518774,0.041186309051915115,0.02599357780152658,-0.0509663870977598,0.0509663870977598,-0.0072202431663580535,1.1247292401443807,-0.006438534281517083,0.039984555072595684,-0.0259855585471358,0.016647722891171248,-0.025067288626873463,0.029096589012830965,0.06990066465124323,-0.0009418803057382741,-0.00712994165703366,-0.0259855585471358,0.005537613881773096,-0.045538085253494565,0.003372240425256301,0.04672392293368821,0.01906579726125268,-0.028391301621997878,0.04672392293368821,0.18127747584861187,0.21303777125470877,1.1050826374875746,1.20987037760268,0.8518491635768306,0.9799808201767377,0.00955288298989729,-0.0509663870977598,0.0509663870977598,0.10094821774709728,12307313536.482153,0.978764359038093,0.03968253968253968,0.0,0.0,0.020033612751719693,1.558133866990269,0.06319741527955414,0.008554135500076443,0.04034324189198757,1.0564931676078078,-0.039329287398935375,0.04566883242065766,0.02714066721380215,0.04399868594103884,0.2887189167346389,0.25774808875156785,0.9133892836332278,0.011999635887523197,0.08072662106509632,-0.023428921012231596,0.023428921012231596,0.10023119510169076,0.9047619047619048,0.3492063492063492,12045959845.0158,23.21199515817502,0.06349206349206349,0.0,0.0,0.02183891022628141,0.04186406238119389,0.07664597543738827,0.29389991866138654,0.06919119500662885,0.5,0.0017810840907079295,-0.045538085253494565,0.06919119500662885,-0.08770957373097987,0.06919119500662885,0.023390797180882217,0.23542434214262817,0.01158534369530755,-0.007606987292754219,0.007606987292754219,0.07041427191234839,11443475904.234968,0.0024197669567591618,0.021779979650069642,0.004330528883250917,0.15690076873760872,0.07511522455568609,0.06417936478429187,0.41117652106332536,2.0,8.0,2.0,1.0,1.0,63.0,126.0,0.4386578449905482,0.15108708781185776,0.06735418020078554,0.1394677923901546,0.15108708781185776,0.7113207547169811,0.3630199070975436,0.5300236239141893,0,0,0,0,0,0
recent_month_non_top10_control,2026-04-30,ABBV,209.8264923095703,-0.29275312583162627,0.11842339523169909,0.9268654283056812,0.9429394006835012,0.14451331553151747,-0.06566502387410134,-0.014917021635996064,-0.04505287539209768,-0.04179143757871262,0.031023132619674376,-0.07558096338234932,0.04430384008736166,-0.07909638642028793,-0.02964080912667888,-0.05584423855489792,-0.11475606235054758,0.11475606235054758,-0.017897856759971575,1.1606644127590768,0.5582736854821659,0.4888403903225218,-0.056708459214708684,0.025122774570105016,0.0034695035861873613,-0.027382299640593466,-0.04930567138718833,-0.059969897028093744,-0.043865125959599495,-0.059969897028093744,-0.014917021635996064,-0.016130820641631627,-0.0290008265999262,-0.044557830762674944,0.04067087224049604,-0.11967305531836103,-0.044557830762674944,-0.16660034472449572,0.2671183638994705,1.03676319138853,1.0012543085781629,0.2415270041026505,0.2163137183252497,0.012484361870363432,-0.09787398107116196,0.09787398107116196,0.0706251770271642,1452513578.8877578,1.0588690926759745,0.07936507936507936,0.0,0.007936507936507936,0.02448672735377767,1.582549707721918,-0.018700406630125177,-0.06203996711735893,-0.010334234186687663,1.0299070864841882,-0.06286626604820633,0.040581089274012404,-0.0818978461650216,-0.05033726244130532,0.16167961274344256,0.2674534127546945,1.0354643995098425,0.01274732177218955,-0.020884374039722875,-0.09787398107116196,0.09787398107116196,0.0706251770271642,0.6349206349206349,0.047619047619047616,1538021735.3764126,21.15376284081453,0.07936507936507936,0.0,0.015873015873015872,0.026158211141445672,0.02593157686254166,-0.03869302257639584,-0.07333139727466813,-0.020308286242734175,0.5,-0.00181019283642118,-0.06286626604820633,0.04430384008736166,-0.1772090549803429,-0.020308286242734175,0.030358143964230422,0.27693848743489774,0.013094600038419642,-0.008869883580030158,0.008869883580030158,0.0706251770271642,1394386425.0765846,0.042191723247036794,0.027184890808645057,0.0471858138101342,0.15690076873760872,0.07511522455568609,0.06417936478429187,0.41117652106332536,1.0,3.0,1.0,1.0,0.0,63.0,126.0,0.5031190926275992,0.030285817466402465,0.1908005918615474,0.19594051103508203,0.19594051103508203,0.7811320754716982,0.3630199070975436,0.5300236239141893,0,0,0,0,0,0
recent_month_non_top10_control,2026-04-30,ABNB,140.36000061035156,-0.25992977960706476,0.1512467414562606,0.982386912298038,1.007913701618592,0.060040757709888704,0.15598750392874217,0.10921447443366028,-0.07502644505026068,0.09054621599558077,0.022364423748892914,0.06258576491895829,-0.07547023062006297,0.04503510964936841,-0.02426428576580908,0.3426600118597902,-0.026494605766971713,0.026494605766971713,0.02801030917803149,1.0464271555896314,-0.18495592891576573,-0.11571778130454657,0.19976069042924105,0.08290746927931088,0.16009918539142132,0.06654144938797968,0.049895853628550646,0.0341880293833996,0.11438773141543364,0.0341880293833996,0.19976069042924105,-0.04678754823461484,0.02972442941522213,0.0849501886678512,0.04436890863267462,0.009834964112165112,0.0849501886678512,0.2268463677472398,0.31872547322022715,0.8854966929144964,1.1749401463075169,-0.21593216618187805,-0.1285099564689639,0.014776187677240328,-0.026494605766971713,0.026494605766971713,0.25838263814118556,579136931.7526015,0.9680524913073868,0.1111111111111111,0.015873015873015872,0.023809523809523808,0.02938976283003525,0.8080561460400356,0.07195622470241114,0.025989459710060503,0.05884927586720878,0.9841836722978574,-0.06535416913008418,0.09944083919059848,0.03885722726876928,0.04458935536711284,-0.3406230769230769,0.3744833541373062,0.7536525972811007,0.017978208050860423,0.10033768222149853,-0.026494605766971713,0.026494605766971713,0.21041740012523102,0.09523809523809523,0.8412698412698413,560634949.5912219,20.14458053972345,0.15873015873015872,0.031746031746031744,0.031746031746031744,0.033404408175387854,0.05129390539575862,0.10775916829508447,0.3950612414154381,0.11149827341749274,0.5,0.021392403242804447,-0.07547023062006297,0.16009918539142132,-0.045402495320115976,0.11149827341749274,0.030868786976076645,0.28223035248411904,0.014039229113082984,-0.026494605766971713,0.026494605766971713,0.12332936405346717,438839101.608349,-0.009736117357249552,0.029355122657899278,-0.0025015556781841086,0.15690076873760872,0.07511522455568609,0.06417936478429187,0.41117652106332536,1.0,3.0,1.0,1.0,0.0,63.0,126.0,0.5797731568998109,-0.050228006704909345,0.019521270171339644,0.07950985760601603,0.07950985760601603,0.5056603773584906,0.3630199070975436,0.5300236239141893,0,0,0,0,0,0
recent_month_non_top10_control,2026-04-30,ABT,90.14704132080078,-0.7026130442083072,-0.2914365231449818,0.8573055706137646,0.8809821924871367,-0.26911260088959066,-0.3114030793560435,-0.25722078090258116,-0.00990062815915338,-0.030425698194235018,-0.11136012029553377,-0.05277910408358821,0.04271151514160931,-0.32140014568687303,0.09308155652345917,-1.0049778552890563,-0.3290506799920502,0.3290506799920502,-0.051662662488800026,1.5861778177453838,0.12115974765278303,-0.06286654373203693,-0.2876464790968162,0.015518934931761603,-0.02800609853919256,-0.1820568156389315,-0.055996891433067186,-0.26712140906173454,-0.27066288968704394,-0.2876464790968162,-0.25722078090258116,-0.12320494953973316,-0.05047120816488915,-0.16413922437912198,0.06450134868134816,-0.23925444893480807,-0.16413922437912198,-0.6659777040661876,0.2559467151926429,1.1774814742416106,0.9629486458861101,0.5797574364456162,0.40572692308972425,0.011036336680536652,-0.2968652722615287,0.2968652722615287,0.0,1069621034.7982377,1.13333429518961,0.03968253968253968,0.0,0.015873015873015872,0.020133727295155043,1.7193454611192593,-0.022346965433314936,-0.09218388529498212,-0.12704181751115984,1.0342607573570033,-0.11757627664812365,0.08438206727047981,-0.21478655085190723,-0.09430047609110082,0.30080144007729825,0.24646354281375335,1.2227874033283326,0.011906214068051344,-0.10738451311718278,-0.21478655085190723,0.21478655085190723,0.0,0.6825396825396826,0.0,1212238201.593042,20.915734242075647,0.047619047619047616,0.0,0.015873015873015872,0.02060936727728154,-0.08363008822974705,-0.10646925470772295,-0.3655370054725594,-0.11016280685942059,0.3333333333333333,-0.04528954462725208,-0.12320494953973316,0.06450134868134816,-0.2670635755970293,-0.11016280685942059,-0.06251625516225867,0.3013725155323308,0.014213128904509547,-0.1178101254160363,0.1178101254160363,0.0,1190327927.9558454,-0.02336441197770389,0.02727437259032681,-0.012959092213467804,0.15690076873760872,0.07511522455568609,0.06417936478429187,0.41117652106332536,1.0,3.0,1.0,1.0,0.0,63.0,126.0,0.42599243856332697,-0.057164871337442524,-0.0005507054861421112,0.17252874192613898,0.17252874192613898,0.7547169811320755,0.3630199070975436,0.5300236239141893,0,0,0,0,0,0
recent_month_non_top10_control,2026-04-30,ACGL,94.45999908447266,-0.3694914883485525,0.04168503271477286,1.055638925279835,1.0736524319567726,0.09760634167064408,0.04111094003672844,0.0944270855800462,-0.10964809384050456,-0.08867750161438259,0.11273321321007024,-0.1291847106693882,0.08817055759021808,0.03024772079575433,-0.11087858303936415,0.4799307606413887,-0.0737399884773553,0.0737399884773553,0.011232892029374941,1.2503864231412258,0.6252594531179496,0.5985215013542473,0.005749583965663607,0.05820390810724427,0.021294719324870037,-0.01421180297685265,-0.06261970634687819,-0.015221008260458357,0.028318553761750482,-0.015221008260458357,0.0944270855800462,0.0012510711934194951,0.0012150750254276144,-0.016451497459317954,0.04279467483519239,-0.09156672201500404,-0.016451497459317954,-0.07156784325265174,0.1967514760959519,1.3227261559619115,1.1683406997333834,0.7123365818873306,0.6850433957394244,0.009264967861298625,-0.0737399884773553,0.0737399884773553,0.10029121448321265,198325780.22251433,0.9499589933963634,0.023809523809523808,0.0,0.0,0.018762215249581056,1.7712520079992133,-0.015002929289400169,-0.0030079958375996974,-0.020197666553638305,1.1674616810883491,-0.04153772939318867,0.04583188457468261,-0.056814801345119736,0.023834924672823554,0.3630308916835905,0.2298727572555205,1.1321407841597566,0.01051208389957301,0.030392585661848326,-0.0737399884773553,0.0737399884773553,0.024845404806559834,0.9206349206349206,0.4603174603174603,188401358.5447281,19.054085136347634,0.047619047619047616,0.0,0.0,0.020865676928343378,-0.015005372361709846,0.009122267122691596,-0.061245919831531125,-0.01593914796693985,0.6666666666666666,0.016005690930595246,-0.04153772939318867,0.08817055759021808,-0.17283991670454857,-0.01593914796693985,-0.024818299264949717,0.26024832365623035,0.01205643278032595,-0.04441071782917361,0.04441071782917361,0.018766154452778627,200588253.776296,-0.021697475234947916,0.023910349848046172,-0.009396374362187543,0.15690076873760872,0.07511522455568609,0.06417936478429187,0.41117652106332536,1.0,3.0,1.0,1.0,0.0,63.0,126.0,0.12136105860113422,-0.05420286678177255,0.027524862368419223,0.06426000162667811,0.06426000162667811,0.4509433962264151,0.3630199070975436,0.5300236239141893,0,0,0,0,0,0
recent_month_non_top10_control,2026-04-30,ACN,176.58668518066406,-0.8057046973460098,-0.39452817628268444,0.7918864729020076,0.826847219749093,-0.32525074866315773,-0.26915847020210315,-0.2793861698230612,-0.048882413040521544,0.0002882778701861488,0.05413845071437251,-0.37053391120764023,-0.0003998849038839847,-0.34356553460735306,-0.03700929067020653,-0.718851908877315,-0.4395999774538064,0.4395999774538064,-0.05061294317546228,1.4554285764097736,0.10549845178548534,-0.24427623994177783,-0.27909789195287504,0.02830585997466173,0.07319992731666747,-0.21918234983649343,-0.23817032732157306,-0.32826858286358274,-0.29558421487983966,-0.32826858286358274,-0.27909789195287504,-0.017368407733047486,-0.11615467267169899,-0.3163954604932677,-0.20831447030975847,-0.3915106850489538,-0.3163954604932677,-0.6965639363577936,0.3886560867027529,1.0561226593121944,1.1687019927637192,-0.1264748888856717,-0.20605412551900726,0.017720859482591965,-0.3753880621503932,0.3753880621503932,0.009832194411448336,1213068721.2205434,1.1403620043625038,0.18253968253968253,0.015873015873015872,0.023809523809523808,0.03257097604490662,1.215046870437558,-0.011685112543475484,-0.05180233336557938,-0.08611366824077316,0.827882835459,-0.049971292658568256,0.09534139763718873,-0.1365201031598966,-0.05269284040371924,-0.13268616167472436,0.45422314302925615,0.90367147985664,0.021035431583886568,-0.05391087441778264,-0.32446671397180327,0.32446671397180327,0.009832194411448336,0.9682539682539683,0.047619047619047616,1383337478.3605182,21.047764879644504,0.23809523809523808,0.031746031746031744,0.047619047619047616,0.03809163767379741,-0.06319098082375219,-0.079348198380911,-0.2219445783711875,-0.09110125813305914,0.16666666666666666,-0.04899256440360831,-0.20831447030975847,0.07319992731666747,-0.24800202687066786,-0.09110125813305914,-0.05148469601792105,0.4104684998463822,0.018288692703054475,-0.10482533095121016,0.10482533095121016,0.009832194411448336,955879573.0263846,-0.032724225238707216,0.03792657138644095,0.0016815371489928843,0.15690076873760872,0.07511522455568609,0.06417936478429187,0.41117652106332536,1.0,3.0,1.0,1.0,0.0,63.0,126.0,0.749149338374291,0.046779750941540854,-0.30367634065611704,-0.060404820447282126,0.046779750941540854,0.39811320754716983,0.3630199070975436,0.5300236239141893,0,0,0,0,0,0
recent_month_non_top10_control,2026-04-30,ADBE,246.1000061035156,-0.7548748545926599,-0.34369833352933454,0.9241503983101494,0.9453691899941182,-0.31197404337900214,-0.30233874952936757,-0.2768358030353113,-0.0200012123927249,0.04558600560880488,-0.13828567452089335,-0.02249861839124445,-0.059298853458769285,-0.34101516781960317,0.1160515101231735,-0.764537117460322,-0.4149947456778976,0.4149947456778976,-0.05824198455020935,1.194097753685879,-0.1022054962366532,-0.24655675070464667,-0.23124979742650642,0.033615015419018415,0.09327456001037171,-0.13037760959702793,0.018632932950163994,-0.2968370154280362,-0.2683075386299513,-0.2968370154280362,-0.23124979742650642,-0.16211889430431536,-0.060614490167668955,-0.1607842929121378,-0.10516622792119568,-0.2358995174678239,-0.1607842929121378,-0.38527165635930166,0.36209596200498206,1.260773146366419,1.152531697255271,0.1208942503114141,0.13482014055091662,0.016488003286760675,-0.31166613446768976,0.31166613446768976,0.09207898574659179,1466856375.4185388,1.0401171941053104,0.15079365079365079,0.015873015873015872,0.03968253968253968,0.029855670296180897,1.2594681312564968,0.14927475081461516,-0.058351652722374525,-0.018300823914522923,1.067096334596269,-0.07366335719405293,0.09019952773748119,-0.06215463332562288,-0.05377874853866993,0.03945768482490264,0.4173270736588821,1.0939162448797914,0.01933103348590687,0.011952158855537576,-0.16115617285568729,0.16115617285568729,0.09207898574659179,0.9682539682539683,0.2222222222222222,1525702537.3558166,21.145720821813985,0.2222222222222222,0.015873015873015872,0.047619047619047616,0.03439514532165399,0.016568310202068837,0.01707345788096659,0.027214333003043496,0.01242391085120964,0.3333333333333333,-0.04909147700279198,-0.16211889430431536,0.09327456001037171,-0.14447685788639908,0.01242391085120964,0.016213604156447348,0.4565208653035965,0.021666540498997803,-0.03844649622578389,0.03844649622578389,0.09207898574659179,1273139997.536069,0.0033431417046623224,0.04139431599271105,0.010578029296368419,0.15690076873760872,0.07511522455568609,0.06417936478429187,0.41117652106332536,2.0,8.0,2.0,1.0,1.0,63.0,126.0,0.7253308128544423,0.05327096719391444,-0.16692401792861167,0.0175131956590886,0.05327096719391444,0.42452830188679247,0.3630199070975436,0.5300236239141893,0,0,0,0,0,0
recent_month_non_top10_control,2026-04-30,ADI,401.16119384765625,0.6840279507463902,1.0952044718097156,0.9627382786624596,0.9899931200300476,0.8098485001811191,0.6481266910765322,0.7295721610622752,-0.2416682670728172,-0.2034369098543931,0.3324990230635936,-0.03450770665290137,0.13330201873875858,0.6653927962779833,-0.431580844651583,2.24519078321515,-0.004011080611135309,0.004011080611135309,0.08558040929909061,1.1036299251773014,-0.14969584165607408,0.10368741383831814,0.5261352512078821,0.12990494234621824,0.025694775968302608,0.2585090359081874,0.020526087928606107,0.487903893989458,0.5812037687532051,0.487903893989458,0.7295721610622752,0.14631267187821173,0.05846236570774188,0.2979913164106922,0.1444608718603304,0.22287609185500612,0.2979913164106922,0.8427211180367514,0.3249488491207486,1.167819364701765,1.0881899944553157,-0.12594787559205767,0.10516193335184987,0.015863055431240742,-0.004011080611135309,0.004011080611135309,0.7981560667188707,1169118133.6885724,1.146350343105155,0.15079365079365079,0.031746031746031744,0.0,0.02623658701951498,0.9803251089293736,0.11146522847109719,0.06315595327164392,0.17646160483340556,1.2740715023851128,-0.10302104614435292,0.12568213012121482,0.13415089001758274,0.15721528341767277,-0.2052964678428738,0.3536060863229687,1.0731759808968901,0.01712539296316124,0.24097985086945028,-0.004011080611135309,0.004011080611135309,0.32715272546755125,0.07936507936507936,0.3492063492063492,1340218973.6843534,21.016098851502175,0.1746031746031746,0.031746031746031744,0.0,0.027896322085907914,0.155938404167145,0.2575616949666124,0.6967714868616518,0.2644119297810239,0.8333333333333334,0.10186020368037906,-0.10302104614435292,0.2644119297810239,0.10751116104341518,0.2644119297810239,0.10189656976523565,0.3794815585407623,0.019484562655749476,-0.004011080611135309,0.004011080611135309,0.2636176362869094,1169567012.0364234,0.036736576531739784,0.02937334290937899,0.022526837376939612,0.15690076873760872,0.07511522455568609,0.06417936478429187,0.41117652106332536,1.0,3.0,1.0,1.0,0.0,63.0,126.0,0.7264650283553875,0.02881215648237956,-0.009949069055362192,-0.08413373652079648,0.02881215648237956,0.3320754716981132,0.3630199070975436,0.5300236239141893,0,0,0,0,0,0
recent_month_non_top10_control,2026-04-30,ADM,74.05176544189453,0.20492869738390285,0.6161052184472282,0.9565424831534306,0.9748196249136317,0.4098267528143189,0.26773869840304143,0.25119302495724605,0.055152901134125853,-0.014745430279055283,0.1213813907378376,-0.005620923075719375,0.011925641120999586,0.18701366017295418,-0.13543255729512782,0.8905373665160808,0.0,-0.0,0.04161704216800044,1.240610771181302,-0.06983188276426389,0.03784481349133695,0.23644759467819076,0.036844373048386565,-0.05350675500043023,0.12392073514037483,0.013483893516921364,0.3063459260913719,0.26466218190893626,0.23644759467819076,0.3063459260913719,0.1708121626038539,0.02133754464535431,0.11576046766211823,0.03343310992710635,0.04064524310643214,0.11576046766211823,0.4159941432724728,0.2820690455022138,0.9963045493291763,0.9865466527663548,0.23700351189592928,0.2684859311067884,0.013620783466718144,0.0,-0.0,0.35240552186347207,233563412.20107004,1.1542092863295965,0.0873015873015873,0.007936507936507936,0.007936507936507936,0.027857882812952227,1.3534752195267152,0.0,0.016732791967575933,0.06476281335143486,0.9529327527443224,0.05286787819138716,0.0735713757809103,0.07966394432709722,0.00647434868736263,0.0667486599081486,0.2782742726892096,1.0098909631242068,0.014430616935253937,0.00043921284535852756,0.0,-0.0,0.14781947585491806,0.0,0.9206349206349206,269581059.30930245,19.41237968345645,0.06349206349206349,0.015873015873015872,0.0,0.0298540504901946,0.05540870712050161,0.00199630358472902,0.09056275436582145,0.02545054958058013,0.8333333333333334,0.04016376440391615,-0.05350675500043023,0.1708121626038539,-0.1314502191570286,0.02545054958058013,0.05615891531108885,0.28102667325879405,0.015027846467766321,0.0,-0.0,0.11336827031431818,229263958.82517496,0.05568772768167962,0.02449306023332308,0.031324354023496204,0.15690076873760872,0.07511522455568609,0.06417936478429187,0.41117652106332536,1.0,3.0,1.0,1.0,0.0,63.0,126.0,0.3826086956521739,0.07735444662554403,0.031710737346659856,0.07046734362148888,0.07735444662554403,0.49245283018867925,0.3630199070975436,0.5300236239141893,0,0,0,0,0,0
recent_month_top_future_return,2026-04-30,ALAB,194.7400054931641,1.5706028813696704,1.9817794024329958,1.036777208781377,1.1530123943920392,0.42426688786871014,-0.005413674882903452,0.04317555781878113,0.1274183636688977,0.19271957730337275,-0.19316476844533303,0.4860874334716445,-0.15593521798621246,-0.02100380696551074,0.24974710720753035,0.04540718326382917,-0.22685405066683584,0.22685405066683584,0.01638536390511347,0.9249168876993796,0.20340091563113138,0.5559043189329058,0.23589513512215388,0.0980140494845726,0.05578468539413328,0.2925111480163951,0.12867859031731654,0.17059392148767882,0.14988820480953793,0.04317555781878113,0.23589513512215388,-0.09461412259807755,0.022290216995868306,0.2929226650263115,-0.21106091034858365,0.2178074404706254,0.2929226650263115,0.2781570190018468,0.9508530306299415,0.9617165557492566,1.1075148504121493,0.009305514741894338,0.7933591626055314,0.04499175503774996,-0.0850403643871156,0.0850403643871156,0.9421562981236045,843190652.0339057,0.9391677860756383,0.5476190476190477,0.19047619047619047,0.14285714285714285,0.07498368732134204,1.2588933369714395,0.3309558015239834,0.24057208982553657,0.39786354981495586,1.2141616547386676,-0.07767401510315752,0.3677163235497371,0.6388117688497024,0.4088742434491359,0.00278985272172827,1.0530838519820584,0.8683554494924963,0.047853357585585767,0.6385220929226605,-0.0850403643871156,0.0850403643871156,0.9421562981236045,0.06349206349206349,0.3492063492063492,791897497.9103572,20.489942520835406,0.5079365079365079,0.2222222222222222,0.15873015873015872,0.07250279686277707,0.29635960907586756,0.7695923817943082,0.84949855818599,0.7768248923757639,0.3333333333333333,0.048887551955644336,-0.21106091034858365,0.7768248923757639,0.6199241236381552,0.7768248923757639,0.16048433082285474,0.9144511016411698,0.0475527687127577,-0.0850403643871156,0.0850403643871156,0.8314680912221,975992223.0753944,0.015434378888716793,0.07468639634297705,-0.01084944570594304,0.15690076873760872,0.07511522455568609,0.06417936478429187,0.41117652106332536,1.0,4.0,1.0,0.0,1.0,63.0,126.0,0.900945179584121,0.760552513261332,1.480332624980989,0.5981822029744841,1.480332624980989,1.0,0.3630199070975436,0.5300236239141893,1,1,1,1,1,1
recent_month_top_future_return,2026-04-30,AMAT,394.0001831054688,1.2297834019248597,1.640959922988185,0.8892834326695958,0.9195516208717864,1.2042124458479884,0.9329696344685676,0.6977958213012616,-0.1608410935332163,-0.13196040372042428,0.38546451633010625,-0.1600301574636116,0.08427475981115484,0.6336164565169697,-0.47236146243476695,1.421486802193897,-0.05407155708802036,0.05407155708802036,0.10373827955881354,1.0084279925772566,-0.2816457953352829,-0.11970407576764175,0.5658354175808373,0.08574914942540335,0.01879085264582403,0.18300285469465605,0.0016499995067820183,0.5369547277680453,0.6001953222167148,0.5369547277680453,0.6977958213012616,0.2542122037362342,0.07123515828439642,0.22543435886649466,0.15650387906519736,0.15031913431080857,0.22543435886649466,0.41397559144508944,0.490891523033697,0.9436760972310518,1.1093276567023738,-0.15423004942655594,-0.023822303628479147,0.024307315165247863,-0.05407155708802036,0.05407155708802036,0.793497684293321,2250778478.909544,1.1242802792387598,0.3412698412698413,0.06349206349206349,0.05555555555555555,0.03706852829417743,1.0526787314101416,0.08052775483842545,0.057497060727657034,0.06889723734489084,0.941283552765283,-0.08195001156809056,0.11817435816987129,0.05960246312101769,0.11974797431387718,-0.1341548286731895,0.5445595429420305,0.8506739118325566,0.026183128792775033,0.13132390095185387,-0.05407155708802036,0.05407155708802036,0.32722440885993853,0.06349206349206349,0.9365079365079365,2530505856.773013,21.651685063483544,0.36507936507936506,0.06349206349206349,0.09523809523809523,0.04027898181821017,0.047490987464772205,0.15796764439244804,0.33284546917695196,0.15418819941481532,0.8333333333333334,0.09766998051752253,-0.08195001156809056,0.2542122037362342,-0.002712569322793401,0.15418819941481532,0.013550300405024363,0.46324259662024614,0.020634302318217286,-0.05407155708802036,0.05407155708802036,0.1320630204585267,2165733863.4841194,-0.006415021693357281,0.03378321458576876,-0.003858400069157053,0.15690076873760872,0.07511522455568609,0.06417936478429187,0.41117652106332536,2.0,7.0,2.0,1.0,1.0,63.0,126.0,0.9011342155009452,0.14228372690405178,0.8350245279111004,0.2885019733400418,0.8350245279111004,0.9830188679245283,0.3630199070975436,0.5300236239141893,1,1,1,1,1,0
recent_month_top_future_return,2026-04-30,DDOG,132.19000244140625,-0.11722587792689754,0.2939506431364278,0.8740246867651692,0.8887848310283284,-0.05565076099370281,-0.07169938126893549,-0.18807195857961767,0.16012870614737307,0.014207868707149296,-0.2056998386866401,0.22789280926073008,-0.017197979815398723,-0.25225132336390954,0.21026492915370765,-0.2920461732674708,-0.33812336454310343,0.33812336454310343,-0.07527039700835725,1.0484592272833944,0.34119387888890973,0.370958955177241,-0.17386408987246837,0.08863403866920763,-0.1501155542671161,0.04253462530003693,0.339133304841965,-0.027943252432244603,-0.12995976696144354,-0.18807195857961767,-0.027943252432244603,-0.04904770865150532,-0.00828495631394599,0.022192970574089976,-0.13424069947833162,-0.05292225398159611,0.022192970574089976,0.034462994723619744,0.6439802188655004,0.8056686219706444,0.9999767359320358,0.9116076672539912,1.1405795482319836,0.02649732800747138,-0.33812336454310343,0.33812336454310343,0.2882132747973174,702117334.5533401,0.9361534979770479,0.2857142857142857,0.07142857142857142,0.07142857142857142,0.04557923659506156,1.699828683793012,0.15203984710106278,0.017417047464438173,0.0897352075237301,1.0227023442177876,0.05439446246056412,0.10523768099945466,0.18068956343658304,-0.012775963748204777,0.3544280652198586,0.6439652372659211,0.805687365536274,0.02952286979506195,0.057933078127414994,-0.013360153330448932,0.013360153330448932,0.2882132747973174,0.015873015873015872,0.746031746031746,657289598.7324306,20.30363527039819,0.38095238095238093,0.07936507936507936,0.09523809523809523,0.05504902834412465,0.07870579744268569,0.1072776866822931,0.23086304047471679,0.1197797460746266,0.3333333333333333,-0.029404622279526837,-0.1501155542671161,0.1197797460746266,-0.03712102266298212,0.1197797460746266,0.0769350002986271,0.5188346555097216,0.02377807230200538,-0.013360153330448932,0.013360153330448932,0.25453164084399904,562423937.7805437,0.012562255391851629,0.0490068562228412,0.001651883120163955,0.15690076873760872,0.07511522455568609,0.06417936478429187,0.41117652106332536,2.0,7.0,2.0,1.0,1.0,63.0,126.0,0.8325141776937619,0.8711702968093558,0.9695890804372147,1.0271578506058496,1.0271578506058496,0.9886792452830189,0.3630199070975436,0.5300236239141893,1,1,1,1,1,1
recent_month_top_future_return,2026-04-30,DELL,208.60528564453125,0.9005837295934922,1.3117602506568176,1.1954832592217257,1.2630347045723205,0.5921586238204524,0.49018506707936327,0.2993857666084194,0.37294888488699773,0.2792678377176725,-0.29053348724414263,1.1220304546782716,-0.1769025433777086,0.23520640182412755,0.5321112008257096,0.5124305904163201,-0.03304178271364944,0.03304178271364944,0.09733530691847947,1.5202966047732764,-0.4749923146431666,-0.038450016389348196,0.5786536043260919,0.1940178404686455,-0.056018122380921076,0.4401053949189744,0.2574917045304932,0.6723346514954172,0.5167913408099761,0.2993857666084194,0.6723346514954172,-0.08690285529748554,0.2377325887832351,0.831496967434129,0.29395318167891604,0.756381742878443,0.831496967434129,1.1990711698573713,0.584246475927961,0.9367832786327728,1.186914969119814,-0.5890386985277496,-0.4751961400231913,0.025856220356772187,-0.03304178271364944,0.03304178271364944,0.887066872298613,1082964352.0312111,1.2127189451282188,0.31746031746031744,0.047619047619047616,0.047619047619047616,0.0419241107314679,0.46901097254990076,0.07499573726073538,0.2599375566848281,0.2463794666866299,1.4336301246666132,0.10838731933859247,0.19765347772220046,0.41542753892976636,0.24029208249058143,-0.6799362424302084,0.6934508879343959,0.789258963788676,0.031548182614362166,0.2594934602235581,-0.03304178271364944,0.03304178271364944,0.8577957873456212,0.06349206349206349,0.8412698412698413,1313331386.6067553,20.995832790069347,0.42857142857142855,0.07936507936507936,0.047619047619047616,0.046785912748455456,0.12320864499452377,0.22712701021562465,0.5061374677042586,0.2770152763696303,0.5,0.059922042721837265,-0.1769025433777086,0.29395318167891604,0.12011450763202158,0.2770152763696303,0.0714433082663184,0.5473123292494386,0.028998889484884768,-0.03304178271364944,0.03304178271364944,0.237433665541545,1202800622.7369761,-0.0008625035862129815,0.04616874472046533,-0.007457725521566649,0.15690076873760872,0.07511522455568609,0.06417936478429187,0.41117652106332536,2.0,7.0,2.0,1.0,1.0,63.0,126.0,0.8791115311909263,1.01440536557406,1.0648959019998014,0.9432393281153402,1.0648959019998014,0.9905660377358491,0.3630199070975436,0.5300236239141893,1,1,1,1,1,1
recent_month_top_future_return,2026-04-30,ENPH,32.959999084472656,-0.6719973559661541,-0.2608208349028287,1.2502539703082125,1.3562756367551623,0.01854136164413922,-0.06866347406286066,0.08030150236680633,-0.05190837072642096,0.06215945599223649,0.21206159504481947,-0.32076901817964865,-0.05440838528217051,0.016122137582514462,-0.1890089255016355,0.09445488110034457,-0.3621056657152687,0.3621056657152687,0.024893134584866417,1.0794338281991787,1.132183168104373,0.9003990302482907,0.14246095835904282,0.0571106324208257,0.11091850305992268,-0.13650144059455782,-0.2756432141446321,0.028393131640385372,0.08371853078874485,0.028393131640385372,0.14246095835904282,0.15382216606966548,-0.09029040072376715,-0.10870742313482917,0.14305032398622464,-0.18382264769051526,-0.10870742313482917,-0.10600176805796294,0.8501572542502877,0.7352081817873637,1.2062763883064596,1.1283468277427922,0.8553373960836959,0.03380501138203243,-0.3621056657152687,0.3621056657152687,0.2618682245586026,257069768.01972315,1.1200707798478453,0.4444444444444444,0.09523809523809523,0.1111111111111111,0.05693501070652104,1.8370803135630824,-0.09386495956435525,-0.1763634157292978,-0.15556469098708314,0.8684608514987253,-0.10551216078005732,0.1300697460997464,-0.2202507989701491,-0.20645276567854254,0.38917523371019014,1.0255246221495735,0.6094856775067548,0.04026685032340159,-0.16382185011938744,-0.3621056657152687,0.3621056657152687,0.056748910551710496,0.9365079365079365,0.2222222222222222,287936335.541156,19.478249959987714,0.5396825396825397,0.12698412698412698,0.15873015873015872,0.06314959543686198,-0.07315063890297158,-0.1264948402483438,-0.20522282141495002,-0.12827299954144944,0.5,0.019932907918689253,-0.12827299954144944,0.15382216606966548,-0.28517376827905816,-0.12827299954144944,-0.00734854253726358,0.6250425691306914,0.0296312680469132,-0.13897596302175075,0.13897596302175075,0.056748910551710496,240784662.39643097,-0.03331772088822582,0.06432039079749229,-0.027499147540326785,0.15690076873760872,0.07511522455568609,0.06417936478429187,0.41117652106332536,1.0,3.0,1.0,0.0,1.0,63.0,126.0,0.7366729678638941,1.0740292023416873,0.4939321312561442,0.13895637009323547,1.0740292023416873,0.9943396226415094,0.3630199070975436,0.5300236239141893,1,1,1,1,1,1
recent_month_top_future_return,2026-04-30,FTNT,84.30999755859375,-0.5986283731951331,-0.1874518521318077,0.8698032996654319,0.8952276256060242,-0.1560560933850096,0.002735439135707951,-0.024528551881250804,0.08623354710243114,0.06372490850434698,-0.05981717170763112,0.09735095637637914,-0.0613213355668637,-0.08870791666554267,0.06206233654999882,-0.07278398617842345,-0.22430770388431553,0.22430770388431553,0.002744926223091859,1.099751188796128,-0.22517368750916777,-0.19609152354045678,0.039196356623096174,0.04472830465021332,-0.0212004640643092,0.0367988924359155,0.03155830713936858,0.061704995221180337,0.025457599987675234,-0.024528551881250804,0.061704995221180337,0.02329679371370963,0.005100592263261872,0.037533784668748016,-0.027442816863271102,-0.03758143988693807,0.037533784668748016,0.09974211151927877,0.3370047886786696,1.1240701653772165,1.1166259800845324,-0.03882419109376034,-0.00836112467244532,0.016442410479791583,-0.03996814106613278,0.03996814106613278,0.12069644817878755,505934720.07535905,1.0542645454728854,0.1349206349206349,0.007936507936507936,0.015873015873015872,0.03064453826901606,1.090501318435894,0.029492101422123662,0.01044411939095724,0.030465377458807286,1.0478380150049098,0.034037738617692215,0.03897590664971064,0.06681005771039006,0.004748685050960821,-0.10164966836563782,0.3763083024515002,1.0066666774958257,0.018711922033241436,0.0454809477773408,-0.03996814106613278,0.03996814106613278,0.12069644817878755,0.8571428571428571,0.7301587301587301,533389037.69919986,20.09476161963077,0.20634920634920634,0.0,0.015873015873015872,0.036304101452848424,0.027644352991206045,0.06833962884140288,0.08366451396489748,0.03169354257467227,0.5,-0.0034894235980616473,-0.0613213355668637,0.034037738617692215,-0.12520722616293645,0.03169354257467227,0.019104408148904906,0.378817028542946,0.018288974514751838,-0.031920988588759025,0.031920988588759025,0.09921774332646782,453154503.07290214,-0.0030743925336977895,0.03347340228319499,-0.010794335725446524,0.15690076873760872,0.07511522455568609,0.06417936478429187,0.41117652106332536,1.0,3.0,1.0,1.0,0.0,63.0,126.0,0.5608695652173913,0.6364607426873279,0.8220851567505347,0.9208872214198582,0.9208872214198582,0.9867924528301887,0.3630199070975436,0.5300236239141893,1,1,1,1,1,0
recent_month_top_future_return,2026-04-30,MU,517.0804443359375,5.325638212567426,5.736814733630752,0.9899596337523148,1.0256760545172419,3.745376541578743,2.0953282146104013,1.3130278089860798,-0.5002769116345374,-0.12431747870944854,0.8547954836164378,-0.6077427333713319,0.056799420640435416,1.248848444201788,-1.065975058740974,1.8603854329649492,-0.01410706698619546,0.01410706698619546,0.13539558736915347,1.5892798137213298,-0.2835687505022255,-0.10657243995226273,1.1887103302766313,0.26047306931575454,0.20739718483900438,0.3603963685784417,0.033874837998860374,0.8127508973515425,1.104829678871418,0.8127508973515425,1.3130278089860798,0.45362808188767456,0.04787494908958467,0.24705275024510587,-0.006049905538305755,0.17193752568941978,0.24705275024510587,0.34737609930285407,0.7057826758476979,0.8676709575241395,1.0076710109689964,-0.5030114830636367,-0.23921808647779352,0.03503578615491953,-0.01410706698619546,0.01410706698619546,1.5703244699216206,12925924954.660397,1.3358708630411256,0.5,0.18253968253968253,0.07142857142857142,0.055311178630536875,0.9957093859169254,0.2539025406597132,0.05764210751335419,0.22238477872194684,1.167429958614036,-0.1803915633187605,0.2750615031678429,0.2546432232299223,0.13322353923973385,-0.20969212331210485,0.7111967424958533,0.8610657129947301,0.03509166599934766,0.2579768076307829,-0.01410706698619546,0.01410706698619546,0.6070851892039548,0.047619047619047616,0.3492063492063492,17267366524.787006,23.57208422910381,0.5396825396825397,0.1746031746031746,0.07936507936507936,0.05846980290533858,0.2076122865000094,0.4602409511079204,0.8667453301859839,0.5307836853293346,0.6666666666666666,0.17702781730656378,-0.1803915633187605,0.5307836853293346,0.3738829165917259,0.5307836853293346,0.1417153951566903,0.6123871301567214,0.030651107345668088,-0.01410706698619546,0.01410706698619546,0.41207953325856117,18424515610.943024,0.05904654988595248,0.05357004822754764,0.009608761389647169,0.15690076873760872,0.07511522455568609,0.06417936478429187,0.41117652106332536,2.0,7.0,2.0,1.0,1.0,63.0,126.0,0.9741020793950851,0.8775622219761783,1.2319787210485176,0.5916866288645946,1.2319787210485176,0.9981132075471698,0.3630199070975436,0.5300236239141893,1,1,1,1,1,1
recent_month_top_future_return,2026-04-30,PANW,179.32000732421875,-0.4518868706580079,-0.04071034959468256,0.6057124084023446,0.6287822348281241,0.03294931462901185,-0.11933988987173683,-0.18579729907523745,0.15930441251240735,0.128941477895111,-0.19646750450977446,0.20974662575804126,-0.13671449264146585,-0.24997666385952932,0.19907642032350426,-0.48149851256857795,-0.18999004711766176,0.18999004711766176,-0.03357508131672393,0.9389129999059193,-0.24338957276385997,-0.23334245116288832,-0.05685582118012644,0.08458300495792369,-0.031189227277542586,0.04075440596502067,0.1768940398201484,-0.02649288656283011,-0.08971533560606466,-0.18579729907523745,-0.02649288656283011,-0.0392507917878554,-0.0024508957349278493,0.0132791212482668,-0.1585014570733717,-0.06183610330741929,0.0132791212482668,0.028617205574306387,0.38587304887837026,1.2085144161314332,1.202534836782823,-0.25544403736002885,-0.1672044999107164,0.018005080122423245,-0.18579729907523745,0.18579729907523745,0.26575852080109996,1437229392.4926274,1.2044907523562536,0.1984126984126984,0.0,0.047619047619047616,0.0330015890101188,0.8961214392182842,0.15360852411534875,0.056409618235735426,0.09868838107266953,1.0508788858311637,0.0765512308316072,0.11079901894671086,0.2041365130879571,0.051870355691951975,-0.24567716751547675,0.46402578385184123,1.004972479104728,0.02234284251322211,0.11036739037392151,-0.019573464689626063,0.019573464689626063,0.26575852080109996,0.047619047619047616,0.7301587301587301,1731129512.271966,21.272039930256092,0.31746031746031744,0.0,0.07936507936507936,0.04007995065601071,0.07534580311686145,0.1711721840751954,0.25413799250106006,0.11851296863763161,0.3333333333333333,-0.02843196155183279,-0.1585014570733717,0.11851296863763161,-0.03838780009997711,0.11851296863763161,0.04964327459352891,0.46633314236609963,0.023539210842286145,-0.019573464689626063,0.019573464689626063,0.15148020448130062,1251690054.6310425,0.013067317011338897,0.03648305397301047,-0.007406211421319142,0.15690076873760872,0.07511522455568609,0.06417936478429187,0.41117652106332536,2.0,7.0,2.0,1.0,1.0,63.0,126.0,0.6695652173913044,0.5708788252060344,0.9017397673706993,0.8504905923425592,0.9017397673706993,0.9849056603773585,0.3630199070975436,0.5300236239141893,1,1,1,1,1,0
recent_month_top_future_return,2026-04-30,SNDK,1096.510009765625,32.73737498697166,33.148551508034984,1.0400795761911494,1.1230948518925572,24.547764597972485,8.7728167521381,4.5009782756887216,-0.8817601982986751,-0.590059179664002,1.8909346044576365,-0.9880972773155541,0.12015249449774945,4.43679891090443,-3.5981409485466394,4.0239056225756515,0.0,-0.0,0.3233901922059357,1.484962354306904,-0.6313822159136717,-0.2985803209921337,3.9109190960247195,0.4492141966964794,0.06314943649499427,0.9073398059997095,0.0,3.6192180773900464,4.0103718163678295,3.6192180773900464,4.5009782756887216,1.427542287247309,0.23195945873587975,0.9028373271420824,0.10257698108731028,0.8277221025863963,0.9028373271420824,0.9073740786176228,1.1185596029977716,0.7663322439484704,0.8895369798714136,-0.27056804447667393,0.25889981248763916,0.05475185567017635,0.0,-0.0,4.641063803999219,8706670062.794083,1.5412801481562601,0.626984126984127,0.2857142857142857,0.16666666666666666,0.08607092090539196,0.8049848170262712,0.17711665122388487,0.2904195560854972,0.45894217571648843,1.3621745510620489,-3.141289434949179e-05,0.566046239768761,0.7258090453381247,0.39964457349368376,-0.16147383825940365,0.9950001310568051,0.8614956559301751,0.05204617548091863,0.4635931352035896,0.0,-0.0,1.0793620204229857,0.0,0.6031746031746031,13419417724.330938,23.31996857897419,0.6825396825396826,0.30158730158730157,0.19047619047619047,0.077888239595516,0.3218512875594832,0.6823428676969072,0.8467955846994357,0.7258632596983634,0.8333333333333334,0.4065421743552295,-3.141289434949179e-05,1.427542287247309,0.5689624909607547,0.7258632596983634,0.20485146060177595,0.8571882905553925,0.048015021418802165,0.0,-0.0,0.5828822783498542,13795984049.75092,0.1107082013812899,0.06111539805404952,0.049659523016247986,0.15690076873760872,0.07511522455568609,0.06417936478429187,0.41117652106332536,1.0,3.0,1.0,1.0,0.0,63.0,126.0,0.994234404536862,0.5457952644053343,1.0736062235808967,0.10790594270484855,1.0736062235808967,0.9924528301886792,0.3630199070975436,0.5300236239141893,1,1,1,1,1,1
recent_month_top_future_return,2026-04-30,SNOW,136.47000122070312,-0.5555116109097397,-0.1443350898464143,0.8936716636121159,0.9344497961145889,-0.38939596769260343,-0.39494569109189137,-0.5035288169509333,0.12565682953748647,0.0467146083730573,-0.2989668454408151,0.007166136473279239,-0.08600116039624883,-0.5677081817352252,0.21172810798339747,-0.9039428340667869,-0.5075774193278425,0.5075774193278425,-0.11346995708376628,1.4312961052377284,0.43244981315720876,0.014459942117520885,-0.456814208577876,0.06351347327829308,-0.1268906391728284,-0.254113112128482,0.012882892234227228,-0.37787198741344685,-0.446071670980752,-0.5035288169509333,-0.37787198741344685,-0.12153539199457553,-0.10682012325254231,-0.29180070896753585,-0.12605082340845564,-0.36691593352322194,-0.29180070896753585,-0.4381600059132519,0.5570361288064933,1.3970653008575198,1.1955568853767824,-0.008946608946608925,-0.1032419379473144,0.025594060680495783,-0.5075774193278425,0.5075774193278425,0.12682685602297572,1124712208.8234553,1.015074613630612,0.31746031746031744,0.047619047619047616,0.07936507936507936,0.04504173467156988,1.345333057644383,0.06512587565182848,-0.12140067594820891,-0.14007669309602888,0.9091745823468731,-0.10444745534940103,0.017340049133670064,-0.18965620656056337,-0.15804451892247462,-0.07775974934258378,0.6659683791982314,1.168547743687856,0.03203818868200621,-0.11050329514093327,-0.29180070896753585,0.29180070896753585,0.12682685602297572,0.9841269841269841,0.2222222222222222,1141666810.817101,20.85575514713155,0.42857142857142855,0.09523809523809523,0.12698412698412698,0.05558478582293276,-0.08530332259651163,-0.0966509908620149,-0.1222624398101963,-0.09514656813845213,0.0,-0.11001200640999359,-0.1268906391728284,-0.08600116039624883,-0.25204733687606085,-0.09514656813845213,-0.04686409082651799,0.7782158468795517,0.03351970279664396,-0.1227743472667574,0.1227743472667574,0.12682685602297572,1122254674.1997855,-0.060156324273368034,0.05803001494140663,-0.031880481523230864,0.15690076873760872,0.07511522455568609,0.06417936478429187,0.41117652106332536,1.0,4.0,1.0,0.0,1.0,63.0,126.0,0.8638941398865785,0.8725727322188204,0.8648787112444987,1.1490437177105042,1.1490437177105042,0.9962264150943396,0.3630199070975436,0.5300236239141893,1,1,1,1,1,1
recent_month_non_top10_control,2026-05-31,A,135.2698211669922,-0.208251328321434,0.2208941418987489,1.1814579071365938,1.227123124399398,0.08511289250463605,-0.07022382378115744,-0.11347211835834836,0.12833390435531566,0.11356045060492048,-0.2078375784795875,0.32696145706514546,-0.11355042044118369,-0.3087782594613878,0.2325959969439063,-0.31268057141125283,-0.13433815370701163,0.13433815370701163,-0.03823132185910494,1.3874881014578846,0.1507291858962525,0.2878085097218157,8.833224657212035e-05,0.07021849457750544,-0.01455710911006669,0.1089299640990451,0.21230189745682548,0.014861785996967303,-0.032840666704936315,-0.11347211835834836,0.014861785996967303,-0.0931640317784711,-0.007197505844410812,0.11912387858555795,-0.0588228350912372,-0.09815449020876832,0.11912387858555795,0.26756848925949867,0.3629010841518013,1.8056118551671314,1.2268051575154448,1.2292355833705857,1.6146974908481644,0.014409758348413147,-0.118468244327398,0.118468244327398,0.23221384734772288,279590181.2332638,0.9444168688104617,0.10317460317460317,0.007936507936507936,0.007936507936507936,0.025510489247377203,1.7826128401887422,0.14459216924385598,0.011171822714734159,0.17019291668569125,1.2617867635153601,0.0137743465236555,0.10380697477352818,0.18906824380300935,-0.005506212119531173,0.5433912433458508,0.4452089217053763,1.471800019836809,0.0163461570767084,0.0036923637654238117,0.0,-0.0,0.23221384734772288,0.0,0.6825396825396826,264049683.5104685,19.39164784230669,0.12698412698412698,0.015873015873015872,0.015873015873015872,0.026784069865766737,0.1620210677701468,0.0787568264487355,0.2638838649524507,0.17291214546950817,0.3333333333333333,-0.015567984071299168,-0.11355042044118369,0.17291214546950817,0.0672272603800308,0.17291214546950817,0.1652029896492655,0.6552584997974972,0.021581663470019875,0.0,-0.0,0.2257393789299258,309673488.86976695,0.1488124816024048,0.03488423693105924,0.09867216724681205,0.10568488508947738,0.21727836879432627,0.19530614110303945,0.4291454702201829,1.0,3.0,1.0,1.0,0.0,63.0,126.0,0.449054820415879,-0.018036686342074115,0.02291844495283324,,0.02291844495283324,0.3314500941619586,0.2021381659328636,0.24398253749699317,0,0,0,0,0,0
recent_month_non_top10_control,2026-05-31,AAPL,312.0599975585937,0.13071514033171527,0.5598606105518982,1.0248457080938471,1.0582765034819148,0.34807807307393324,0.15746136364845453,0.12117544689867055,0.08369494529407207,0.028827454654987594,-0.05172244411765614,0.23405080351392005,-0.025067288626873463,-0.07413069420436891,0.06115291249759336,0.5519401138003284,-0.001439992937726342,0.001439992937726342,0.017739243935186666,1.1135830709629584,-0.03233125824794625,0.1441021958747526,0.15000290155365814,0.04251726617640787,-0.045538085253494565,0.1635315062592375,0.07460319842323226,0.2048703921927426,0.1586829135483571,0.12117544689867055,0.2048703921927426,0.01906579726125268,0.05629483824117498,0.1823283593962639,-0.039329287398935375,-0.034950009398062365,0.1823283593962639,0.8831248832938666,0.21954455541259565,0.771587856790819,0.9403930938966336,-0.23758113931465175,-0.12238949396086807,0.010030692578250325,-0.001439992937726342,0.001439992937726342,0.2672872777981612,12408525011.50383,0.9730260706532534,0.047619047619047616,0.0,0.0,0.01959775766545978,1.041093066347256,0.021988928074505254,0.11161433169462054,0.13431283656994175,0.8293957718060561,0.06919119500662885,0.0767280656140568,0.23073217897426046,0.1262469178094776,-0.006585707591178158,0.20645818371261174,0.8204950268122988,0.010120654664331484,0.13362962845932524,-0.001439992937726342,0.001439992937726342,0.26646192228936494,0.015873015873015872,0.6666666666666666,12073818334.546188,23.214305171286153,0.015873015873015872,0.0,0.0,0.019539918605436874,0.08182440671929614,0.1485760743207396,0.8919064299741111,0.15108708781185776,0.5,0.021568236466739315,-0.045538085253494565,0.15108708781185776,0.04540220272238038,0.15108708781185776,0.04907225817474048,0.16939791298089787,0.009510878367677257,-0.001439992937726342,0.001439992937726342,0.15108708781185776,15066994435.595993,0.0208547914863777,0.015912702363263333,0.004978828930279233,0.10568488508947738,0.21727836879432627,0.19530614110303945,0.4291454702201829,2.0,8.0,2.0,1.0,1.0,63.0,126.0,0.4533081285444235,-0.07274246101591075,-0.010094193171596322,,-0.010094193171596322,0.23163841807909605,0.2021381659328636,0.24398253749699317,0,0,0,0,0,0
recent_month_non_top10_control,2026-05-31,ABBV,216.18125915527344,-0.2211882933789775,0.2079571768412054,0.8671011105298689,0.8724710263333832,0.05935279206225763,0.014917021635996175,-0.028140103792883897,0.012518620167433991,-0.00336021312367929,0.02743636625303103,-0.08152873817149564,0.0034695035861873613,-0.22344624489592335,-0.025952268125580713,-0.11370917310525525,-0.08794572604165696,0.08794572604165696,-0.012167051652881566,1.1951918042117247,-0.049837243237175866,-0.10123380045906416,-0.03150031691656319,0.008368036705424586,-0.016130820641631627,0.013777545865508056,-0.06720271687765478,-0.015621483625449906,-0.025087301444965664,-0.03150031691656319,-0.015621483625449906,0.04067087224049604,-0.029133455101601924,-0.05409237191846461,-0.06286626604820633,-0.2713707407127909,-0.05409237191846461,-0.22288434873212776,0.24747435078818067,0.8940776266244761,0.9806776079103795,-0.2617160244980231,-0.23935649077760035,0.011707377410790436,-0.07055235713019103,0.07055235713019103,0.1030499357135437,1404124837.0941405,0.995754392404366,0.06349206349206349,0.0,0.007936507936507936,0.023889551982805023,1.0368456628544727,0.02732162394097093,0.008742911014330668,0.04871128498231991,0.9041156569652213,-0.020308286242734175,0.03769621480155031,0.00936247817346536,0.023693843586533037,-0.1292943838716314,0.24269255435012715,0.9116937303479071,0.011638882882984888,0.05708232316870587,-0.07055235713019103,0.07055235713019103,0.1030499357135437,0.9523809523809523,0.36507936507936506,1398163474.0205553,21.058425408843387,0.047619047619047616,0.0,0.015873015873015872,0.02443046324930934,0.048638177161534735,0.08206322079116646,0.13687807210822642,0.030285817466402465,0.5,-0.0041465299399143785,-0.06286626604820633,0.04067087224049604,-0.07539906762307491,0.030285817466402465,0.03651514945335088,0.22126128020312963,0.011210113934435897,-0.004162264492311718,0.004162264492311718,0.08022826858782417,1206904647.5939069,0.016941270225891758,0.023772346079783305,0.007431309437885725,0.10568488508947738,0.21727836879432627,0.19530614110303945,0.4291454702201829,1.0,3.0,1.0,1.0,0.0,63.0,126.0,0.4594517958412099,0.15579635444256645,0.160785182869007,,0.160785182869007,0.8380414312617702,0.2021381659328636,0.24398253749699317,0,0,0,0,0,0
recent_month_non_top10_control,2026-05-31,ABNB,133.30999755859375,-0.3957346364326344,0.0334108337875485,0.9992546591190975,1.0285372223302325,0.021297776796867618,0.053500842374623936,0.13949910242607455,-0.10904379910912487,-0.15725627631668126,0.1548850592140545,-0.1682075597219843,0.16009918539142132,-0.055807038676964904,-0.15282160293400437,0.44606365478882914,-0.07539184123577358,0.07539184123577358,0.006553660056941801,0.9660526476047844,-0.3527275525121182,-0.3613508400225445,-0.017757173890606714,0.08056522153264888,-0.04678754823461484,0.007872211377167648,-0.039980929159597944,0.030455303316949678,0.0507324106174725,-0.017757173890606714,0.13949910242607455,0.04436890863267462,0.016302529023612733,-0.013322500507929824,-0.06535416913008418,-0.2306008693022561,-0.013322500507929824,-0.04436064381454812,0.3127336220479895,0.7624246641709937,0.9603141543806845,0.4721240331781753,0.3981821773692438,0.014622271369325758,-0.07539184123577358,0.07539184123577358,0.14962054683600212,558482884.8799328,0.8928778228816604,0.10317460317460317,0.015873015873015872,0.023809523809523808,0.03027585525030745,1.102082523657102,-0.04889723546880187,0.0339279183387875,-0.008058474943160476,1.0244621474818443,0.11149827341749274,0.09495611702133629,0.0556699306877837,0.002337561952398426,0.17847737163563004,0.3003225238034236,0.7939325487321266,0.01439118677955842,-0.05781528691161386,-0.07539184123577358,0.07539184123577358,0.08496780807878768,0.4126984126984127,0.6825396825396826,498656982.36826336,20.027429009262896,0.09523809523809523,0.015873015873015872,0.015873015873015872,0.03195746565543414,-0.03204494156353199,-0.05691632047261974,-0.21065629014900972,-0.050228006704909345,0.5,0.025599440561996718,-0.06535416913008418,0.16009918539142132,-0.15591289179438672,-0.050228006704909345,-0.017720989501005424,0.23843582676491687,0.011741272447702875,-0.058943991865426204,0.058943991865426204,0.016392145749119624,555473778.8330078,3.7475919661300594e-05,0.03474126134790393,0.002421249053525587,0.10568488508947738,0.21727836879432627,0.19530614110303945,0.4291454702201829,1.0,3.0,1.0,1.0,0.0,63.0,126.0,0.5435727788279773,0.07343791706708913,0.13659895767279817,,0.13659895767279817,0.7608286252354048,0.2021381659328636,0.24398253749699317,0,0,0,0,0,0
recent_month_non_top10_control,2026-05-31,ACGL,89.33999633789062,-0.48912026528255825,-0.05997479506237535,1.0464352167398574,1.06508456058783,-0.023926608441096175,0.03510600005798725,-0.048764926749850446,-0.020997719166091944,-0.01983392600935463,0.06633308643944935,-0.17427122945779927,0.021294719324870037,-0.2440710678528899,-0.05917321626849947,-0.24099572430806712,-0.12394593648720031,0.12394593648720031,-0.0014049950122291266,1.5723593430273617,1.3166989155379563,1.066638736662164,-0.06859885275920508,0.011801435263237318,0.0012510711934194951,-0.06613081119166786,-0.09802601294705804,-0.06976264591594239,-0.06237547514166597,-0.06976264591594239,-0.048764926749850446,0.04279467483519239,-0.01350550208694934,-0.10793814301834992,-0.04153772939318867,-0.3252165118126762,-0.10793814301834992,-0.5151212266892125,0.2023476843411287,1.0005516279522464,1.0355409013169592,0.42935672839334793,0.3518814960606129,0.009298746204373855,-0.12394593648720031,0.12394593648720031,0.0,205273903.15318033,0.9987861308903806,0.031746031746031744,0.0,0.0,0.019200737563421593,1.8776075857038659,-0.0422307368722864,-0.00973436486274537,-0.06131998531756655,0.9772137629843572,-0.01593914796693985,0.0370024769075902,-0.06927806723484542,-0.029133615918228828,0.4230223516187879,0.209539303422012,0.9662115969343027,0.009792498355496858,-0.02675093381460958,-0.1159707253496417,0.1159707253496417,0.0,0.9841269841269841,0.0,205024727.5031317,19.138641156672396,0.031746031746031744,0.0,0.0,0.01970058305848389,-0.05871696357925271,-0.036033217969954956,-0.2677222802239599,-0.05420286678177255,0.5,-0.007723213131403191,-0.05420286678177255,0.04279467483519239,-0.15988775187124993,-0.05420286678177255,-0.05050379934799376,0.2024593049798836,0.008775841083245181,-0.077447338740403,0.077447338740403,0.0,250491022.8717259,-0.05188427924430872,0.022170523916343655,-0.035371901349299684,0.10568488508947738,0.21727836879432627,0.19530614110303945,0.4291454702201829,1.0,3.0,1.0,1.0,0.0,63.0,126.0,0.1506616257088847,0.08641147903684154,0.12525187933839632,,0.12525187933839632,0.7231638418079096,0.2021381659328636,0.24398253749699317,0,0,0,0,0,0
recent_month_non_top10_control,2026-05-31,ACN,184.8473663330078,-0.8306985172558045,-0.40155304703562156,0.8370109430378097,0.8456606469382733,-0.2743145794146189,-0.2456760343223542,-0.2453742708851987,-0.039042339507437296,-0.051470883585134186,-0.16511998636533465,0.06899325772264553,0.07319992731666747,-0.44068041198823815,0.14924754224250958,-0.5998045973430854,-0.409198716269922,0.409198716269922,-0.08357771228180122,1.4796029598671336,0.3593507623623775,0.22868082049853666,-0.2968451544703329,0.026857726508212644,-0.017368407733047486,-0.11154429565643698,0.15410579426552573,-0.284416610392636,-0.2755453452493892,-0.2968451544703329,-0.2453742708851987,-0.20831447030975847,-0.058992526288660585,-0.09612672864268912,-0.049971292658568256,-0.3134050974370154,-0.09612672864268912,-0.24649058376004815,0.40909034704321506,1.054454645936698,0.953289034583342,0.7864162951422842,0.8699844045069505,0.018613279263109943,-0.3461688712626755,0.3461688712626755,0.17182421278210147,1230653336.4808702,0.9679774802428319,0.20634920634920634,0.023809523809523808,0.031746031746031744,0.03488344657247973,1.6548711741841713,0.2019384373520291,-0.06482643788726883,0.01215674227619612,0.9094265596703894,-0.09110125813305914,0.10187248113491622,-0.04858320135744387,-0.07045838405584204,0.36325923177780495,0.38998134199019086,1.106122705374003,0.018233400585093176,-0.04537131758659796,-0.12252827661977417,0.12252827661977417,0.17182421278210147,0.9206349206349206,0.1746031746031746,1191244715.6991868,20.898264577832975,0.19047619047619047,0.031746031746031744,0.031746031746031744,0.03706323213904062,0.04590577573042065,0.007234060506339013,0.10844530852788856,0.046779750941540854,0.3333333333333333,-0.04112929176270417,-0.20831447030975847,0.07319992731666747,-0.05890513414793652,0.046779750941540854,0.06343553478563901,0.4313672170475742,0.01991052170408942,0.0,-0.0,0.17182421278210147,1031277158.8106428,0.05194203445540513,0.04151617240025938,0.04151127810382538,0.10568488508947738,0.21727836879432627,0.19530614110303945,0.4291454702201829,1.0,3.0,1.0,1.0,0.0,63.0,126.0,0.7640831758034026,-0.3347944887952171,-0.10239457850843436,,-0.10239457850843436,0.0847457627118644,0.2021381659328636,0.24398253749699317,0,0,0,0,0,0
recent_month_non_top10_control,2026-05-31,ADBE,259.2099914550781,-0.8046785022326514,-0.37553303201246846,1.0124046508580224,1.032116841605272,-0.2733109543471762,-0.23831214682299184,-0.19029773060489874,0.07421927009365625,-0.06908111254002935,-0.18030175347616118,0.16810704991161363,0.09327456001037171,-0.3856038717079382,0.1781030270403512,-0.4998432031746931,-0.37827404992155034,0.37827404992155034,-0.07416707616903906,1.4609609101672736,1.1201404417245304,1.0942859575224908,-0.2593788431449281,0.07166554242447343,-0.16211889430431536,-0.013557013790894912,0.17998171448024503,-0.11607846051124249,-0.18858501142035644,-0.2593788431449281,-0.11607846051124249,-0.10516622792119568,-0.02620252500277842,-0.012194703564547549,-0.07366335719405293,-0.22947307235887382,-0.012194703564547549,-0.028830994839337116,0.380714850969756,1.0940865270794862,1.1109942243006448,1.1073677643251254,1.219629283364002,0.017581880895669103,-0.27499792369845766,0.27499792369845766,0.15025508956946187,1453806888.5675945,0.942846749223811,0.16666666666666666,0.023809523809523808,0.031746031746031744,0.03117575499668332,1.939320540768451,0.07509029568781156,0.020673124595979475,0.06037346766822349,1.0184999140900994,0.01242391085120964,0.0989359988893528,0.06635671179249902,0.025041645818989267,0.5807184396921112,0.42297200053287964,0.9847814715402307,0.020020904152597073,0.010175737508500315,-0.08606587716787573,0.08606587716787573,0.15025508956946187,0.9206349206349206,0.5396825396825397,1370717098.8851397,21.038599870417542,0.2222222222222222,0.031746031746031744,0.031746031746031744,0.03341652005047573,0.0490495001965463,0.011268070540808361,0.1278907380826899,0.05327096719391444,0.5,-0.030329840227344695,-0.16211889430431536,0.09327456001037171,-0.052413917895562934,0.05327096719391444,0.04522054015598087,0.41653498910508446,0.0200272335114093,0.0,-0.0,0.09802170293949675,1174831669.8849633,0.045269010270473586,0.03739935234386535,0.05874324662342234,0.10568488508947738,0.21727836879432627,0.19530614110303945,0.4291454702201829,2.0,8.0,2.0,1.0,1.0,63.0,126.0,0.741304347826087,-0.20905824994793265,-0.03394926153721911,,-0.03394926153721911,0.1751412429378531,0.2021381659328636,0.24398253749699317,0,0,0,0,0,0
recent_month_non_top10_control,2026-05-31,ADI,412.7195129394531,0.5344216582494281,0.963567128469611,0.9208221203112595,0.9364471319758362,0.6643179474090517,0.779404864814369,0.5701064988789593,-0.2347172535470723,-0.039332885065135104,0.345619233419834,-0.1787910104844348,0.025694775968302608,0.3748003577759198,-0.40327827594356,1.7322128322118695,-0.0428780115405305,0.0428780115405305,0.08940735977404923,1.1815179214206244,-0.09846959652999432,0.05193111860314037,0.5307736138138242,0.12570754180989113,0.14631267187821173,0.19324312408293198,-0.028992219812262077,0.33538924533188696,0.47875645267489014,0.33538924533188696,0.5701064988789593,0.1444608718603304,0.0963495335176987,0.16682822293539923,-0.10302104614435292,-0.05045014585892704,0.16682822293539923,0.43403662495416323,0.32912035304056025,1.1897201327877465,1.1678536050690285,0.47030244787912756,0.5126650320838468,0.015968204455348405,-0.0428780115405305,0.0428780115405305,0.6152762163771344,1316289890.728578,1.078245006365149,0.15079365079365079,0.031746031746031744,0.0,0.026519452895736335,1.2786322008519726,-0.038866930929395194,0.17156123255544053,0.10768038522162415,1.519986408092851,0.2644119297810239,0.12767750786408139,0.30084236416006216,0.14149773168048352,0.22037090377329216,0.38436439080000967,1.01872368901702,0.018757340545140735,0.06988985615733467,-0.0428780115405305,0.0428780115405305,0.3653908574697389,0.1746031746031746,0.6666666666666666,1419283001.6070168,21.073417653299103,0.23809523809523808,0.047619047619047616,0.0,0.028254535660166297,0.024283142302358174,0.04985243319637589,0.07358278372783461,0.02881215648237956,0.8333333333333334,0.08444522663764921,-0.10302104614435292,0.2644119297810239,-0.07687272860709782,0.02881215648237956,0.004356207931607958,0.39156111012256534,0.019964397157701135,-0.0428780115405305,0.0428780115405305,0.0771453594237761,1847525787.17942,0.009540438277681584,0.0415471552775028,0.0012096104919476769,0.10568488508947738,0.21727836879432627,0.19530614110303945,0.4291454702201829,1.0,3.0,1.0,1.0,0.0,63.0,126.0,0.7156899810964084,-0.037675707167254546,-0.10978281340429563,,-0.037675707167254546,0.1638418079096045,0.2021381659328636,0.24398253749699317,0,0,0,0,0,0
recent_month_non_top10_control,2026-05-31,ADM,79.77999877929688,0.275703938001858,0.7048494082220409,0.9378007627861891,0.9630654849342373,0.30257237179948304,0.3479783690245546,0.33209231414600726,-0.13002281294122753,0.07530527815969679,0.1452152321793141,0.01796551910275812,-0.05350675500043023,0.1367861730429678,-0.16891156286393505,1.2493462502964943,-0.031173877063345068,0.031173877063345068,0.06601508131029843,1.28925019458618,0.16757284260421024,0.3580982562369097,0.40739759230570405,0.10387207019454926,0.1708121626038539,0.13855827927253128,-0.031173877063345068,0.20206950120477973,0.313853135885497,0.20206950120477973,0.40739759230570405,0.03343310992710635,0.05950933836180261,0.1631807512820722,0.05286787819138716,-0.05409761751225406,0.1631807512820722,0.5618003636252653,0.2658128713854908,0.9520021187332769,1.092725066040742,0.17210148549493165,0.2627687472943705,0.013446261919744752,-0.031173877063345068,0.031173877063345068,0.4078874177343539,251066716.02953047,1.1659992976411708,0.07142857142857142,0.007936507936507936,0.0,0.027846909797467928,1.307844464109104,-0.031173877063345068,0.08194455804935763,0.08487215653039737,1.0111579387524,0.02545054958058013,0.07339755283489575,0.1047737093852461,0.12276026818670194,0.17976736698060058,0.29046038743918967,0.8712183405681863,0.015303485490484157,0.13377708981519976,-0.031173877063345068,0.031173877063345068,0.21363158301558016,0.1746031746031746,0.7619047619047619,292743614.55150783,19.494807751669732,0.07936507936507936,0.015873015873015872,0.0,0.029878938748029465,0.052754660765273576,0.1138611641246221,0.3056830527614186,0.07735444662554403,0.8333333333333334,0.05106856532134022,-0.05350675500043023,0.1708121626038539,-0.02833043846393335,0.07735444662554403,0.015006943534657369,0.2530544167455633,0.012955681662175174,-0.031173877063345068,0.031173877063345068,0.07735444662554403,335889957.75836766,0.011546387264889546,0.027282971005179273,0.010129127260444903,0.10568488508947738,0.21727836879432627,0.19530614110303945,0.4291454702201829,1.0,3.0,1.0,1.0,0.0,63.0,126.0,0.35623818525519846,-0.0423664741180102,-0.0063926064682118255,,-0.0063926064682118255,0.2448210922787194,0.2021381659328636,0.24398253749699317,0,0,0,0,0,0
recent_month_non_top10_control,2026-05-31,ADSK,231.30999755859372,-0.6480094396490141,-0.21886396942883124,0.9416418753338625,0.9596835259606856,-0.2649825593066004,-0.2323952997622417,-0.23745631848383963,0.152195125084432,0.01888258762163164,-0.18945738087465147,0.1302391035421362,-0.02416426010667172,-0.4327624595868791,0.17823804115132436,-0.6664432269323797,-0.29217542914321715,0.29217542914321715,-0.04714340481163515,1.4978241949521323,0.422905766473644,0.33864373817657256,-0.218573730862208,0.08295796210483662,-0.14573836432962162,-0.057138685089173524,0.08328625755793329,-0.08526119339940763,-0.18043041424848508,-0.23745631848383963,-0.08526119339940763,-0.027682208783829765,-0.006835668450860033,-0.05921827733251528,-0.026314724647956034,-0.27649664612684155,-0.05921827733251528,-0.16768627220638,0.35630389639766424,0.9171227845861959,0.9911461258749222,3.3184900542495477,3.2148098055074863,0.016525711690518738,-0.2544399756370871,0.2544399756370871,0.05886931009387242,519752044.8466346,0.9633040540644834,0.18253968253968253,0.007936507936507936,0.031746031746031744,0.030714330267161995,2.385925474952778,-0.021543247563978074,0.0094077410002531,-0.03125158001785444,1.082521120776109,-0.010025037417177862,0.05073660642724771,-0.033792800936280565,0.018135578018486642,1.0183825471448946,0.3531492265486846,0.9253154107590512,0.01663945182452104,-0.000892145938299671,-0.12422383070254217,0.12422383070254217,0.05886931009387242,0.9365079365079365,0.5396825396825397,500679251.9090683,20.031476240270447,0.15873015873015872,0.0,0.031746031746031744,0.032871233562474754,-0.03686247432706624,0.011326018856278042,-0.0734710171028813,-0.024008449119857667,0.0,-0.042988840734185775,-0.14573836432962162,-0.010025037417177862,-0.12969333420933504,-0.024008449119857667,-0.03867973694869131,0.3267744216231373,0.016448087082535652,-0.07859303798280082,0.07859303798280082,0.0012119585368839392,544177031.0174124,-0.03482895616785098,0.04164788967751298,-0.026866256099686514,0.10568488508947738,0.21727836879432627,0.19530614110303945,0.4291454702201829,1.0,3.0,1.0,1.0,0.0,63.0,126.0,0.588468809073724,-0.15948294401025065,0.012494053089583401,,0.012494053089583401,0.2994350282485876,0.2021381659328636,0.24398253749699317,0,0,0,0,0,0
recent_month_top_future_return,2026-05-31,ALAB,342.8500061035156,2.350065304583843,2.779210774804026,1.2204104311224466,1.4397059584024183,0.8817234459170133,0.8365653500906471,1.1758582862667613,0.10039996109785054,-0.11496621578318988,-0.24585900674264727,2.1310731851532396,0.05578468539413328,0.9805521451637218,0.7093558921438312,1.1900755687144229,-0.018100086150515837,0.018100086150515837,0.11939114377205784,1.0560371532130992,0.15954620382042073,2.3455391477848573,1.0608920704835714,0.10776515601398601,-0.09461412259807755,1.0385453968025367,0.3487139864745562,1.2762582473646118,1.1710028680383149,1.0608920704835714,1.2762582473646118,-0.21106091034858365,0.37974370171228333,1.8852141784105925,-0.07767401510315752,1.6679358096162662,1.8852141784105925,2.0227295712181736,0.9880534624679171,0.9748558060271504,0.943283915941615,0.16055900621118013,1.0432250751731669,0.04704549884538021,-0.018100086150515837,0.018100086150515837,2.4192681518078363,937400487.6017555,1.1034845607151773,0.5714285714285714,0.2222222222222222,0.12698412698412698,0.07654257274264566,1.2761570722718847,0.06694027823659976,0.5619009386050302,0.8005163685129262,1.77991360727778,0.7768248923757639,0.4473476268333239,2.128193529897447,0.5344569293067731,0.10482455329921092,0.9320149392364084,1.0334701880864992,0.04638991930675834,0.5422336359282101,-0.018100086150515837,0.018100086150515837,2.4192681518078363,0.015873015873015872,0.6666666666666666,1034406965.2754163,20.757094120004247,0.5396825396825397,0.2698412698412698,0.12698412698412698,0.07626713385524858,0.4837581017371353,0.6642861731362337,0.7896022529124379,0.760552513261332,0.5,0.20163550716356837,-0.21106091034858365,0.7768248923757639,0.6548676281718546,0.760552513261332,0.367499916155567,0.9632096545520782,0.04913343928977503,-0.018100086150515837,0.018100086150515837,0.760552513261332,1596346481.1044602,0.1738262767966552,0.07325923824784612,0.043397557917643104,0.10568488508947738,0.21727836879432627,0.19530614110303945,0.4291454702201829,1.0,4.0,1.0,0.0,1.0,63.0,126.0,0.9271266540642723,0.40883762699375636,-0.09222690551051227,,0.40883762699375636,0.9905838041431262,0.2021381659328636,0.24398253749699317,1,1,1,1,0,0
recent_month_top_future_return,2026-05-31,AMAT,450.05999755859375,1.4631134400693977,1.8922589102895806,0.8977617051378808,0.9405689413635184,1.8120546269317832,0.9393645382781308,0.7886283165126011,-0.3888345899903043,-0.032989941994915783,0.4777574345842215,-0.26739078397363225,0.01879085264582403,0.5933221754095617,-0.5782616659020119,1.6016955064920317,-0.010617988819949464,0.010617988819949464,0.10350012291332389,1.0617204534817435,-0.05470391753489501,0.14415485316860033,0.7556383745176853,0.21560229132700093,0.2542122037362342,0.2292025649581575,0.04673106735539423,0.39979372652229683,0.6480201391841944,0.39979372652229683,0.7886283165126011,0.15650387906519736,0.07805135875659763,0.21036665061058923,-0.08195001156809056,-0.006911718183737037,0.21036665061058923,0.410521357205009,0.49237093649580294,1.0074034840579693,1.0407555287487338,0.21231205673758868,0.3848043343409291,0.0240344204273489,-0.010617988819949464,0.010617988819949464,0.81730170690046,2462953376.4605446,1.0606390616311334,0.3253968253968254,0.07142857142857142,0.05555555555555555,0.03665707669939619,1.119333299864451,0.0434535682680709,0.11417987178088285,0.13416067862629433,1.154264611875621,0.15418819941481532,0.11922752117637123,0.3184103979762323,0.10641002746766026,0.07136768564790819,0.5124377743531986,0.967954006710046,0.02440672122024638,0.09679808263432954,-0.010617988819949464,0.010617988819949464,0.39458867028846756,0.047619047619047616,0.6666666666666666,2612304558.0503435,21.683498641506056,0.3492063492063492,0.06349206349206349,0.07936507936507936,0.03756397311263166,0.07820906163855446,0.12480891570955444,0.28685298544792903,0.14228372690405178,0.8333333333333334,0.10733814169967203,-0.08195001156809056,0.2542122037362342,0.0365988418145744,0.14228372690405178,0.051911689814296835,0.49601619687475706,0.025056532961435958,-0.010617988819949464,0.010617988819949464,0.1581667411811465,3278722497.5824265,0.03598790567245014,0.0421173605986394,0.00682760898673207,0.10568488508947738,0.21727836879432627,0.19530614110303945,0.4291454702201829,2.0,7.0,2.0,1.0,1.0,63.0,126.0,0.8944234404536862,0.6064524817180001,0.12800519082267536,,0.6064524817180001,1.0,0.2021381659328636,0.24398253749699317,1,1,1,1,1,0
recent_month_top_future_return,2026-05-31,BAX,18.780000686645508,-0.8081321848348888,-0.3789867146147059,0.9438000999845494,0.9632296466627834,-0.23819608185996566,0.01835096945307768,0.0031480668308332405,-0.06647672257666015,-0.019422683871339275,0.08751389422356892,-0.16509067539469002,0.01974401007413995,-0.19215807427220621,-0.08072484800195434,0.0071522766976993,-0.4028718177990869,0.4028718177990869,-0.010840348302609493,0.964227536087703,-0.7683646815096256,-0.7863342039236563,-0.016274617040506034,0.03418205633511549,0.050235377642291024,0.0032991771145478577,0.0391464113069977,-0.06332865574582691,-0.025485068651833236,-0.06332865574582691,0.0031480668308332405,0.015446408041835502,-0.027018246624574416,-0.0775767811711211,-0.17525774065107835,-0.29485514996544737,-0.0775767811711211,-0.18876582199738462,0.44014891535808326,0.8633181337367103,0.9337030044292551,-0.5995469988674972,-0.5719899646514464,0.020096499547717632,-0.15586015788448948,0.15586015788448948,0.18922536799707945,165694844.5294206,0.8733614995792628,0.23015873015873015,0.031746031746031744,0.015873015873015872,0.035191082297114096,0.5753576041229984,0.1644886474012277,0.04489381150494265,0.06710318960410078,0.8865826817933872,0.04642854749318537,0.09016732307512827,0.11843816461771928,0.019992002273063303,-0.35539311874457225,0.41096836466612024,0.924617495757584,0.021431379438126025,0.026096641041194024,-0.04572068127633733,0.04572068127633733,0.18922536799707945,0.9841269841269841,0.6666666666666666,144711497.8907676,18.790252655554028,0.30158730158730157,0.015873015873015872,0.015873015873015872,0.03940205639139149,0.03900814173109457,0.06707188854717083,0.18109665286140622,0.06881465275105447,0.8333333333333334,0.004235209225237994,-0.17525774065107835,0.06881465275105447,-0.036870232338422904,0.06881465275105447,0.041850482944437495,0.3799885401731777,0.021613715378451387,-0.030456043042224823,0.030456043042224823,0.13055110716430018,138937132.3246093,0.003996006746405767,0.036494977473417324,-0.02065004829247996,0.10568488508947738,0.21727836879432627,0.19530614110303945,0.4291454702201829,1.0,3.0,1.0,1.0,0.0,63.0,126.0,0.5284499054820416,0.1352502084829479,0.3929711869507295,,0.3929711869507295,0.9868173258003766,0.2021381659328636,0.24398253749699317,1,1,1,0,0,0
recent_month_top_future_return,2026-05-31,GLW,181.16000366210935,2.263944424580819,2.693089894801002,0.9676200519931323,1.0357762101286063,1.7211158670307958,1.0475569489345675,1.1588634079305598,-0.39831813649337633,-0.08284340644949983,0.7893193330754276,-0.5827915948320972,0.03990491728904266,0.9635572668275203,-0.9523356696872294,1.7347693886920863,-0.12887625238921563,0.12887625238921563,0.16423204523239732,1.5246934438662492,0.16422083900133289,0.40466473569603045,1.07602000148106,0.2101763835242397,0.17919148979699062,0.26827421734612256,-0.0679817021885818,0.7605452714371834,0.998476226949601,0.7605452714371834,1.1588634079305598,0.4591834200185789,0.13091295936708813,0.20652773824333037,-0.09582394626625834,-0.010750630550995899,0.20652773824333037,0.27169565373630605,0.6680215915063352,1.2533069418454075,1.1379028837108733,0.31607887603973306,0.45388606666015474,0.031183786481452726,-0.12887625238921563,0.12887625238921563,1.1927177404363767,1532527898.4879692,1.3832722896789655,0.38095238095238093,0.11904761904761904,0.0873015873015873,0.05116590733564046,1.4145444275484609,-0.06264176252880738,0.165856666618579,0.08646113246876586,1.4366991220233225,0.2079135521429325,0.18676078804486107,0.33439470472707744,0.14121644269350675,0.25184931641779285,0.7601436953561859,1.101418196391404,0.037189351693655115,0.13096803069755536,-0.12887625238921563,0.12887625238921563,0.47163315244034454,0.15873015873015872,0.9206349206349206,2119903375.1383464,21.47463634729842,0.47619047619047616,0.14285714285714285,0.14285714285714285,0.059692861354775764,0.015036279101823258,0.15539521487418528,0.12506679359653297,0.10471043425231685,0.8333333333333334,0.1491799778722672,-0.09582394626625834,0.4591834200185789,-0.0009744508371605232,0.10471043425231685,-0.023462332408973885,0.8372360979375071,0.0403414086784362,-0.12887625238921563,0.12887625238921563,0.14645309344327417,2808973162.9513693,-0.026772215118282428,0.0725808750874849,-0.04053798070877601,0.10568488508947738,0.21727836879432627,0.19530614110303945,0.4291454702201829,1.0,3.0,1.0,1.0,0.0,63.0,126.0,0.9270321361058601,0.4099690191671479,-0.2368624574668422,,0.4099690191671479,0.992467043314501,0.2021381659328636,0.24398253749699317,1,1,1,1,0,0
recent_month_top_future_return,2026-05-31,KLAC,192.17100524902344,1.126207353936418,1.5553528241566008,0.8415578111960761,0.8461516744456365,1.2131832000702927,0.5966176214894534,0.639057643163057,-0.2897972813345726,-0.05343115979982849,0.2986558917279516,-0.036537378576498414,0.033697191842114727,0.44375150206001757,-0.37693913001160384,1.2172284104100035,-0.044586092114867526,0.044586092114867526,0.08432205941052406,1.1175935226820732,0.03505285030264704,0.30635936445715073,0.5856264833632285,0.15422186210988464,0.17518199468516715,0.2039839431205348,0.04930476730700384,0.3492603618284844,0.5246481627849233,0.3492603618284844,0.639057643163057,0.06904410938354899,0.09661005048467941,0.2621185131514532,-0.03420024241986941,0.04484014435712691,0.2621185131514532,0.505346709866078,0.5250104562937378,0.9832395402168547,0.9879621355631811,-0.3940019041574103,-0.33382527074521895,0.024491891101379972,-0.044586092114867526,0.044586092114867526,0.6649639968488401,1546891976.950267,1.0680088291231198,0.29365079365079366,0.0873015873015873,0.03968253968253968,0.03698218680629714,0.7949441450609431,0.05084021134020744,0.10672447477092106,0.11053213220027702,1.1448582274714987,0.18876538477741556,0.08499496095336703,0.3068117932787302,0.055817229505446875,-0.1706640285686709,0.5186904515929613,0.9952198620004457,0.025727915745792793,0.027256133608838162,-0.044586092114867526,0.044586092114867526,0.4310830482803587,0.047619047619047616,0.9206349206349206,1652094289.0826027,21.225309586737595,0.3333333333333333,0.1111111111111111,0.047619047619047616,0.03952800921525642,0.05066299595666246,0.047768111001552205,0.192366454148533,0.09930168729081701,0.8333333333333334,0.088631687593199,-0.03420024241986941,0.18876538477741556,-0.006383197798660367,0.09930168729081701,0.04798360714163552,0.5162110396552958,0.026503850569622848,-0.044586092114867526,0.044586092114867526,0.12306095691486996,1926383914.3277123,0.02891793341016191,0.04332204738114748,-0.010070756713188023,0.10568488508947738,0.21727836879432627,0.19530614110303945,0.4291454702201829,2.0,7.0,2.0,1.0,1.0,63.0,126.0,0.8840264650283554,0.5700078743102237,-0.04865977524906662,,0.5700078743102237,0.9981167608286252,0.2021381659328636,0.24398253749699317,1,1,1,1,1,0
recent_month_top_future_return,2026-05-31,LRCX,317.9560241699219,2.538069398597026,2.967214868817209,0.9102311699437621,0.9600390700420823,2.1923689792341556,1.0264553331272928,1.0454211129588145,-0.6808995819413657,-0.18444893613508984,0.5017633020172623,-0.1397503202036321,0.09911429006418793,0.850114971855775,-0.6834081311451843,1.8433706657533526,-0.013945685910694894,0.013945685910694894,0.11688323510805465,0.9275624424726242,-0.16296222158920304,0.14005632046394623,0.8609721768237246,0.3521621062453013,0.3638276381290222,0.3024511512359733,0.04854427968739228,0.3645215310174488,0.7569716069333293,0.3645215310174488,1.0454211129588145,0.0018417953700253786,0.1158373049365562,0.3620129818136302,-0.08539916903581557,0.1447346130193039,0.3620129818136302,0.6070479260426331,0.5671247418551979,0.9764950485049324,1.0515321858913336,0.047307125449133514,0.29229894073816554,0.02853349758260805,-0.013945685910694894,0.013945685910694894,1.0614100900597165,2409382053.7165203,1.0274973834652483,0.3492063492063492,0.1111111111111111,0.05555555555555555,0.04262472896625001,0.9419154180365861,0.0394664766036954,0.16057836760455713,0.20656639639008767,1.1582057124182277,0.20687064880527628,0.16425050285304607,0.48918843685914637,0.15838976419458328,-0.01096781823198889,0.5963499194760545,0.928640189626915,0.030535357752358095,0.15841287926005387,-0.013945685910694894,0.013945685910694894,0.5962474610457482,0.047619047619047616,0.9206349206349206,2475633755.961851,21.629762263607354,0.3968253968253968,0.1111111111111111,0.06349206349206349,0.04372701793972922,0.1282218821940837,0.23125861909361456,0.42240483174022586,0.2339254735653289,0.8333333333333334,0.13669677948300418,-0.08539916903581557,0.3638276381290222,0.1282405884758515,0.2339254735653289,0.08552364525827882,0.5537945023062387,0.02819427129148843,-0.013945685910694894,0.013945685910694894,0.23940485439514925,2692126660.3354316,0.05583818064763246,0.04582313772786855,0.004901657247458502,0.10568488508947738,0.21727836879432627,0.19530614110303945,0.4291454702201829,2.0,7.0,2.0,1.0,1.0,63.0,126.0,0.9255198487712666,0.36286138217870545,-0.07842605033620531,,0.36286138217870545,0.9849340866290018,0.2021381659328636,0.24398253749699317,1,1,1,0,0,0
recent_month_top_future_return,2026-05-31,MRNA,47.18999862670898,0.34758644151122486,0.7767319117314078,0.9890913529944715,1.0382415686805309,0.9589040401745099,0.73748154977274,0.8163972077825108,-0.7456007713520565,-0.21619378313122306,1.0619707713133,-1.1810673011706943,0.13510393728743297,0.6210910666794713,-0.9354937376399052,1.167912300324607,-0.18356402682352613,0.18356402682352613,0.08548610644467303,0.7337960959865257,-0.3037366175286944,-0.3866591702477987,0.6002034246512877,0.38360831179786015,0.4944048842613209,-0.022825612603699308,-0.18356402682352613,0.0707964364304543,0.4957990229547509,0.0707964364304543,0.8163972077825108,0.2155661462624363,-0.03262829843922155,-0.11909652985739438,-0.05170805438759973,-0.33637489865172066,-0.11909652985739438,-0.18985655168079596,0.6990226984985115,0.859871161826542,0.8973920971724275,0.04101482006561041,0.06934021327373019,0.03143267398691987,-0.18356402682352613,0.18356402682352613,0.9613466198745253,415122772.09462214,0.9178112419307797,0.40476190476190477,0.1111111111111111,0.07936507936507936,0.06067497181359098,0.7647718969630668,0.021626297863314048,-0.03970414995670779,-0.059356821437504204,0.8606020002254428,-0.0956693047901862,0.21639917794089708,-0.07106300520803821,-0.054464642023907994,-0.07873096767605059,0.6272974453767087,0.9581889171254022,0.027802733795506532,-0.08384817434153424,-0.18356402682352613,0.18356402682352613,0.040114607398528346,0.9523809523809523,0.30158730158730157,381004347.00991315,19.758321345125367,0.3333333333333333,0.07936507936507936,0.06349206349206349,0.05922015020219117,-0.04435641298622872,-0.03614261496455595,0.045268319551168425,0.02720940438324848,0.6666666666666666,0.12081783550277546,-0.0956693047901862,0.4944048842613209,-0.0784754807062289,0.02720940438324848,-0.029202133769461125,0.6010694599010397,0.025163615677003922,-0.13173873134184844,0.13173873134184844,0.040114607398528346,389432671.8800136,-0.005542352472915568,0.05967971231271443,-0.0013966719462371602,0.10568488508947738,0.21727836879432627,0.19530614110303945,0.4291454702201829,1.0,3.0,1.0,1.0,0.0,63.0,126.0,0.7737240075614367,0.4840008649557521,0.16168682539008916,,0.4840008649557521,0.9962335216572504,0.2021381659328636,0.24398253749699317,1,1,1,1,0,0
recent_month_top_future_return,2026-05-31,MRVL,204.94943237304688,1.985943866987117,2.4150893372073,1.2659443894560543,1.354440318239749,2.2668375901551476,1.1895687932676733,1.2958633042030852,0.3030039887827165,0.11941291237967411,-0.08558418079926555,1.5963273853621915,-0.04944068573184757,1.1005571631000457,0.21487990035984073,2.127085360437309,-0.01565353461201391,0.01565353461201391,0.20305161197058963,1.2235373695425624,0.679916855108671,3.2178398281948173,1.4152762165827593,0.15263056934750438,-0.07064272842962949,0.7924956210036933,0.1684903482371396,1.5988672929858017,1.436668937923882,1.2958633042030852,1.5988672929858017,0.03509880590843473,0.37872674576099596,1.5107432045629259,0.2125107542333473,1.2934648357685996,1.5107432045629259,2.114233565284329,0.6092201696770023,1.0856309049637136,1.1729065534216232,0.6738672701333202,1.0777643232603733,0.028658009644085186,-0.01565353461201391,0.01565353461201391,1.7818067851395933,2544619321.4803905,1.4779688121451888,0.4126984126984127,0.12698412698412698,0.031746031746031744,0.048318325938229836,1.4010861516013975,-0.013177103254417344,0.41674836479121535,0.39775892438983695,2.12313047193177,0.6681743123749615,0.27542012183628295,1.0706976790077478,0.3253887222256171,-0.03373508346444165,0.7145583294907892,0.9255902798025064,0.036050012297258974,0.2522505574083096,-0.01565353461201391,0.01565353461201391,1.7101298208657685,0.047619047619047616,0.9365079365079365,3760867995.9300694,22.047915617953755,0.5396825396825397,0.19047619047619047,0.031746031746031744,0.05586744393365959,0.19015131433460342,0.26976486604511685,0.36483222830677975,0.24129574688134237,0.6666666666666666,0.17283270087276814,-0.07064272842962949,0.6681743123749615,0.135610861791865,0.24129574688134237,0.13629431149574467,0.6613882441285912,0.03647689926073963,-0.01565353461201391,0.01565353461201391,0.28116988554468025,5040329733.557637,0.07178330675639266,0.06994772643235692,0.011726128035758565,0.10568488508947738,0.21727836879432627,0.19530614110303945,0.4291454702201829,2.0,7.0,2.0,1.0,1.0,63.0,126.0,0.9466918714555765,0.453121996348006,-0.08484744072284656,,0.453121996348006,0.9943502824858758,0.2021381659328636,0.24398253749699317,1,1,1,1,0,0
recent_month_top_future_return,2026-05-31,TECH,51.68000030517578,-0.35491284793798705,0.07423262228219585,0.860023862474591,0.8904916279732894,-0.049693217536719514,-0.17028511906005017,-0.1963212166160665,0.005266812709988855,0.0778943776900971,-0.0841826053601753,-0.038263869135969575,-0.08835838150426167,-0.39162735771910595,0.07387474211992162,-0.40094183466908695,-0.2736716131504685,0.2736716131504685,-0.03718605148811305,1.321872826445071,0.6084926389804439,0.41153838608428805,-0.11842683892596939,0.04353166775806138,0.08978053076844472,-0.08874835370656164,0.026991707962584544,-0.19105440390607764,-0.16860081981603783,-0.1963212166160665,-0.11842683892596939,-0.07818090568383373,-0.04781207399203813,-0.12244647449614487,-0.11423733804571223,-0.33972484329047115,-0.12244647449614487,-0.20928774936384975,0.4896501178982685,1.6311847231066712,1.1948588764300185,-0.1688381730960289,-0.22209053432367254,0.0217060003439599,-0.2736716131504685,0.2736716131504685,0.19574268499604242,134272829.72580138,0.9944469345056623,0.23015873015873015,0.047619047619047616,0.03968253968253968,0.041550781225767004,1.2384638159286046,0.04799008701964691,-0.0634147489938165,-0.009467809379964942,0.8278089796371825,0.05855341839683015,0.08500284672985078,-0.009267873667558546,-0.12989448022390593,-0.0269291268803864,0.5850627897157512,1.3651693562174476,0.02532592622672295,-0.15562905135898575,-0.14533412090067066,0.14533412090067066,0.19574268499604242,0.4444444444444444,0.14285714285714285,133527203.90822396,18.709815797127906,0.30158730158730157,0.047619047619047616,0.06349206349206349,0.047752163006815104,0.013362875077016056,-0.0738432517378792,-0.08021660390493815,-0.06406978701849875,0.3333333333333333,-0.03275207718117192,-0.11423733804571223,0.08978053076844472,-0.16975467210797612,-0.06406978701849875,0.06485271678844873,0.798709791983036,0.0332534964530064,-0.08652681872337886,0.08652681872337886,0.19574268499604242,169970014.48475066,0.09034136333084564,0.0413658309364845,0.04704404784343552,0.10568488508947738,0.21727836879432627,0.19530614110303945,0.4291454702201829,1.0,3.0,1.0,1.0,0.0,63.0,126.0,0.5521739130434782,0.3670665849203423,0.3949302614588175,,0.3949302614588175,0.9887005649717514,0.2021381659328636,0.24398253749699317,1,1,1,0,0,0
recent_month_top_future_return,2026-05-31,WTW,248.76451110839844,-0.6310622077219281,-0.2019167375017452,0.9665062562073463,0.9796347738175339,-0.2292604658788494,-0.19772330615515277,-0.2174677587057806,0.006518840313050833,-0.020207080562358648,-0.046685353710332445,-0.13246054073295455,0.02650716728667213,-0.41277389980882007,0.03832186426249362,-0.6439982630963679,-0.2821626452645897,0.2821626452645897,-0.04971822604072074,1.4185082872928179,-0.2512118377413045,-0.38535416281768364,-0.23767483926813926,0.01393494546406837,-0.03387096412182811,-0.1430671836210885,-0.07555847202285582,-0.21094891839272978,-0.2220305054555499,-0.23767483926813926,-0.21094891839272978,-0.03874382028932366,-0.06021383974211214,-0.179145894443287,-0.044249203642625634,-0.39642426323761326,-0.179145894443287,-0.5515746863366203,0.33768376588500015,1.4356806927476524,0.9618167821853428,-0.5421931055997504,-0.5538616415765897,0.012564461216588722,-0.2626712839888308,0.2626712839888308,0.03118293022630958,221212796.8469529,0.8722003225361717,0.07936507936507936,0.007936507936507936,0.015873015873015872,0.024566660786652064,0.9681143485431556,0.06607408633965617,-0.08372140069482537,-0.09115291058460018,0.8340659197686676,-0.1186790987904367,0.046639909225901145,-0.14114211708197277,-0.1262506490077221,-0.1962329600778968,0.3247899130997395,1.4926758602461105,0.012926810820342232,-0.13217245448036985,-0.1773127167541968,0.1773127167541968,0.03118293022630958,0.9523809523809523,0.1746031746031746,192941872.75904095,19.077899529274745,0.047619047619047616,0.0,0.015873015873015872,0.02537504032389513,-0.059430844029970675,-0.12386902039313508,-0.0525733920160729,-0.025487899198472386,0.16666666666666666,-0.03908730312600239,-0.1186790987904367,0.02650716728667213,-0.13117278428794976,-0.025487899198472386,-0.016036130181691144,0.4848060629354131,0.018139374039694282,-0.03980459710270434,0.03980459710270434,0.03118293022630958,240151282.51299176,-0.017507515137198504,0.027210209930918078,-0.016636834884078078,0.10568488508947738,0.21727836879432627,0.19530614110303945,0.4291454702201829,1.0,3.0,1.0,1.0,0.0,63.0,126.0,0.3601134215500945,0.050672356569769095,0.35035344041239935,,0.35035344041239935,0.9830508474576272,0.2021381659328636,0.24398253749699317,1,1,1,0,0,0
recent_month_non_top10_control,2026-06-30,A,132.8300018310547,-0.20435365458814103,0.13700428658398067,1.2565253060591395,1.2969972469207984,0.041118523930551376,-0.12946214369302222,-0.017949947316527215,0.11688853952611211,0.014506989598909947,-0.1589310895664161,0.3265524824166298,-0.01455710911006669,-0.2195238714058616,0.18557134016674093,-0.04793485898569597,-0.14995182490689907,0.14995182490689907,-0.012773901816018562,1.303992526132097,-0.1806511703247753,-0.043310778264421645,-0.0034429577176172677,0.06371206738819388,-0.0931640317784711,0.10301839078643171,0.19261898929422028,0.0989385922095849,0.025848562391813473,-0.017949947316527215,0.0989385922095849,-0.0588228350912372,0.062193820310482595,0.1676213928502137,0.0137743465236555,-0.10963927754453828,0.1676213928502137,0.3689504440074778,0.37446542446038233,0.8233432316164151,1.2132482781446532,-0.594268869816315,-0.6015869149506534,0.01528278941154281,-0.10187736959025662,0.10187736959025662,0.2099887926767514,281964283.5451943,0.9894157945300204,0.11904761904761904,0.007936507936507936,0.007936507936507936,0.027094431928996146,0.6797923631293362,-0.03819106959191598,0.0980326967329701,0.0818049325045338,1.0200686234899305,0.17291214546950817,0.09248188775303368,0.15175669699486538,0.13398820731573524,-0.34358880081322785,0.4543195314512656,0.6786271585528263,0.017281189629408947,0.10359524726983405,-0.03819106959191598,0.03819106959191598,0.20363110221503788,0.2698412698412698,0.4444444444444444,278979915.6329564,19.44665035380029,0.14285714285714285,0.015873015873015872,0.015873015873015872,0.02821789366724711,0.03918768689033758,0.0847540599271761,-0.05850111035948701,-0.018036686342074115,0.3333333333333333,0.0003509716118857605,-0.0931640317784711,0.17291214546950817,-0.016545855111386065,-0.018036686342074115,0.008993375256097336,0.30831357270382376,0.01539654067786987,-0.03819106959191598,0.03819106959191598,0.07042141121459311,313490334.0200152,0.02219696396541182,0.02879286996564942,-0.005437451835080265,-0.00149083123068805,0.277260670394752,0.2015739240893344,0.3413579411721217,1.0,3.0,1.0,1.0,0.0,63.0,126.0,0.4399810964083176,0.04170739448742222,,,0.04170739448742222,0.6203007518796992,0.14651859244829363,0.18850907377573575,0,0,0,0,0,0
recent_month_non_top10_control,2026-06-30,AAPL,289.3599853515625,0.07457972545081537,0.4159376666229371,1.0798982029304653,1.079469207685481,0.13960886050808408,0.03961838566064779,0.06634886031920684,0.02997402448566855,0.05087629434023011,-0.0655945125997155,0.20680020402391408,-0.045538085253494565,-0.13522506377012755,0.07485683110499175,0.2582739771977517,-0.0819797774579284,0.0819797774579284,0.029984297019148176,1.2389465838319456,0.31255431155628943,0.497894450651408,0.11722515465943695,0.025572590648107664,0.01906579726125268,0.047485252102181796,0.004646558833857339,0.09632288480487539,0.09329896659450639,0.06634886031920684,0.11722515465943695,-0.039329287398935375,0.06201747324278073,0.1412056914241986,0.06919119500662885,-0.1360549789705534,0.1412056914241986,0.5188871533332898,0.2568933232805167,1.3601679733387617,1.0593182787668725,-0.07035306482660919,-0.1379778707670205,0.011825709968401422,-0.0819797774579284,0.0819797774579284,0.17510168239696866,13687205522.688765,1.1081754369444101,0.07142857142857142,0.0,0.007936507936507936,0.02177118943618198,0.8849480451453521,-0.08053978452020205,0.037869880720933,-0.009620692902233885,1.2700196904818188,0.15108708781185776,0.0845893555709715,0.06735418020078554,-0.0051698057131808195,-0.13955092891205734,0.2721317930442187,1.2840031184226344,0.01307059474077008,-0.04881824139422719,-0.0819797774579284,0.0819797774579284,0.1425111476722254,0.30158730158730157,0.9206349206349206,15167824960.653564,23.44244224241712,0.06349206349206349,0.0,0.015873015873015872,0.022477073921428028,-0.0334724461888658,-0.08338435747148865,-0.20818173722520752,-0.07274246101591075,0.5,0.013622374401899765,-0.07274246101591075,0.15108708781185776,-0.0712516297852227,-0.07274246101591075,-0.022184724671580724,0.34941807089071975,0.016941103565010034,-0.0819797774579284,0.0819797774579284,0.051644527604184365,19579869077.97779,-0.004821851292355794,0.028839528624589352,0.01664662090470137,-0.00149083123068805,0.277260670394752,0.2015739240893344,0.3413579411721217,2.0,8.0,2.0,1.0,1.0,63.0,126.0,0.488468809073724,0.06756296412855511,,,0.06756296412855511,0.7218045112781954,0.14651859244829363,0.18850907377573575,0,0,0,0,0,0
recent_month_non_top10_control,2026-06-30,ABBV,249.86151123046875,0.05848016412816448,0.3998381053002862,1.2929854373085037,1.381063082608581,0.11260664256766484,0.12327212506511587,0.11938840298661724,-0.02611181481056346,0.018352697630670045,-0.04048376670784659,0.2071012392918523,-0.016130820641631627,-0.08218552110271715,0.047229069597388484,0.42595482093431125,-0.010499031674390258,0.010499031674390258,0.010317974369043137,1.128809251406915,-0.15784977802374967,-0.01753283650200743,0.13774110061728728,0.022344802712862828,0.04067087224049604,0.15975407886694382,0.06867454276664653,0.09327658817605378,0.11680203059331944,0.09327658817605378,0.13774110061728728,-0.06286626604820633,0.04309679749380191,0.16661747258400572,-0.020308286242734175,-0.11064319781074627,0.16661747258400572,0.5823129767270623,0.28028419240506436,1.2859095629943376,1.0208583116652983,-0.08122333792741354,0.061918716570405374,0.013139593883208046,-0.010499031674390258,0.010499031674390258,0.2749010944658212,1548441079.4178312,0.9941712105009328,0.09523809523809523,0.007936507936507936,0.007936507936507936,0.02516450719023965,0.8769832154923636,0.06005332545580078,0.08177372259386262,0.16201744934659046,1.1552807330181767,0.030285817466402465,0.07584391924793503,0.1908005918615474,0.09367292248934156,-0.15792745033564048,0.28613044744510563,1.259635689204184,0.01365290211432725,0.1033943007150473,-0.010499031674390258,0.010499031674390258,0.2749010944658212,0.015873015873015872,0.6984126984126984,1539415542.3141963,21.15466866400858,0.09523809523809523,0.015873015873015872,0.0,0.024848844164077465,0.12039343993904161,0.14507157906913504,0.4322631960333361,0.15579635444256645,0.5,0.021241278536148805,-0.06286626604820633,0.15579635444256645,0.1572871856732545,0.15579635444256645,0.0953918730436063,0.36042012336981716,0.017412867211430327,-0.010499031674390258,0.010499031674390258,0.1817968519672588,2035292437.2423444,0.0652375239273788,0.026304590477473425,0.01686694184321258,-0.00149083123068805,0.277260670394752,0.2015739240893344,0.3413579411721217,1.0,3.0,1.0,1.0,0.0,63.0,126.0,0.5406427221172023,0.004316355911025971,,,0.004316355911025971,0.4398496240601504,0.14651859244829363,0.18850907377573575,0,0,0,0,0,0
recent_month_non_top10_control,2026-06-30,ABNB,143.10000610351562,-0.260052137459142,0.08130580371297969,1.1434660857254222,1.174026898152046,0.17855384830762766,0.22318154300806325,0.05437669331295836,0.004760346558773332,0.05175310111032383,-0.06955498346964528,0.20275111497749843,-0.04678754823461484,-0.14719723077637603,0.07881943819489479,0.16404027817492867,-0.02765503917963974,0.02765503917963974,0.007573595656703347,0.9380443893727904,-0.11311124526645078,0.00501890594187504,0.10612979442328219,0.02860467139657815,0.04436890863267462,0.07375605307061339,0.07079579128974312,0.05913703987173169,0.07321450920265742,0.05437669331295836,0.10612979442328219,-0.06535416913008418,0.024534015965970823,0.13319613150785314,0.11149827341749274,-0.14406453888689885,0.13319613150785314,0.4476930932720175,0.3314837911636089,1.0567164989074047,0.8975298886499131,-0.2316287473551577,-0.1752011630266903,0.015778673579335357,-0.02765503917963974,0.02765503917963974,0.23404628521316617,553522893.6408088,0.9364821296053503,0.12698412698412698,0.023809523809523808,0.023809523809523808,0.03196564601771749,0.8098897427330438,0.04773680205613384,-0.008989035815746282,0.03928969455000675,1.0145784547579089,-0.050228006704909345,0.07487317726582667,0.019521270171339644,0.015543591866057582,-0.05823847080306144,0.29751661017232495,1.1773607901759617,0.014877532018113874,0.06845203367301811,-0.02765503917963974,0.02765503917963974,0.1452581800605539,0.015873015873015872,0.9523809523809523,518364298.22206044,20.066188833389486,0.09523809523809523,0.031746031746031744,0.0,0.03195833510612718,0.04846434529397525,0.08597767912749843,0.20965226799429834,0.07343791706708913,0.5,0.011155895841274688,-0.06535416913008418,0.11149827341749274,0.07492874829777718,0.07343791706708913,0.03827698136647939,0.35028439124296207,0.017649125059128697,-0.02765503917963974,0.02765503917963974,0.10844306226271172,557963874.1387503,0.004704105854835827,0.03276031177709452,-0.009153688616950872,-0.00149083123068805,0.277260670394752,0.2015739240893344,0.3413579411721217,1.0,3.0,1.0,1.0,0.0,63.0,126.0,0.5639886578449905,0.058839956742241295,,,0.058839956742241295,0.6823308270676691,0.14651859244829363,0.18850907377573575,0,0,0,0,0,0
recent_month_non_top10_control,2026-06-30,ACGL,97.05999755859376,-0.2753503156323449,0.06600762553977679,0.9981619993161661,1.0181279835061252,0.06976737537149491,0.03343270284141342,0.011884897950483087,-0.042738656514697215,-0.0012643582447040558,0.0007297716447085545,0.010417219902710828,0.0012510711934194951,-0.1896890261388513,-0.0007379064030637039,0.055321256731613214,-0.04824480914282414,0.04824480914282414,-0.0042480901828994,1.5153282959683982,-0.2451628238649869,-0.23674866024293195,0.01062053970577903,0.02431840448247849,0.04279467483519239,0.018894562629109712,0.04062880483126996,-0.03085375856421413,-0.002782773635984004,-0.03085375856421413,0.011884897950483087,-0.04153772939318867,-0.01593255138145888,0.011146991547419383,-0.01593914796693985,-0.2661136788473326,0.011146991547419383,0.04969757503544474,0.21483420031728034,1.0026039899355503,1.0440446063354383,-0.6915935047781835,-0.6649436433814977,0.010028079265538264,-0.04824480914282414,0.04824480914282414,0.10773789678270673,204800446.79754955,1.0776472555561125,0.047619047619047616,0.0,0.0,0.019886703719724154,0.5643805427692964,0.09786247099295653,-0.0231404846185731,0.03630370512212111,0.9234642254581329,-0.05420286678177255,0.053213753146141934,0.027524862368419223,-0.019868847422212066,-0.5392383513411556,0.22429648809764363,0.9603076189001702,0.01033872781786891,0.0015918666212553223,-0.01810825435668517,0.01810825435668517,0.10773789678270673,0.7619047619047619,0.30158730158730157,220702639.4280449,19.21232683503417,0.06349206349206349,0.0,0.0,0.01989479936310893,0.04684520106338774,0.04066250783278247,0.401179368563429,0.08641147903684154,0.5,0.003129580153925393,-0.05420286678177255,0.08641147903684154,0.0879023102675296,0.08641147903684154,0.052454632196112794,0.21539362641271853,0.010893277316559705,-0.01019783831222787,0.01019783831222787,0.10773789678270673,217615332.59782338,0.02840671615974233,0.0194283319305722,0.0070344914779976175,-0.00149083123068805,0.277260670394752,0.2015739240893344,0.3413579411721217,1.0,3.0,1.0,1.0,0.0,63.0,126.0,0.16077504725897923,0.035751095281125744,,,0.035751095281125744,0.6033834586466166,0.14651859244829363,0.18850907377573575,0,0,0,0,0,0
recent_month_non_top10_control,2026-06-30,ADI,397.1700134277344,0.34968282042638865,0.6910407615985104,1.0166191255552959,1.0286087538425221,0.6317293648150262,0.5109516262057923,0.4731006354004146,-0.35023349090681744,-0.18802312422995282,0.1767556592471724,0.07507654893003624,0.14631267187821173,0.2715267113110802,-0.22126842722320594,1.17103433663767,-0.10844481540626616,0.10844481540626616,0.06703280444448523,1.2828682660361592,0.5120978090949393,0.892892739339237,0.28507751117046176,0.17527521048121764,0.1444608718603304,0.07614952490468219,0.007031493675966338,0.12286714449359715,0.29368176368815785,0.12286714449359715,0.4731006354004146,-0.10302104614435292,0.0946652142253337,0.25183220817720864,0.2644119297810239,-0.025428462217543357,0.25183220817720864,0.5224397894717193,0.40400235979314136,1.5381423589378238,1.1931392315659635,0.17661903810889812,0.13228908378169058,0.019140923267711704,-0.10844481540626616,0.10844481540626616,0.4731006354004146,1528422171.2645757,1.166947100476408,0.20634920634920634,0.03968253968253968,0.023809523809523808,0.029801556900412425,1.2734012974976832,-0.06556680386573566,0.021482618149450294,-0.02623402156115262,1.441883803318986,0.02881215648237956,0.1358678284726036,-0.009949069055362192,0.006778746956110027,0.23561936357223212,0.4820310651144246,1.289155798622976,0.023572859010196547,0.008905660659049408,-0.10844481540626616,0.10844481540626616,0.25183220817720864,0.09523809523809523,0.9841269841269841,1783587821.0610526,21.301892802964446,0.2698412698412698,0.06349206349206349,0.047619047619047616,0.032211898750879056,-0.03503737306628807,-0.026274466313691458,-0.060629080040100834,-0.037675707167254546,0.6666666666666666,0.07388347944838969,-0.10302104614435292,0.2644119297810239,-0.036184875936566496,-0.037675707167254546,-0.0399912786477431,0.6214131427086699,0.03049073573488245,-0.10844481540626616,0.10844481540626616,0.02651781982505974,2340480107.6296854,-0.0370702373530033,0.04909735121252812,-0.010513438272015452,-0.00149083123068805,0.277260670394752,0.2015739240893344,0.3413579411721217,1.0,3.0,1.0,1.0,0.0,63.0,126.0,0.773156899810964,-0.07493015272926662,,,-0.07493015272926662,0.16541353383458646,0.14651859244829363,0.18850907377573575,0,0,0,0,0,0
recent_month_non_top10_control,2026-06-30,ADM,76.4000015258789,0.15175724469303398,0.4931151858651557,1.015524847975449,1.0202541964385248,0.3079396272922965,0.2756562595959402,0.3477711186375345,-0.23387023454922207,-0.19662906384359657,0.2739238636379695,-0.21595552101765159,0.1708121626038539,0.14619719454820013,-0.2898027760172166,1.2588602764993289,-0.09166566435054546,0.09166566435054546,0.04335706787299487,1.2290853200780039,-0.2654201909284266,-0.2228378168741979,0.15114205479393794,0.1256617020360903,0.03343310992710635,0.04501288482631649,-0.09166566435054546,0.11390088408831245,0.20427135250659498,0.11390088408831245,0.3477711186375345,0.05286787819138716,0.05082291891202795,0.057968342620317914,0.02545054958058013,-0.21929232777443408,0.057968342620317914,0.21595474588175467,0.2762587120507332,0.9860876321159944,0.9716551305193872,-0.4933560767590618,-0.5148207934200961,0.014377807257183546,-0.09166566435054546,0.09166566435054546,0.3477711186375345,273734314.7097633,1.032570553504287,0.07142857142857142,0.007936507936507936,0.0,0.029290637837452314,0.6302566478404024,-0.060491787287200394,0.04059703969251505,-0.01133680119478142,0.9949141860412511,0.07735444662554403,0.07029854689209268,0.031710737346659856,0.001470140063725811,-0.3559099057422078,0.268428194914773,1.0148535227605833,0.014139097328487392,-0.03203199980653082,-0.09166566435054546,0.09166566435054546,0.1486739991043604,0.2857142857142857,0.8253968253968254,282649992.852977,19.459719919337747,0.047619047619047616,0.0,0.0,0.028132008458195298,-0.031178141756731392,-0.03347681321911122,-0.15552164008300007,-0.0423664741180102,0.8333333333333334,0.05292527880174356,-0.0423664741180102,0.1708121626038539,-0.04087564288732215,-0.0423664741180102,-0.02942220716641164,0.27241529921752183,0.013983023351492268,-0.09166566435054546,0.09166566435054546,0.017581242176771372,286529162.11478823,0.0007466499264967563,0.028739720343322173,0.0008383978415738014,-0.00149083123068805,0.277260670394752,0.2015739240893344,0.3413579411721217,1.0,3.0,1.0,1.0,0.0,63.0,126.0,0.31824196597353493,0.037565380364754875,,,0.037565380364754875,0.6052631578947368,0.14651859244829363,0.18850907377573575,0,0,0,0,0,0
recent_month_non_top10_control,2026-06-30,AEE,113.04000091552734,-0.1308121972190377,0.210545743953084,0.9161398514026814,0.9275283734365822,0.10591384542442839,0.08542817712949402,0.147707652812753,-0.13596612458267,-0.03800509657015039,0.10821817754790808,-0.07258487350644138,0.034248003085469936,-0.05386627127658139,-0.1120743487712863,0.7843326640532396,-0.04462473624843866,0.04462473624843866,0.016800955661023798,1.5092805373873077,0.1881342701014832,0.23047141979009567,0.10970255624260261,0.07015166594435022,0.09682416435340979,0.033422424259694106,-0.01857472128170412,0.01174152823008301,0.08971724576181288,0.01174152823008301,0.147707652812753,-0.02306972527645479,-5.540666316417031e-06,0.035633304041466696,0.033933807278157424,-0.2416273663532853,0.035633304041466696,0.16945194550252343,0.18832270997032804,1.3846398784532639,1.1166236939449523,-0.5320762451321992,-0.5066504818421833,0.009479089509801286,-0.04462473624843866,0.04462473624843866,0.15685962496875838,189638499.77097285,1.0423637782210515,0.031746031746031744,0.0,0.0,0.017436369058660486,0.8537438550293321,0.010921137678566728,-0.0014623120037590143,0.031579126749778696,1.0578650663730305,-0.049978011859736826,0.053131621824681244,0.0016437191156206676,0.009212439264974615,-0.2869524478800656,0.2102856000607916,1.2400237304310007,0.010694099863640718,0.03625634857198956,-0.04462473624843866,0.04462473624843866,0.08323160019248532,0.031746031746031744,0.31746031746031744,197672303.11744326,19.102121187874268,0.031746031746031744,0.0,0.0,0.018085332559766673,0.033202076155863125,0.049977552468852826,0.20838160350805027,0.05433740652299068,0.6666666666666666,0.02438260735063937,-0.049978011859736826,0.09682416435340979,0.05582823775367873,0.05433740652299068,0.02786283382609489,0.26075913424330427,0.01383959544859361,-0.04462473624843866,0.04462473624843866,0.08323160019248532,212203196.49036953,0.006347556875317517,0.019215708121782894,-0.014987784791452019,-0.00149083123068805,0.277260670394752,0.2015739240893344,0.3413579411721217,1.0,3.0,1.0,1.0,0.0,63.0,126.0,0.12202268431001889,-0.03034324378446318,,,-0.03034324378446318,0.29135338345864664,0.14651859244829363,0.18850907377573575,0,0,0,0,0,0
recent_month_non_top10_control,2026-06-30,AEP,136.80999755859375,0.018920681408432394,0.3602786225805541,0.9450495316675656,0.9578011032989516,0.24434079386649366,0.12218754716990587,0.2045195781888236,-0.17475144881400784,-0.044950727697105064,0.14574988093822694,-0.09445622756034355,0.03876503553716848,0.0029456540994892144,-0.15322592481094022,1.050435992836118,-0.013555446317096709,0.013555446317096709,0.023392778623037014,1.3951660974177127,1.1372147361008866,1.24684028796855,0.15956885049171854,0.09074402091006883,0.12604849326197942,0.050148682604015615,0.009329397018337793,0.029768129374815766,0.13128551935178598,0.029768129374815766,0.2045195781888236,-0.020475272473970074,-0.001753104656787019,0.051293653377883386,0.04600246631274052,-0.2259670170168686,0.051293653377883386,0.24553875890592802,0.1946997052496576,1.084018636198684,1.0729470308683036,0.17883939763077517,0.27320610596945194,0.009627279348606708,-0.013555446317096709,0.013555446317096709,0.22157566854542599,512885587.9156022,1.1227353582558055,0.023809523809523808,0.0,0.0,0.017910814168004597,1.5332198006161384,0.05614972172541943,-0.009136236347766835,0.045365768077956226,0.9663980321850761,-0.06943382326400582,0.0698926442653451,0.005058484311031286,0.0044013946196954645,0.24942462062384219,0.20890247065855397,1.0103188741026858,0.01032372769191955,0.03766167452391578,-0.013555446317096709,0.013555446317096709,0.10517809634682118,0.031746031746031744,0.31746031746031744,575834784.2926631,20.171331346427134,0.031746031746031744,0.0,0.0,0.017449798089026566,0.05212291442217776,0.06023296601567285,0.37928190355728264,0.08005052132490165,0.6666666666666666,0.03349290344980236,-0.06943382326400582,0.12604849326197942,0.0815413525555897,0.08005052132490165,0.04610394613579394,0.21105810895301963,0.011119499936593072,-0.013555446317096709,0.013555446317096709,0.10517809634682118,763200580.8797563,0.024655815560993055,0.017761858077501223,-0.002013364057053768,-0.00149083123068805,0.277260670394752,0.2015739240893344,0.3413579411721217,1.0,3.0,1.0,1.0,0.0,63.0,126.0,0.281758034026465,-0.06549228305215937,,,-0.06549228305215937,0.18796992481203006,0.14651859244829363,0.18850907377573575,0,0,0,0,0,0
recent_month_non_top10_control,2026-06-30,AES,14.486251831054688,0.12382138055599046,0.46517932172811216,0.9178155956880699,0.9164637114479677,0.15557682278937945,0.0680286491630635,0.04717462272255801,-0.18833449713574268,-0.03415354572656293,-0.005799469144342373,0.05908257473804812,0.03371454602686219,-0.15439930136677638,0.006108482871147736,0.13868432018114904,-0.14115987441318467,0.14115987441318467,0.0056498831811915284,0.7570302825252191,-0.28581569513623506,-0.24776173740681184,0.013021076995995085,0.10033951803295095,0.17952229619433924,0.0024742263681423182,0.17985438777435148,-0.14115987441318467,-0.02698805823154386,-0.14115987441318467,0.04717462272255801,-0.18460656871287084,0.017312878142247357,0.05328310559370575,0.025550023773511343,-0.22397756480104625,0.05328310559370575,1.1236573305178306,0.3401583009596086,0.10616831419069647,0.13940378533882597,-0.2832377492014866,-0.2837263639933001,0.008886402855677461,-0.14115987441318467,0.14115987441318467,0.09052164701769061,162389815.79664397,0.8417292477781932,0.05555555555555555,0.015873015873015872,0.007936507936507936,0.013224388817092477,0.5182286450135928,-0.0006789204313377706,0.016361669505542187,0.008788971815646862,0.3366042181880076,0.027742763463622477,0.11641942576813046,0.02704215413905464,0.011761469174145,-0.21421907881890967,0.047419354768193034,0.7615884599736694,0.00230041088191242,0.0009564162611086502,-0.004752180938519368,0.004752180938519368,0.05328310559370575,0.42857142857142855,0.9841269841269841,136688257.4973485,18.73321340552056,0.0,0.0,0.0,0.0049188652889920305,-0.0003409516404638824,-0.0012263203836928582,-0.01887624000518206,-0.0006816971614633793,0.6666666666666666,0.01354022726400017,-0.18460656871287084,0.17952229619433924,0.0008091340692246707,-0.0006816971614633793,-0.0004772691797417794,0.03611403337085321,0.001979789866029419,-0.004752180938519368,0.004752180938519368,0.003422351825800307,116378747.99924123,0.0005460013731843905,0.0038978865602601175,-1.316661224493032e-08,-0.00149083123068805,0.277260670394752,0.2015739240893344,0.3413579411721217,1.0,3.0,1.0,1.0,0.0,63.0,126.0,0.3002835538752363,0.013374644896462895,,,0.013374644896462895,0.48872180451127817,0.14651859244829363,0.18850907377573575,0,0,0,0,0,0
recent_month_top_future_return,2026-06-30,ACN,122.96148681640624,-0.9193868874169195,-0.5780289462447978,0.8569501857927803,0.912996161939937,-0.49109775157064695,-0.49801880609590665,-0.5322575215233176,0.13351900306089703,0.008267536016735466,-0.26093921556472344,-0.106173086525437,-0.017368407733047486,-0.733831445612652,0.1651452194331572,-1.0637928803218237,-0.586183685383085,0.586183685383085,-0.11550098302968625,1.5448653019711804,0.5902595804438782,0.006455724946193397,-0.5239899855065822,0.07481488970216038,-0.20831447030975847,-0.3318187814215501,-0.0638870972676695,-0.3987385184624206,-0.4849953418307735,-0.5322575215233176,-0.3987385184624206,-0.049971292658568256,-0.08653007765335663,-0.36711230209016044,-0.09110125813305914,-0.6443729724849124,-0.36711230209016044,-0.665454500901356,0.5003394282562753,1.4561275413928834,1.102594554800239,0.019083934055127205,-0.32209975068627783,0.022030366377240963,-0.5650679297666878,0.5650679297666878,0.0,1309891900.0073144,0.9008649547456379,0.24603174603174602,0.031746031746031744,0.05555555555555555,0.038144579227858896,1.37044330263478,-0.2541404220762231,-0.08999250855450447,-0.26292894085055163,0.9957280420521205,0.046779750941540854,0.1395097481033867,-0.30367634065611704,-0.12546686609262747,0.18550336729407713,0.5516715291472339,1.320637341308742,0.02301173239524876,-0.24958810542510834,-0.3766686986959973,0.3766686986959973,0.0,0.9523809523809523,0.0,1180035707.221767,20.88881053617101,0.23809523809523808,0.047619047619047616,0.07936507936507936,0.03852421234348372,-0.23545433113782155,-0.2950104363855065,-0.4595303035614361,-0.3347944887952171,0.16666666666666666,-0.10912836111468494,-0.3347944887952171,0.046779750941540854,-0.33330365756452907,-0.3347944887952171,-0.19110763089127458,0.7285580215287312,0.031067066856347032,-0.3670074558667329,0.3670074558667329,0.0,1539782602.90709,-0.06750193614119115,0.0644889040109885,-0.01726340653256353,-0.00149083123068805,0.277260670394752,0.2015739240893344,0.3413579411721217,1.0,3.0,1.0,1.0,0.0,63.0,126.0,0.7906427221172023,0.3493655815717358,,,0.3493655815717358,0.9981203007518797,0.14651859244829363,0.18850907377573575,1,1,1,0,0,0
recent_month_top_future_return,2026-06-30,CBOE,242.6699981689453,-0.2960378581649985,0.0453200830071232,0.6996625189683668,0.7458150701708758,-0.005997532810082085,-0.05574194303774771,-0.028768473014705087,-0.1598788386063319,-0.05151858558022415,0.12256593954477069,-0.2573770960464955,0.05601594069288374,-0.23034239710403948,-0.10604268348701973,-0.0747519600100126,-0.33684584626015757,0.33684584626015757,0.0032974865160304567,1.6797280695804222,2.1080324244657334,1.6890349788786478,-0.08028705859492924,0.08160611918455063,0.13355505512973087,-0.18537775176895854,-0.2601123203678074,-0.18864731162103698,-0.09923428107689043,-0.18864731162103698,-0.028768473014705087,-0.06222474494889796,-0.025261274245778398,-0.13481115650172482,0.06766999918832184,-0.4120718268964768,-0.13481115650172482,-0.27635785642654603,0.38485242408161224,1.7086320126993193,1.267534510756679,-0.18060304631644386,-0.4038761880758833,0.016975703018612495,-0.33684584626015757,0.33684584626015757,0.048205278073987445,320236161.6566249,1.2316439905667211,0.14285714285714285,0.007936507936507936,0.023809523809523808,0.03049560927050951,1.5233508710675543,-0.248378790470401,-0.11562982662824806,-0.21154960332974881,1.4215711887287785,0.11386291879305999,0.15258952019713734,-0.18964769623945565,-0.23210144070117744,0.13545237539709598,0.48781372907180826,1.3479964436465868,0.02171594528543479,-0.2948055703723652,-0.33684584626015757,0.33684584626015757,0.048205278073987445,0.5079365079365079,0.015873015873015872,394416944.0665351,19.792919143934466,0.23809523809523808,0.015873015873015872,0.047619047619047616,0.03645913571683274,-0.17759590934951408,-0.3017964261297973,-0.4143805601348626,-0.27248471056150103,0.6666666666666666,0.006065743048932907,-0.27248471056150103,0.13355505512973087,-0.270993879330813,-0.27248471056150103,-0.09750193233192073,0.6575711719507771,0.032472583329805,-0.19400156439591398,0.19400156439591398,0.048205278073987445,585876268.8096546,-0.026746725428641316,0.05810064530946396,0.0019736402577401613,-0.00149083123068805,0.277260670394752,0.2015739240893344,0.3413579411721217,1.0,3.0,1.0,1.0,0.0,63.0,126.0,0.516351606805293,0.2784028241115655,,,0.2784028241115655,0.9906015037593985,0.14651859244829363,0.18850907377573575,1,1,0,0,0,0
recent_month_top_future_return,2026-06-30,CTSH,38.72999954223633,-0.8345244905259024,-0.4931665493537807,0.8261108276001028,0.8759799710763553,-0.41295551029862443,-0.49554023177200535,-0.5276919409730586,0.13304807830840903,0.005410323606170997,-0.2570821062570169,-0.10717057495469828,-0.011325341043712855,-0.729265865062393,0.16343925976134344,-1.2401677109583198,-0.547848086631435,0.547848086631435,-0.11290222982220977,1.6152332866550052,1.5824258923169996,0.6417703370099763,-0.5222816173668876,0.07530212388385063,-0.21084737864238468,-0.31830481268945,-0.08756284779593204,-0.39464386266464957,-0.4815391403348652,-0.5276919409730586,-0.39464386266464957,-0.04780386885604038,-0.09300376788116571,-0.36425268121171517,-0.13773427239013336,-0.6415133516064672,-0.36425268121171517,-0.8039527375777897,0.4255004676466646,1.1342892536012885,1.0648101863870858,-0.3052965627606409,-0.5174701467686385,0.019206269140816145,-0.547848086631435,0.547848086631435,0.0,464018150.63687277,1.0218687077350677,0.1746031746031746,0.015873015873015872,0.047619047619047616,0.034710420551213116,1.0964548494983277,-0.22381685160541365,-0.06264142310926457,-0.2342634771753983,1.067473359698092,0.061496759806363155,0.13574338187524898,-0.26270139420880523,-0.06396401297667198,-0.0779878025000974,0.4530772322626371,1.065250190223993,0.020459217822265476,-0.18381631167870272,-0.37634960315283583,0.37634960315283583,0.0,0.9523809523809523,0.0,474165627.95691717,19.977067246802694,0.2222222222222222,0.015873015873015872,0.047619047619047616,0.038013548643612935,-0.2159919121004792,-0.25900571719427035,-0.6328022366912586,-0.3054160561679983,0.16666666666666666,-0.10860502621565106,-0.3054160561679983,0.061496759806363155,-0.3039252249373102,-0.3054160561679983,-0.1860110861089026,0.48264060785393437,0.024691699853416994,-0.3224282777182371,0.3224282777182371,0.0,634597317.9748899,-0.08750355010227895,0.06056579484701103,-0.0224140665252468,-0.00149083123068805,0.277260670394752,0.2015739240893344,0.3413579411721217,1.0,3.0,1.0,1.0,0.0,63.0,126.0,0.6141776937618149,0.4291246870209773,,,0.4291246870209773,1.0,0.14651859244829363,0.18850907377573575,1,1,1,1,0,0
recent_month_top_future_return,2026-06-30,DXCM,67.3499984741211,-0.5697919225247244,-0.22843398135260273,1.455709766694076,1.5236160963337626,0.0008916266574148235,0.061131198657553565,0.014765642413500313,-0.09756561253179175,-0.0926681940302081,-0.05378941331602305,0.12624163134687016,0.10049718084859971,-0.18680828167583408,0.0576865756173468,0.0395572199479892,-0.24773819510321204,0.24773819510321204,0.003590789303137054,0.9567328678123762,0.08120474658085275,0.1595404286161155,-0.07790255161670778,0.05497033691228945,0.005339531554763743,-0.0017637958338018178,0.017050291003867568,-0.08279997011829143,-0.048645626440499634,-0.08279997011829143,0.014765642413500313,-0.1447637344945778,0.05501490176408419,0.07245221803084712,-0.05175159298540333,-0.20480845236390488,0.07245221803084712,0.1754769349942554,0.37327300636684124,1.0118604925306012,1.1061271714442766,-0.5355924150144702,-0.5758360313770317,0.017397201083413357,-0.13863670071385914,0.13863670071385914,0.17008333681820997,360316838.42498237,1.0388657908633907,0.19047619047619047,0.047619047619047616,0.007936507936507936,0.03464174795517027,0.8023133249382025,-0.13809453595119758,0.12734939852575677,-0.0011834772698742224,1.0379002302109468,0.23828713364412502,0.13959494443490844,0.13098235662455338,0.1154448177688785,-0.3175203525123913,0.41288741470905554,0.9147777205485417,0.02011749387250364,0.004674122677188475,-0.13863670071385914,0.13863670071385914,0.17008333681820997,0.2222222222222222,0.6666666666666666,374320837.3117659,19.740623844078836,0.23809523809523808,0.06349206349206349,0.0,0.03621946194100303,-0.06350378342484575,-0.040449422458321616,-0.22943014094155217,-0.08665581197132122,0.5,0.010158784432697687,-0.1447637344945778,0.23828713364412502,-0.08516498074063317,-0.08665581197132122,-0.06898627694560211,0.37770020807073024,0.01835190470943792,-0.13863670071385914,0.13863670071385914,0.0,384143313.58827865,-0.038845792563502846,0.03793614362506664,-0.026368318453620754,-0.00149083123068805,0.277260670394752,0.2015739240893344,0.3413579411721217,1.0,3.0,1.0,1.0,0.0,63.0,126.0,0.6062381852551985,0.23904972292326687,,,0.23904972292326687,0.9830827067669173,0.14651859244829363,0.18850907377573575,1,1,0,0,0,0
recent_month_top_future_return,2026-06-30,HPQ,21.940000534057617,-0.3983591801263242,-0.057001238954202504,1.2366741102733632,1.271933099592633,-0.16135861770498994,-0.06485645968800369,0.01290113063427234,0.17548426609102674,0.1479752388191493,-0.12380251117236474,0.2798217232218635,-0.12746855971305604,-0.18867279345506205,0.14311808141522642,0.027713184516466337,-0.24311089104676242,0.24311089104676242,0.051752412100838585,1.6940037584166125,-0.12599353221897824,0.010368268210382503,0.16087636945342165,0.09438233020586662,-0.02314823738804006,0.06408724567429824,-0.09558600539780804,0.18838539672529908,0.12072096560433103,0.01290113063427234,0.18838539672529908,0.027997964340418235,0.11762718059341859,0.15601921204949876,0.08589283951977089,-0.12124145834525324,0.15601921204949876,0.27058027584691713,0.465523210679988,1.050507701157451,1.2386271793320593,-0.6419407139601903,-0.705936845896421,0.020468450675543988,-0.24311089104676242,0.24311089104676242,0.23996903224804988,404012561.0821058,1.0825506750382605,0.19047619047619047,0.047619047619047616,0.007936507936507936,0.03992688431333153,0.7575487117725493,-0.24311089104676242,0.13152806770904246,-0.03196490717973233,1.0142580340205918,0.2962608740397583,0.16945349267401497,0.06457945938822185,0.1012317410069905,-0.35367758140179695,0.5766097013581575,0.8481225978941836,0.024722436508134545,0.007698600363228891,-0.24311089104676242,0.24311089104676242,0.2161624327141516,0.31746031746031744,0.873015873015873,437364070.72337013,19.896276522283085,0.25396825396825395,0.09523809523809523,0.015873015873015872,0.04400356412640121,-0.08991009346422851,-0.09555878175722066,-0.36547544512304014,-0.17873054667576926,0.5,0.013467389020513679,-0.17873054667576926,0.2962608740397583,-0.17723971544508121,-0.17873054667576926,-0.09473350343991516,0.4890357178868699,0.02229307074151406,-0.24311089104676242,0.24311089104676242,0.0,481742358.8298707,-0.053698498276196216,0.04284412499812317,-0.03492563916021152,-0.00149083123068805,0.277260670394752,0.2015739240893344,0.3413579411721217,1.0,3.0,1.0,1.0,0.0,63.0,126.0,0.6686200378071834,0.2429352686401378,,,0.2429352686401378,0.9849624060150376,0.14651859244829363,0.18850907377573575,1,1,0,0,0,0
recent_month_top_future_return,2026-06-30,MSFT,373.0199890136719,-0.5854432741584744,-0.2440853329863527,1.2174519898026144,1.240657516442628,-0.27525360540477783,-0.23846845116968696,-0.22525713220148746,0.17710291085756413,0.09602132559802035,-0.23283797725562672,0.24271965130802597,-0.11027247827391273,-0.42683105629082185,0.23513880625388672,-0.6686049101101105,-0.30750198688283403,0.30750198688283403,-0.03072934145681483,1.5425125993683897,-0.006601922005817329,0.003214514005201119,-0.12923580660346712,0.0886564149512262,-0.08518353190999484,-0.06719847878166751,0.04890993183839354,-0.04815422134392333,-0.13421572004962598,-0.22525713220148746,-0.04815422134392333,-0.05746801520166156,0.016077631766155953,0.009881674052399259,0.1016019642556758,-0.26737899634235274,0.009881674052399259,0.027999097552044553,0.3369061889844491,1.1671553737106033,1.0475566105990413,-0.43574115177567085,-0.5325163603172168,0.015461769158290882,-0.2313917239370571,0.2313917239370571,0.057223034350202484,15241529356.387766,1.0370614258407493,0.15079365079365079,0.015873015873015872,0.007936507936507936,0.023834904448636472,0.7689863265883995,-0.1900026102827912,-0.0365145902470041,-0.08691966006293861,1.191796405714844,0.10651613480487176,0.11489472781539546,-0.08326082666823265,-0.06071791239570956,-0.31032967707451564,0.3529283054223895,1.1141692600681217,0.017118192957851223,-0.11781098625120068,-0.1900026102827912,0.1900026102827912,0.057223034350202484,0.31746031746031744,0.047619047619047616,15806402166.329134,23.483680895371663,0.2222222222222222,0.031746031746031744,0.0,0.02605531410824705,-0.07488123330449237,-0.13727937134105084,-0.43616225031297,-0.1715085352158653,0.3333333333333333,-0.03605241025681447,-0.1715085352158653,0.10651613480487176,-0.17001770398517724,-0.1715085352158653,-0.04756678513486501,0.3932218689095598,0.02167805637155034,-0.1900026102827912,0.1900026102827912,0.057223034350202484,18884182890.257336,0.0010546556434174459,0.034710885635187316,0.01759553150121418,-0.00149083123068805,0.277260670394752,0.2015739240893344,0.3413579411721217,2.0,8.0,2.0,1.0,1.0,63.0,126.0,0.7040642722117203,0.24583136268247086,,,0.24583136268247086,0.9868421052631579,0.14651859244829363,0.18850907377573575,1,1,0,0,0,0
recent_month_top_future_return,2026-06-30,PSX,169.0500030517578,0.12423333655204649,0.4655912777241682,0.8395565950744218,0.8523692734809996,0.27287910851617236,0.253484036914148,0.3304184007615387,-0.22708586447205903,-0.13456160702994047,0.423417002597825,-0.4887517580957276,0.11252317813912249,0.12884447667220433,-0.3957531562594413,0.9996040146812181,-0.0956165464004165,0.0956165464004165,0.04703251634901773,1.2767197506991226,-0.19407215362306107,-0.24672725241504956,0.19585679373159826,0.11418957493624211,0.08385890418248576,0.001094222635166009,-0.0522342839622566,0.10333253628947969,0.20986924359420556,0.10333253628947969,0.3304184007615387,0.18045743412362847,0.01018256909194748,-0.06533475549790257,-0.016631918235717302,-0.34259542589265457,-0.06533475549790257,-0.19827150671729996,0.3305492934288703,0.832700402395188,0.9968911260630243,0.1118823886026068,0.06870432094714363,0.01622022515027803,-0.0956165464004165,0.0956165464004165,0.33507420967953605,466020573.9170619,1.0041299721945027,0.14285714285714285,0.015873015873015872,0.0,0.029883459103578137,1.035562372957916,-0.02555541285006646,0.031480125216472477,-0.02346416667818274,0.9778391863423781,-0.011125285793336603,0.08732087655856678,-0.04952655894098823,0.0032155210756026342,0.04006464783940111,0.32952165734564354,0.8352972362024458,0.01688648110968342,-0.039609134771682375,-0.08463282566543628,0.08463282566543628,0.09327329974823506,0.2857142857142857,0.7777777777777778,467945225.92940557,19.96386181055699,0.12698412698412698,0.015873015873015872,0.0,0.029971025573323363,-0.0400740314176502,-0.026900658026253188,-0.14108451300665983,-0.038833304761422216,0.5,0.0517081679424601,-0.038833304761422216,0.18045743412362847,-0.037342473530734166,-0.038833304761422216,-0.03637325203523256,0.2752485296496654,0.014265177738223625,-0.08463282566543628,0.08463282566543628,0.017515370607920522,466143931.25305176,-0.005125888490122077,0.031972774870217116,-0.011576891432327763,-0.00149083123068805,0.277260670394752,0.2015739240893344,0.3413579411721217,1.0,3.0,1.0,1.0,0.0,63.0,126.0,0.5386578449905481,0.25217384711298396,,,0.25217384711298396,0.9887218045112782,0.14651859244829363,0.18850907377573575,1,1,0,0,0,0
recent_month_top_future_return,2026-06-30,PYPL,43.18000030517578,-0.7553250931579452,-0.41396715198582346,1.0719813682419062,1.0893655343926454,-0.35052244504326147,-0.306851057682775,-0.25567819858965624,0.19602675145327464,0.08037941557893946,-0.22290263315017977,0.18072572348911464,-0.09746489264606473,-0.4572521226789906,0.2135012889285911,-0.5848417997297036,-0.443186451096491,0.443186451096491,-0.05290955248226248,0.9933122247476013,0.12088223710122104,0.07360688824631012,-0.17529878301071677,0.09854072257106623,-0.12298347833062262,-0.036361585493436044,0.08334666428690518,-0.0596514471363816,-0.1635428095789182,-0.25567819858965624,-0.0596514471363816,-0.018244013588284758,-0.029195278104614086,-0.04217690966106513,0.10855625874051023,-0.3194375800558171,-0.04217690966106513,-0.13070338906422374,0.43717497399779404,0.8108443877029758,0.7381295869877648,-0.24444468043306267,-0.2685491831755549,0.017557095956688095,-0.27347424899136064,0.27347424899136064,0.1119116048496942,895523645.401549,0.7657908046962679,0.1349206349206349,0.023809523809523808,0.015873015873015872,0.029604027611414795,0.8493018777082331,-0.027743111356511307,-0.08411136971704081,-0.04130823613208934,0.9279868996366464,-0.10749901818335872,0.08626357012583295,-0.13597250226418944,-0.06301763047628361,-0.06348885983309493,0.32269178299837853,1.0985122422906162,0.014624742488978078,-0.027686854439095687,-0.15813565292101328,0.15813565292101328,0.06093364854416805,0.7777777777777778,0.20634920634920634,685783773.0365875,20.34607293780737,0.1111111111111111,0.015873015873015872,0.015873015873015872,0.027650978016382128,0.003760635064001594,-0.01777931803080357,-0.08999929370025195,-0.03190302830017544,0.16666666666666666,-0.04492302871799934,-0.12298347833062262,0.10855625874051023,-0.03041219706948739,-0.03190302830017544,0.017719716654498452,0.3544808741103057,0.017305723570635576,-0.04132903488627648,0.04132903488627648,0.06093364854416805,737925354.3866838,0.006550263462113515,0.03218422678096167,-0.0037377202826576195,-0.00149083123068805,0.277260670394752,0.2015739240893344,0.3413579411721217,1.0,3.0,1.0,1.0,0.0,63.0,126.0,0.6668241965973535,0.3249189133890573,,,0.3249189133890573,0.9962406015037594,0.14651859244829363,0.18850907377573575,1,1,1,0,0,0
recent_month_top_future_return,2026-06-30,WDAY,122.41999816894533,-0.8312746154681828,-0.4899166742960611,1.0301118328456864,1.0777501134360195,-0.4914634638738511,-0.43224190269361995,-0.43002142254995834,0.34524273831256425,0.1270549291573797,-0.3951019698885081,0.33737413656259363,-0.18227951447524704,-0.6315953466392927,0.3722935892240439,-0.7723645023892916,-0.5057531714550929,0.5057531714550929,-0.08584620478644145,1.4548399175838873,-0.12646518214963687,-0.1768924545188857,-0.30296649339257864,0.17461453903034713,-0.2383989592434046,-0.06797921070981405,0.17970171783636013,-0.0847786842373941,-0.2725888667266437,-0.43002142254995834,-0.0847786842373941,-0.028708107772046687,0.01687664477450901,-0.05772783332591447,-0.057881748376316655,-0.33498850372066646,-0.05772783332591447,-0.0916869079605538,0.5567596921138881,1.0536982881455437,1.1308633901829406,-0.741493080325296,-0.7835254387801176,0.026588492807978256,-0.4409790625227107,0.4409790625227107,0.08817776150173628,718738598.94477,0.9286461056100856,0.3412698412698413,0.07936507936507936,0.10317460317460317,0.04553493147949137,0.46507897037708457,-0.18928475852445747,0.043242469738848266,-0.04063171440311053,0.88391818080729,0.1943627501548475,0.1554124562568731,0.0001633712648458907,0.028206940389406965,-0.5589242152989446,0.6296191529411217,0.9317644352914158,0.030373925736331794,-0.06911370263910999,-0.22139539848945444,0.22139539848945444,0.08817776150173628,0.31746031746031744,0.873015873015873,667453800.8617098,20.31898073514944,0.4126984126984127,0.12698412698412698,0.09523809523809523,0.04923259099958892,-0.061412260696987686,-0.0777961606800569,-0.27715806840190194,-0.1625966473458954,0.16666666666666666,-0.07925037117634381,-0.2383989592434046,0.1943627501548475,-0.16110581611520736,-0.1625966473458954,-0.05690394041729452,0.5866567344888438,0.02877170407740734,-0.22139539848945444,0.22139539848945444,0.08297945132208095,706512974.5577494,0.023775469310140407,0.05185311651610004,0.016659190644743083,-0.00149083123068805,0.277260670394752,0.2015739240893344,0.3413579411721217,1.0,3.0,1.0,1.0,0.0,63.0,126.0,0.8079395085066163,0.30975329795883444,,,0.30975329795883444,0.9943609022556391,0.14651859244829363,0.18850907377573575,1,1,1,0,0,0
recent_month_top_future_return,2026-06-30,WTW,261.3699951171875,-0.4779556192346892,-0.1365976780625675,0.9605545440219233,0.9812879302382402,-0.23600710312510564,-0.17781500594757937,-0.19904602690142792,0.061494744386669686,0.02808018626766373,-0.11239661893559172,0.014774854739598275,-0.03387096412182811,-0.4006199509907623,0.10142426270543448,-0.5709213710047701,-0.2457881348663371,0.2457881348663371,-0.0468516789982365,1.5171789260341317,0.4805221715706589,0.33599098525064774,-0.1709658406337642,0.030785908958204024,-0.03874382028932366,-0.05538770643741775,0.022246876121392534,-0.13755128251475823,-0.16918771668331678,-0.19904602690142792,-0.13755128251475823,-0.044249203642625634,-0.04526527986382434,-0.09762176419599344,-0.1186790987904367,-0.37488243459074544,-0.09762176419599344,-0.283389846031957,0.3486400002002462,0.782851417783854,0.9880641759504791,-0.1885292447473027,-0.14741010929119813,0.013945649108978572,-0.2253091003819827,0.2253091003819827,0.08343539935539646,215197442.653765,0.928854575277834,0.0873015873015873,0.007936507936507936,0.015873015873015872,0.02587764987570114,0.7331965110312981,0.05805868879824139,-0.027940248946907054,0.0001736535374501358,0.7625152073854685,-0.025487899198472386,0.05391334076237837,0.023892925454897407,0.02290572156308901,-0.39075689963903026,0.34447869450123114,0.792308269886196,0.014478549697440855,0.021978453100313766,-0.11925402795595541,0.11925402795595541,0.08343539935539646,0.7619047619047619,0.5079365079365079,199887129.19703892,19.113263416192662,0.07936507936507936,0.0,0.015873015873015872,0.025852393807135422,0.016635047947678228,0.03321970945319941,0.18565837566844665,0.050672356569769095,0.16666666666666666,-0.035059771578819565,-0.1186790987904367,0.050672356569769095,0.052163187800457145,0.050672356569769095,0.01067343361980555,0.2729333184529259,0.014671591760170369,-0.011711657861825708,0.011711657861825708,0.04518838158616756,184880277.41815478,0.010077747971427353,0.023469227934722246,-2.6340377267008996e-05,-0.00149083123068805,0.277260670394752,0.2015739240893344,0.3413579411721217,1.0,3.0,1.0,1.0,0.0,63.0,126.0,0.346124763705104,0.28522791331545805,,,0.28522791331545805,0.9924812030075187,0.14651859244829363,0.18850907377573575,1,1,0,0,0,0
latest_month_unlabeled_or_partially_labeled,2026-07-31,A,138.3699951171875,-0.008644557070020653,0.21487983352202056,1.2003412794679473,1.210796073418834,-0.04891479966803014,0.023008801637136145,0.03812083997407267,0.17819899891969815,0.1066516176182497,-0.1347503818449033,0.33454384975486395,-0.0931640317784711,-0.070815886941197,0.161672627935888,0.10245520441899074,-0.11449853033497781,0.11449853033497781,0.021041680563906873,1.2586334902294336,-0.23084488153777383,-0.07717271305950901,0.14477245759232238,0.0896739264666406,-0.0588228350912372,0.12494222767485597,0.1291517375332375,0.21631983889377082,0.13307104548672197,0.03812083997407267,0.21631983889377082,0.0137743465236555,0.06915187506793519,0.19979346790996066,0.17291214546950817,0.1683349771481346,0.19979346790996066,0.45090893425900846,0.3720732410837563,0.7710363729334941,1.190869047349095,-0.1496070775465823,-0.11413940446050574,0.01496080036590694,-0.015440431710618485,0.015440431710618485,0.2604542725782806,286490649.36626977,1.0757572106484956,0.11904761904761904,0.007936507936507936,0.007936507936507936,0.027475678948173026,0.5809337842628596,0.022750637881297497,0.040487828802617365,0.05186618888178951,1.083335226830226,-0.018036686342074115,0.09351468860725526,0.02291844495283324,0.02636482559794806,-0.40877592861969836,0.443090506153503,0.6474568926363826,0.016045756727372303,0.050544137522160915,-0.015440431710618485,0.015440431710618485,0.25383141941245135,0.047619047619047616,0.7936507936507936,308194381.8391346,19.54624125498379,0.12698412698412698,0.015873015873015872,0.0,0.02854029001283653,0.0346061878986168,0.03884220564966845,0.14538170452410829,0.04170739448742222,0.5,0.009728388878133912,-0.0931640317784711,0.17291214546950817,0.10744616767419157,0.04170739448742222,0.024621377070080275,0.286882002270829,0.012776647745003158,-0.015440431710618485,0.015440431710618485,0.0720538255615617,297345824.0878877,0.009484160537732711,0.02981653565754121,-0.005691240405499953,-0.06573877318676935,0.03145849076182605,0.10893672691526968,0.2235243905920412,1.0,3.0,1.0,1.0,0.0,63.0,126.0,0.4225193040915062,,,,,,,,0,0,0,0,0,0
latest_month_unlabeled_or_partially_labeled,2026-07-31,AAPL,308.9100036621094,0.2706005082791689,0.49412489887121014,1.0493395651841328,1.0525522492848567,0.14577772505512776,0.13839455011747925,0.19270819770721204,0.02560073290998255,-0.022314489162950535,0.04672392293368821,0.0927438694564664,0.01906579726125268,0.08377147079194236,-0.053240405317057427,0.6613961976536366,-0.09165485809478169,0.09165485809478169,0.04378128186562247,1.3636408489534695,0.440151249561777,0.6410059650460804,0.1703937085442615,0.023976385807811657,-0.039329287398935375,0.0706156661225501,-0.06822593708255009,0.21830893061719459,0.19380361228955603,0.1703937085442615,0.21830893061719459,0.06919119500662885,0.05774694787504919,0.1394677923901546,0.15108708781185776,0.10800930162832856,0.1394677923901546,0.4314580721441352,0.2913657477785055,1.355707927276604,1.1094221490710001,1.031872405921948,1.1691517283970536,0.013327997276471775,-0.09165485809478169,0.09165485809478169,0.2536780110013048,14662579176.745436,1.1784555977627416,0.09523809523809523,0.0,0.015873015873015872,0.022780172973391695,1.6492662013307562,-0.009675080636853295,0.04731692876933824,-0.0019043538121824577,1.3826137182941447,-0.07274246101591075,0.08130737734190699,-0.010094193171596322,0.0999816884595972,0.4840033163514301,0.3232476140661085,1.2219946468635379,0.014656358665420352,0.134237762146304,-0.09165485809478169,0.09165485809478169,0.12269674909869721,0.047619047619047616,0.3968253968253968,17279198508.47507,23.57276921669309,0.12698412698412698,0.0,0.031746031746031744,0.02372143572050198,-0.014408489707909533,0.1636537375222995,0.17104251089405573,0.06756296412855511,0.6666666666666666,0.03247254929890805,-0.07274246101591075,0.15108708781185776,0.13330173731532446,0.06756296412855511,-0.047652801189734584,0.3950068540001955,0.016898949306379123,-0.09165485809478169,0.09165485809478169,0.0009072312311408925,17673243086.30531,-0.06175395221278823,0.03205511400845829,-0.0681560231260615,-0.06573877318676935,0.03145849076182605,0.10893672691526968,0.2235243905920412,2.0,8.0,2.0,1.0,1.0,63.0,126.0,0.5225052420976936,,,,,,,,0,0,0,0,0,0
latest_month_unlabeled_or_partially_labeled,2026-07-31,ABBV,250.94000244140625,0.14524544887117785,0.36876983946321906,1.2778959844022708,1.310121155127825,0.17810064055660768,0.12422008173658239,0.14265199614215396,0.029001012665546,-0.04465643710234035,-0.044557830762674944,0.24049834179775698,0.04067087224049604,0.03371526922688428,0.053288514892928074,0.5133585075385514,-0.04694259751079477,0.04694259751079477,0.0278547148922903,1.0259091298224134,-0.2972420342662222,-0.15954327932637102,0.0979955590398136,0.037104977241629686,-0.06286626604820633,0.13143046144118675,0.050931383560367194,0.17165300880769996,0.13743352132988917,0.0979955590398136,0.17165300880769996,-0.020308286242734175,0.09675969037254273,0.19594051103508203,0.030285817466402465,0.16448202027325598,0.19594051103508203,0.6814894268748232,0.27787987156605426,1.0483371553809535,1.0346846940324124,0.036030115576381805,0.04050199028975077,0.013113696658490558,-0.04694259751079477,0.04694259751079477,0.28040402134089204,1560864659.9320185,1.014634788743696,0.0873015873015873,0.007936507936507936,0.007936507936507936,0.02495704914183647,0.8967890995504862,-0.03644356583640451,0.11084194420135174,0.05944071959183428,1.0982007339523494,0.15579635444256645,0.07427193073005851,0.160785182869007,0.10155295637185757,-0.005230886004179203,0.2875180498890889,1.0131948036220912,0.013480071544791562,0.08291457746693376,-0.04694259751079477,0.04694259751079477,0.25391296829298815,0.031746031746031744,0.9047619047619048,1583707584.4876244,21.183034508175574,0.09523809523809523,0.015873015873015872,0.0,0.023755887142227268,0.006728938446170396,0.03785768326874184,0.01481696243858792,0.004316355911025971,0.6666666666666666,0.02464914129492507,-0.06286626604820633,0.15579635444256645,0.07005512909779532,0.004316355911025971,-0.008992500831456085,0.29131179409518204,0.013442777526237702,-0.04694259751079477,0.04694259751079477,0.03246245336589548,1529079652.8510685,-0.02389120888642926,0.025517194863373553,-0.028689537745728688,-0.06573877318676935,0.03145849076182605,0.10893672691526968,0.2235243905920412,1.0,3.0,1.0,1.0,0.0,63.0,126.0,0.5028159587609782,,,,,,,,0,0,0,0,0,0
latest_month_unlabeled_or_partially_labeled,2026-07-31,ABNB,151.52000427246094,-0.07919994318006585,0.14432444741197537,1.1784171177091738,1.198474732936703,0.19740795935041255,0.11641617233752011,0.1712144236784523,0.02865891918779795,-0.04975780619656245,0.0849501886678512,-0.005440331061835169,0.04436890863267462,0.06227769676318262,-0.09170456607243627,0.4984783005051178,-0.010384666785659524,0.010384666785659524,0.030155568556603285,0.9319644311382883,-0.13880236586987715,-0.07032866460955323,0.12145661748188985,0.039678616715038494,-0.06535416913008418,0.10150223613102027,0.01610993898131219,0.19987334286625025,0.16418146134219747,0.12145661748188985,0.19987334286625025,0.11149827341749274,0.024881573222190978,0.07950985760601603,-0.050228006704909345,0.04805136684418998,0.07950985760601603,0.2544891864284245,0.3434741763181213,0.9577224731654438,0.9096148704537061,-0.238644801980198,-0.19384669506323238,0.016734272142700415,-0.010384666785659524,0.010384666785659524,0.3066575152530322,548649123.1187063,0.978153931233164,0.14285714285714285,0.023809523809523808,0.015873015873015872,0.03196514294147676,0.6447530459845409,0.017270372393980216,0.06463919282987107,0.07314560875629472,0.9157096686041443,0.07343791706708913,0.07083327187241635,0.13659895767279817,0.05951723889995342,-0.2542580058591777,0.31242921839580134,1.052887880656285,0.01549033623454041,0.023720487906608856,-0.010384666785659524,0.010384666785659524,0.17366380409748694,0.047619047619047616,0.5555555555555556,536663296.6461908,20.100881449577063,0.12698412698412698,0.015873015873015872,0.0,0.030525877707565652,0.039450481219136524,0.043529830035880845,0.17887044015903877,0.058839956742241295,0.6666666666666666,0.028760480004084044,-0.06535416913008418,0.11149827341749274,0.12457872992901065,0.058839956742241295,0.032757634224163557,0.32895293761185485,0.01570681957761156,-0.010384666785659524,0.010384666785659524,0.10140289456673113,492494157.3383876,0.03473238109754995,0.026908274703368668,0.001348197849244448,-0.06573877318676935,0.03145849076182605,0.10893672691526968,0.2235243905920412,1.0,3.0,1.0,1.0,0.0,63.0,126.0,0.5646089875720455,,,,,,,,0,0,0,0,0,0
latest_month_unlabeled_or_partially_labeled,2026-07-31,ABT,105.6999969482422,-0.3665379080234452,-0.143013517431404,1.0520754883297885,1.11903619292546,-0.12907001670282348,-0.14067878778255416,-0.019929216335845212,0.06328890092805561,-0.05938544599105722,-0.16413922437912198,0.33666796630526097,0.06450134868134816,-0.1288659432511149,0.1924579582619842,-0.06593902413956573,-0.2084384944647354,0.2084384944647354,-0.0277512461075462,1.2703678921429256,-0.5112360408028287,-0.4269102098237021,-0.07931466232690243,0.061347523134283724,-0.11757627664812365,0.1174020948731549,0.19349022629859425,0.0433596845922104,-0.01862806469017908,-0.07931466232690243,0.0433596845922104,-0.11016280685942059,0.051987618774991695,0.17252874192613898,-0.057164871337442524,0.14107025116431293,0.17252874192613898,0.497607988532727,0.30223705303347037,1.4980067210902877,1.1471663667275045,-0.041332787817704664,0.12468423000158513,0.013601256712807765,-0.07931466232690243,0.07931466232690243,0.2894123318817612,1204378724.086059,0.9934742474690036,0.0873015873015873,0.007936507936507936,0.007936507936507936,0.022559451918234392,0.6694509450945095,0.09699962766647574,0.0858062933651782,0.1386284003904954,1.4742768991804562,0.060046729412394084,0.11572036149871032,0.24362012644714381,0.10269784651785274,-0.29311824897722927,0.3467161820188343,1.3058321482729809,0.015296299357564188,0.14902298212923815,-0.021296324553312984,0.021296324553312984,0.2894123318817612,0.031746031746031744,0.8888888888888888,1196519246.5790763,20.902682551751703,0.12698412698412698,0.015873015873015872,0.0,0.024509536559187244,0.09870326282639641,0.1552252902713147,0.3824928016066249,0.17317481573336702,0.5,0.0021364898303537494,-0.11757627664812365,0.17317481573336702,0.23891358892013637,0.17317481573336702,0.06931637345260233,0.4527531368066603,0.018235685013546808,-0.021296324553312984,0.021296324553312984,0.19664887079262616,1247189711.5458534,0.019502670291788204,0.03433930053174032,-0.004839300586770845,-0.06573877318676935,0.03145849076182605,0.10893672691526968,0.2235243905920412,1.0,3.0,1.0,1.0,0.0,63.0,126.0,0.5115714189085757,,,,,,,,0,0,0,0,0,0
latest_month_unlabeled_or_partially_labeled,2026-07-31,ACGL,100.52999877929688,-0.05538586362018938,0.16813852697185183,1.0245328903785558,1.0377137823166938,0.16475497187970034,0.04806089135064284,0.046751330913862965,0.0005452730715918008,-0.04295704985916138,-0.016451497459317954,0.08071149908599606,0.04279467483519239,-0.06218539600140671,0.017508670712815144,0.19823664266651425,-0.05587907954596505,0.05587907954596505,0.006808029935972071,1.292903265153652,-0.5159499153224687,-0.4848448560936969,0.003794281054701587,0.024960160107982125,-0.04153772939318867,0.04856263642520009,0.01786090893139025,0.047296603985454766,0.03261407198467311,0.003794281054701587,0.047296603985454766,-0.01593914796693985,0.030089344680298113,0.06426000162667811,-0.05420286678177255,0.03280151086485206,0.06426000162667811,0.2643187419136645,0.2358359700053582,1.2921836471254973,1.0308672171075206,0.09806020909434432,0.13731706425408907,0.01113946802657295,-0.05587907954596505,0.05587907954596505,0.14734073987709895,202540153.86087328,1.0698073692876584,0.07142857142857142,0.0,0.0,0.020781509450925384,0.6375781659495107,-0.03777082518927988,0.07557341421181718,0.04176380658577905,1.3882443657881596,0.08641147903684154,0.05481017568985415,0.12525187933839632,0.09681034990949877,-0.38317393304008396,0.2431155700932763,1.2534918422871149,0.011766852153572894,0.07506106885442576,-0.05587907954596505,0.05587907954596505,0.14734073987709895,0.047619047619047616,0.6507936507936508,216678949.17701843,19.19392732370355,0.09523809523809523,0.0,0.0,0.02069734197350739,0.0071161577213447735,0.06392882328335214,0.11731541085505895,0.035751095281125744,0.5,0.0088795841685431,-0.05420286678177255,0.08641147903684154,0.1014898684678951,0.035751095281125744,-0.011990180283118268,0.3047433838449031,0.01579404607978464,-0.05587907954596505,0.05587907954596505,0.020194822866659523,190095663.0365644,-0.015425312385989653,0.02891105377648261,-0.026965828884576326,-0.06573877318676935,0.03145849076182605,0.10893672691526968,0.2235243905920412,1.0,3.0,1.0,1.0,0.0,63.0,126.0,0.17780269776681298,,,,,,,,0,0,0,0,0,0
latest_month_unlabeled_or_partially_labeled,2026-07-31,ACN,165.9199981689453,-0.589533246629139,-0.36600885603709776,0.9309118117327818,0.9840549199597185,-0.3229147188467274,-0.36884439850450645,-0.35768846995911885,0.21168534651882642,0.16901001867075816,-0.3163954604932677,0.2559906400459856,-0.20831447030975847,-0.4666251968743885,0.2972836495118367,-0.6565962684185305,-0.4131176341054277,0.4131176341054277,-0.07619817815402907,1.62738065695814,0.5557618045312163,0.4617862920697686,-0.1886784512883607,0.11194958385275174,-0.049971292658568256,-0.01871604471605648,0.17860506641676177,-0.14600312344029243,-0.230790014895924,-0.35768846995911885,-0.14600312344029243,-0.09110125813305914,-0.07508942152165277,-0.060404820447282126,0.046779750941540854,-0.09186331120910818,-0.060404820447282126,-0.09691892825743316,0.5447616551654227,1.042706532346945,1.1440801853135394,-0.14542442008666834,0.15313487438675621,0.024619993109500686,-0.36527218082049895,0.36527218082049895,0.3493655815717358,1330753332.9385424,0.960485430229312,0.2857142857142857,0.07142857142857142,0.06349206349206349,0.04067853471831117,1.082690636750198,0.2308070511409558,-0.12479290091110662,0.08352962925085117,1.0911286721206017,-0.3347944887952171,0.23524286132831201,-0.10239457850843436,-0.02323795986305832,-0.09595795840141763,0.6232510153933672,0.9113928776427392,0.028204554635114808,0.19294603930113108,-0.1458616475550415,0.1458616475550415,0.3493655815717358,0.6666666666666666,0.3492063492063492,1278169187.5165668,20.96869456952031,0.3333333333333333,0.1111111111111111,0.07936507936507936,0.04326543176282493,0.1900649463557902,0.3083923504542656,0.6150515146314319,0.3493655815717358,0.3333333333333333,-0.04800602956388772,-0.3347944887952171,0.3493655815717358,0.41510435475850516,0.3493655815717358,0.13783182924435433,0.5680265364131202,0.03148549068461784,-0.041866374525954986,0.041866374525954986,0.23305589461456355,1221770679.152425,0.0826682942602186,0.0498561993383505,0.010351966989130545,-0.06573877318676935,0.03145849076182605,0.10893672691526968,0.2235243905920412,1.0,3.0,1.0,1.0,0.0,63.0,126.0,0.8376409314379902,,,,,,,,0,0,0,0,0,0
latest_month_unlabeled_or_partially_labeled,2026-07-31,ADBE,250.41000366210935,-0.5234489007742082,-0.29992451018216704,0.9528409075437017,1.0077405556437131,-0.26417088696022106,-0.2845223844989987,-0.14608694403372768,0.17624163292561412,0.10035698011264271,-0.1607842929121378,0.1782974885712264,-0.10516622792119568,-0.25502367094899736,0.16360013969281628,-0.31328419332329316,-0.31853804635838323,0.31853804635838323,-0.029344848723972805,1.5402074290519592,0.08929441812403738,0.10837144439899671,-0.04572996392108497,0.08840354175235429,-0.07366335719405293,0.054901572002271415,0.07496124813063554,0.03015468889188644,-0.05388740635430874,-0.14608694403372768,0.03015468889188644,0.01242391085120964,-0.03030017633819604,0.0175131956590886,0.05327096719391444,-0.013945295102737454,0.0175131956590886,0.034151488682768634,0.4663080587758013,1.213678621293081,1.0997218122291301,-0.10884440545498042,0.08845122935890282,0.022465176474198642,-0.14646533678349027,0.14646533678349027,0.2947107125833057,1498101426.7515032,0.981575939978801,0.2777777777777778,0.047619047619047616,0.05555555555555555,0.03621770885214215,0.8946827618785813,0.16563879718222185,-0.027317186398862492,0.09667430078580685,1.3243552250394428,-0.20905824994793265,0.14866415972508407,-0.03394926153721911,0.07036054702314609,-0.2604928194833558,0.5128091434539719,1.1036233052729592,0.025599319462490423,0.1837501464211242,-0.08619492472505175,0.08619492472505175,0.2947107125833057,0.6666666666666666,0.3968253968253968,1470500316.1471896,21.10886853163133,0.3333333333333333,0.07936507936507936,0.06349206349206349,0.038040272382630316,0.13070468146451164,0.22590493793964606,0.39118961381571116,0.22139302723517407,0.5,-0.016799988297147184,-0.20905824994793265,0.22139302723517407,0.2871318004219434,0.22139302723517407,0.08366008283419069,0.5659481218728675,0.029914722271335948,-0.04942485432817201,0.04942485432817201,0.18023285960871127,1345821171.8207223,0.058274644120330565,0.053212731213257695,0.0027069085079733934,-0.06573877318676935,0.03145849076182605,0.10893672691526968,0.2235243905920412,2.0,8.0,2.0,1.0,1.0,63.0,126.0,0.8029179527161008,,,,,,,,0,0,0,0,0,0
latest_month_unlabeled_or_partially_labeled,2026-07-31,ADI,367.4100036621094,0.43405479273228087,0.6575791833243221,0.974517810769636,1.0074440715743616,0.5840567925697573,0.36272097980428186,0.18878645698951324,-0.030754227362437936,-0.1500559191274966,0.2979913164106922,-0.3821250529314887,0.1444608718603304,0.07984973007424356,-0.2729201935103097,0.4601252238197814,-0.17524918155444402,0.17524918155444402,0.023328213121646124,1.312812001168615,-0.06190438055577796,-0.14082987023341154,0.038730537862016634,0.07926274348000599,-0.10302104614435292,-0.028989276510816175,-0.1712381009433087,0.1580322296270753,0.12851640815953505,0.038730537862016634,0.18878645698951324,0.2644119297810239,-0.02606681490546825,-0.08413373652079648,0.02881215648237956,-0.11559222728262253,-0.08413373652079648,-0.1830750457788185,0.41029364880777713,0.843981611964477,1.120072749680674,-0.45774376224790536,-0.4983751049610673,0.01997582367105048,-0.17524918155444402,0.17524918155444402,0.21549440774020723,1628127134.0813046,1.176833955021214,0.21428571428571427,0.031746031746031744,0.023809523809523808,0.03104566083962955,0.7112733307920915,-0.06680436614817786,-0.05451585953770277,-0.07549565147670789,0.9679432390480562,-0.037675707167254546,0.14215609638829577,-0.10978281340429563,-0.07920919650127511,-0.3199551048842789,0.45955873539664366,0.7535060666417348,0.022826254378939714,-0.09233499583297033,-0.17524918155444402,0.17524918155444402,0.039731750683206224,0.4444444444444444,0.031746031746031744,1916035294.478256,21.373523937764997,0.25396825396825395,0.031746031746031744,0.047619047619047616,0.03419499959335119,-0.05369137133616264,-0.07948476351320577,-0.21638584057380467,-0.07493015272926662,0.5,0.0370096753471433,-0.10302104614435292,0.2644119297810239,-0.009191379542497269,-0.07493015272926662,-0.031524662814082505,0.34628029509957475,0.018625683817048485,-0.07137619277144114,0.07137619277144114,0.039731750683206224,1525138312.5823975,-0.01213422515733742,0.03758160913058992,0.006508985352275065,-0.06573877318676935,0.03145849076182605,0.10893672691526968,0.2235243905920412,1.0,3.0,1.0,1.0,0.0,63.0,126.0,0.75477093190079,,,,,,,,0,0,0,0,0,0
latest_month_unlabeled_or_partially_labeled,2026-07-31,ADM,79.2699966430664,0.2856491084596122,0.5091734990516534,0.8730732830567954,0.8782404254413025,0.3393612737837184,0.3984006533537847,0.1943851439361377,-0.09667381811141817,-0.03864014944841099,0.11576046766211823,-0.04529312404062935,0.03343310992710635,0.08544841702086803,-0.12391780031464883,0.7177727681835162,-0.09218968254571547,0.09218968254571547,0.042176173131714956,1.3507785138005992,0.5170042185656876,0.6239034761106041,0.15574499448772672,0.04866003657369978,0.05286787819138716,0.03867121311247135,-0.09218968254571547,0.09771132582471953,0.14928048808286132,0.09771132582471953,0.1943851439361377,0.02545054958058013,0.03533615472573115,0.07046734362148888,0.07735444662554403,0.039008852859662824,0.07046734362148888,0.26566819389764545,0.27081710612687715,1.0138262603423922,0.9794273878107146,1.5545754494646826,1.6505390478942883,0.01385423615108896,-0.09218968254571547,0.09218968254571547,0.22870326527542373,285113461.8253072,1.054477969635547,0.07142857142857142,0.007936507936507936,0.0,0.028398304075606753,1.4933035933937973,-0.0005240181951700063,0.021058513265547862,-0.011430881768023093,0.9575487849804115,-0.0423664741180102,0.040221685909325414,-0.0063926064682118255,0.05161080344873725,0.38625969074864663,0.26524569082830435,1.0351214117144185,0.013277855366923982,0.09982675521578077,-0.09218968254571547,0.09218968254571547,0.06475354724780669,0.1111111111111111,0.9841269841269841,300645864.341312,19.521443602956523,0.07936507936507936,0.0,0.0,0.0269425576610189,-0.01394439013410742,0.061115289604213974,0.13681955115227445,0.037565380364754875,0.8333333333333334,0.030717481761893723,-0.0423664741180102,0.07735444662554403,0.10330415355152422,0.037565380364754875,-0.03881368322118517,0.2745614939413606,0.012937086928686633,-0.09218968254571547,0.09218968254571547,0.03229581583502217,286968534.5082238,-0.05415888853150297,0.02678910436783646,-0.025281002649883977,-0.06573877318676935,0.03145849076182605,0.10893672691526968,0.2235243905920412,1.0,3.0,1.0,1.0,0.0,63.0,126.0,0.2923780433536609,,,,,,,,0,0,0,0,0,0
latest_month_unlabeled_or_partially_labeled,2026-07-31,ADP,266.4599914550781,-0.3386620954569105,-0.1151377048648693,1.076458606380762,1.1140307124428155,0.04667597020159642,0.05236520781726406,0.09675033161163249,0.22464752875367022,0.1660781614288156,-0.1342227601141548,0.4010039609646665,-0.1315128399019233,-0.012186395303637187,0.17003086923887922,0.29152847938206555,-0.1151377048648693,0.1151377048648693,0.036707214513637565,1.072116788321168,-0.4136966334399097,-0.2572819172463111,0.2628284930404481,0.11653242657985843,-0.04432379458270275,0.2127717388103647,0.11153360593688055,0.3213978603653027,0.22699222833912777,0.09675033161163249,0.3213978603653027,0.043114516917461154,0.08381564683401344,0.2667812008505117,0.04671133272538297,0.23532271008868566,0.2667812008505117,0.8020171195206257,0.33187265894813445,1.1071221694855833,1.0023054908989035,-0.30411853340030137,-0.172026915960365,0.015675337259636015,-0.025277110822448545,0.025277110822448545,0.42211779782330994,714690794.1135951,0.8858833926624975,0.15873015873015872,0.023809523809523808,0.007936507936507936,0.026511570551078913,0.6754722943234398,0.009337937574776634,0.08520248165662458,0.13418253372893219,1.4551069969257673,0.017170449525588438,0.10694657768017617,0.2102488635067321,0.12104100149305763,-0.20873786407766992,0.3326377883429343,1.104575580537503,0.016406649355333498,0.15508156245555882,-0.025277110822448545,0.025277110822448545,0.2957606959094403,0.031746031746031744,0.9365079365079365,633132705.3940061,20.266190604887626,0.19047619047619047,0.031746031746031744,0.0,0.02641195091127712,0.10001372325133695,0.17637904270017124,0.5166220825195924,0.1898191341197497,0.6666666666666666,0.020163133133926037,-0.1315128399019233,0.1898191341197497,0.25555790730651906,0.1898191341197497,0.060146975268993375,0.3674235781676077,0.019082338334819173,-0.025277110822448545,0.025277110822448545,0.11261424419936339,605383525.1764933,0.04069673523773254,0.03528270923955283,0.007143641755350982,-0.06573877318676935,0.03145849076182605,0.10893672691526968,0.2235243905920412,1.0,3.0,1.0,1.0,0.0,63.0,126.0,0.5882482671707624,,,,,,,,0,0,0,0,0,0
latest_month_unlabeled_or_partially_labeled,2026-07-31,ADSK,234.1999969482422,-0.45086757205600714,-0.22734318146396593,1.1330235849603825,1.132447001249433,-0.22280480588565743,-0.20881054957000533,-0.07383239818663767,0.052111441290996874,0.026368297642839655,-0.06275950260462049,0.0509451437364441,-0.027682208783829765,-0.18276912510190735,0.06201803931846128,-0.17468966714258743,-0.28333183137682094,0.28333183137682094,-0.020373030493538002,1.5076469878676682,0.10137884267631092,0.08836675777911629,-0.047464100543798016,0.026056345608750968,-0.026314724647956034,0.026360176822500136,0.035599652656317926,-0.021720956895640797,-0.04767248520869216,-0.07383239818663767,-0.021720956895640797,-0.010025037417177862,-0.04486978219865856,-0.011814358868176389,-0.024008449119857667,-0.04327284963000244,-0.011814358868176389,-0.02620145702157108,0.4226489144682682,1.1535587811401586,1.0668539226500444,-0.14618653349104127,0.028511023217910436,0.020351155647746085,-0.11328183674874781,0.11328183674874781,0.2476027883299039,553407779.216064,1.0518734127802196,0.25396825396825395,0.031746031746031744,0.031746031746031744,0.03558693396807682,0.5578932302848146,0.1584608024345987,-0.034423193858779344,0.08483380384640005,1.1242666679772393,-0.15948294401025065,0.11758261039253994,0.012494053089583401,0.05652611137320096,-0.5075671441926274,0.450904652304255,1.0812715374141768,0.022044166616267607,0.15209613388656118,-0.06708093048224617,0.06708093048224617,0.2476027883299039,0.9206349206349206,0.4444444444444444,582114929.3831235,20.182178461085204,0.30158730158730157,0.047619047619047616,0.015873015873015872,0.037020007591817915,0.1194118915889959,0.20739998638080182,0.41966653912965324,0.20460857501258278,0.16666666666666666,-0.0071507981610815325,-0.15948294401025065,0.20460857501258278,0.27034734819935213,0.20460857501258278,0.08158283156446311,0.4875503666242266,0.024679407274532633,-0.045056077683008455,0.045056077683008455,0.15085993586359803,488670371.99663436,0.052503840789519085,0.04292423815673302,-0.005697516310809836,-0.06573877318676935,0.03145849076182605,0.10893672691526968,0.2235243905920412,1.0,3.0,1.0,1.0,0.0,63.0,126.0,0.6791323571817629,,,,,,,,0,0,0,0,0,0
latest_month_unlabeled_or_partially_labeled,2026-07-31,AEE,109.61000061035156,-0.1087899698157806,0.11473442077626061,0.8779948912521754,0.8870863174234837,0.09716341888989088,0.11288247971016174,0.07603058105029126,-0.07182175082466369,-0.09498857265815897,0.1078815102264008,-0.13663091066508182,0.09682416435340979,-0.03290614586497842,-0.10477998148897227,0.37864188053134445,-0.07361392078209805,0.07361392078209805,0.006863661165384505,1.6074842460597394,0.41133735802721794,0.37076225516722316,-0.018957991607867708,0.049527592412410774,-0.02306972527645479,-0.005567378721222704,-0.06775314899283869,0.004208830225627569,0.02042713988935037,-0.018957991607867708,0.07603058105029126,0.033933807278157424,0.009851050797948124,-0.028749400438681016,-0.049978011859736826,-0.06020789120050707,-0.028749400438681016,-0.1305673867464589,0.2007981286792636,1.0716919975732266,1.0965650982358013,0.5104029785370128,0.46457245274648495,0.010251890891037962,-0.07361392078209805,0.07361392078209805,0.0852777815338277,195195242.85565937,1.0067865815596435,0.031746031746031744,0.0,0.0,0.018097106921494393,1.2056291246011974,-0.028989184533659396,0.025365093358742374,-0.009787024440046088,1.141763208033505,0.05433740652299068,0.057126352487608625,0.022345389565785023,0.015608522409983339,-0.025022973068495102,0.2201882197007418,0.9773172603226279,0.011560788817962851,-0.011209075259090207,-0.07361392078209805,0.07361392078209805,0.05036283967281063,0.38095238095238093,0.6666666666666666,196519951.29135373,19.096274522497307,0.031746031746031744,0.0,0.0,0.01865892654655594,-0.024584853702107945,-0.0344351784699064,-0.14100430016292617,-0.03034324378446318,0.5,0.013617399538983851,-0.049978011859736826,0.09682416435340979,0.03539552940230617,-0.03034324378446318,-0.02138296785845173,0.21519374763324584,0.011903135879444063,-0.04703526508962885,0.04703526508962885,0.007908051589439635,162445861.03025165,-0.014626425202849513,0.022006597471826296,-0.0088615634059388,-0.06573877318676935,0.03145849076182605,0.10893672691526968,0.2235243905920412,1.0,3.0,1.0,1.0,0.0,63.0,126.0,0.11207302268787002,,,,,,,,0,0,0,0,0,0
latest_month_unlabeled_or_partially_labeled,2026-07-31,AEP,127.8499984741211,-0.05772296152558165,0.16580142906645956,0.9503170613262506,0.9616229923667937,0.08781132106826717,0.12563284103221362,0.08362603911684774,-0.10118400725692733,-0.12129977554913995,0.1537327116706093,-0.21449780209805047,0.12604849326197942,-0.025310687798421938,-0.1443911295442889,0.40428787809837224,-0.07815995224215844,0.07815995224215844,0.008382797456643942,1.5382604289528252,0.5499959363909734,0.45581029315400956,-0.037673736432292215,0.06500831101588427,-0.020475272473970074,-0.027998547557628206,-0.07786836118147522,-0.017557968140079594,0.009464778181491976,-0.037673736432292215,0.08362603911684774,0.04600246631274052,0.0053902396635692185,-0.06076509042744116,-0.06943382326400582,-0.09222358118926721,-0.06076509042744116,-0.26985293301836233,0.2068477529185272,1.050237233703827,1.088619723270868,-0.1431416890060354,-0.19925929604524728,0.010345180835925056,-0.07815995224215844,0.07815995224215844,0.09690458241144895,548150398.1756604,1.2094248690094598,0.023809523809523808,0.0,0.0,0.01859112916051504,1.2168528213871748,-0.06460450592506173,0.027149633988506894,-0.028740479610092295,1.0896057284000764,0.08005052132490165,0.08047804955661611,0.00931554687165903,0.015315117780644094,-0.04974782844583703,0.225178543541368,0.9647420593743083,0.01160957557066229,-0.017739941260356495,-0.07815995224215844,0.07815995224215844,0.03279745963782843,0.38095238095238093,0.6666666666666666,662946723.5110812,20.31220518973458,0.031746031746031744,0.0,0.0,0.018861325724053867,-0.044576480003474694,-0.049422354272744884,-0.3014754219671838,-0.06549228305215937,0.5,0.016116683684914385,-0.06943382326400582,0.12604849326197942,0.00024649013460997793,-0.06549228305215937,-0.040067881914685466,0.2172392118230067,0.011463974827135475,-0.07696192661525758,0.07696192661525758,0.0005478141766546152,573776067.4889338,-0.029011927460710574,0.02177220534686765,-0.019013565076292593,-0.06573877318676935,0.03145849076182605,0.10893672691526968,0.2235243905920412,1.0,3.0,1.0,1.0,0.0,63.0,126.0,0.292379645352956,,,,,,,,0,0,0,0,0,0
latest_month_unlabeled_or_partially_labeled,2026-07-31,AES,14.68000030517578,-0.03570374738110438,0.18782064321093683,1.0715086689714315,1.0716763035038959,0.0971394652781008,0.06118021144605956,0.026569874173448804,0.04080051893301628,-0.1562430668840762,-0.01365190034951691,0.05443037859387967,0.17952229619433924,-0.08236685274182087,0.014208604070913955,0.08567978056066881,-0.12967319271062738,0.12967319271062738,-0.01113726870876064,0.8488341961157261,0.20570324053050149,0.25486998389363213,-0.12967319271062738,0.10400541092190285,-0.18460656871287084,0.027857800197062632,0.16350897772989947,0.06737039310646509,-0.011910975143571164,-0.12967319271062738,0.06737039310646509,0.025550023773511343,0.01201719077769381,0.04077847824436276,0.027742763463622477,0.009319987482536707,0.04077847824436276,0.954749835276615,0.31010670194976747,0.11843878504957592,0.13773054645743663,0.7153482978547172,0.7382904722122758,0.0059540810079389585,-0.12967319271062738,0.12967319271062738,0.07423209423705601,162387443.17629525,0.8243615252510411,0.023809523809523808,0.015873015873015872,0.007936507936507936,0.008603524784948855,0.911151034295645,0.004487911509699072,0.004649531146387886,0.009674695992570426,0.6642561233326038,-0.0006816971614633793,0.11600990115607833,0.012683830277538055,0.007896596069940864,0.2519233791827704,0.042711165519654905,0.8599311343484539,0.0020885668917850486,0.012394709380276092,-0.00026426942882029625,0.00026426942882029625,0.04034123898982411,0.1111111111111111,0.9841269841269841,133865960.33842753,18.712349568773554,0.0,0.0,0.0,0.004508944322094219,0.00808877098516847,0.01264089462757223,0.3641473586832904,0.013374644896462895,0.6666666666666666,0.010150243742266954,-0.18460656871287084,0.17952229619433924,0.07911341808323225,0.013374644896462895,0.005092321737715677,0.036728661014661414,0.0018630066205340267,-0.00026426942882029625,0.00026426942882029625,0.019634380587734146,121320668.52155867,0.0015144680722294357,0.003177349229758252,0.0012709746032351088,-0.06573877318676935,0.03145849076182605,0.10893672691526968,0.2235243905920412,1.0,3.0,1.0,1.0,0.0,63.0,126.0,0.22422881533932124,,,,,,,,0,0,0,0,0,0
latest_month_unlabeled_or_partially_labeled,2026-07-31,AFL,127.4800033569336,0.08685674161749035,0.31038113220953156,0.9964402508074216,1.010541610215128,0.2080695638543737,0.16823209961029462,0.16107207105855492,0.006917412949013935,-0.02638577957430166,0.029958875165632337,0.09734057246701,0.023253810125605012,0.052135344143285245,-0.033772623425912585,0.9039865439496094,-0.015978383991216205,0.015978383991216205,0.020803575354136683,1.2748032206409707,-0.5065490575157081,-0.44373302510365087,0.13468629148425326,0.01757442553777052,-0.028513264014198736,0.1026974000253118,0.011229051398237488,0.16798948400756886,0.15458261551679234,0.13468629148425326,0.16798948400756886,0.03609514442713202,0.03388781905429128,0.12729944763264234,-0.005875443194974794,0.09584095687081629,0.12729944763264234,0.7277670489484775,0.17817972196224804,0.8843660394004799,0.9816933613540955,-0.10301353013530135,-0.02475191309615521,0.00877538610270855,-0.015978383991216205,0.015978383991216205,0.20659255465193627,274502770.2440655,1.0301381642872305,0.015873015873015872,0.0,0.0,0.018674409211087113,0.5646873372388331,0.008158124448646609,0.048356195876577024,0.06552104455746233,0.940922263791951,0.04296390241704251,0.040339445251658834,0.13396197681266653,0.0591395317424086,-0.458128035241979,0.17491785017825742,0.9008577160801338,0.008950982602277516,0.06938930398626031,-0.015978383991216205,0.015978383991216205,0.13709751728574027,0.047619047619047616,0.6666666666666666,282775779.8309811,19.460164847693374,0.0,0.0,0.0,0.01787600731170738,0.04325056572995112,0.07643890578767376,0.5536975362550821,0.08724949558152328,0.6666666666666666,0.025862274223688215,-0.028513264014198736,0.08724949558152328,0.15298826876829263,0.08724949558152328,0.02714921793181424,0.157576095013232,0.008225931310393873,-0.015978383991216205,0.015978383991216205,0.058188777830158855,232853659.98447958,0.011096070016760828,0.01576158264123157,-0.0034707888314643442,-0.06573877318676935,0.03145849076182605,0.10893672691526968,0.2235243905920412,1.0,3.0,1.0,1.0,0.0,63.0,126.0,0.14665627147124055,,,,,,,,0,0,0,0,0,0
latest_month_unlabeled_or_partially_labeled,2026-07-31,AIG,78.58000183105469,-0.1871224618104499,0.03640192878159132,1.1549928985076041,1.1748814173112963,0.012992129856386203,-0.06991487886886116,0.06261739497721286,-0.011425403422969937,-0.07406247982939906,0.0048240398501717685,0.0526918563018135,0.07491994495654763,-0.04631933193805682,-0.005101498825227591,0.2648079763188112,-0.08108570595529141,0.08108570595529141,0.003958758756410052,0.9133801112992984,-0.6690091877509017,-0.6499719545663212,-0.011445084852186205,0.039873119814821355,-0.059586713854066664,0.030398830264542376,0.04187568007791442,0.05119199155424292,0.03412143389308986,-0.011445084852186205,0.06261739497721286,-0.005979961739349116,0.019520262203019056,0.05751589615198527,-0.0076203372177360285,0.026057405390159216,0.05751589615198527,0.22430955227324753,0.23646340207602237,1.1507252083402602,1.0843667411261106,0.09677122054621967,0.1563704002462767,0.011362300066920359,-0.03059456948227035,0.03059456948227035,0.09031283339074436,316675769.802039,0.9812958358466813,0.05555555555555555,0.007936507936507936,0.0,0.021129377541859385,0.6137232936133881,0.01694528935490447,0.04242916237242178,0.023132794555448477,1.00325027748186,0.010713643501675918,0.04812829488329301,0.06563640490888689,0.06078354259295082,-0.11338576158940394,0.25641304870476955,1.061195594347754,0.01230804574546156,0.05126643966734323,-0.03059456948227035,0.03059456948227035,0.09031283339074436,0.2857142857142857,0.6349206349206349,310752614.22028315,19.554507704153256,0.06349206349206349,0.015873015873015872,0.0,0.021033959325216206,0.004773701303369959,0.055753220014292504,0.19970487917660046,0.05434057584987961,0.5,0.011131191916158559,-0.059586713854066664,0.07491994495654763,0.12007934903664896,0.05434057584987961,-0.009759980409095204,0.2721043976187775,0.013384346204942069,-0.03059456948227035,0.03059456948227035,0.023443645225000642,266633971.59547353,-0.009291813147138561,0.02141586363104634,-0.011970010720214419,-0.06573877318676935,0.03145849076182605,0.10893672691526968,0.2235243905920412,1.0,3.0,1.0,1.0,0.0,63.0,126.0,0.25965987774965377,,,,,,,,0,0,0,0,0,0
latest_month_unlabeled_or_partially_labeled,2026-07-31,AIZ,279.19000244140625,0.2896995536989424,0.5132239442909836,0.9210671768707483,0.9455887708060786,0.3337202485996189,0.1678893113626012,0.1812292133277702,0.10497420115395384,0.0389805918474222,-0.003779908485542549,0.1894910012341955,-0.031945811025363424,0.07229248641250052,0.0044818794208827395,0.7621016031607931,-0.013741643052771368,0.013741643052771368,0.04738154405972872,1.1837402265836925,0.1626532399299474,0.3785708436050996,0.2202098051751924,0.05306321060456925,-0.05130884319190199,0.13379798318604919,0.011247397645318125,0.28620341448172404,0.22921414432822887,0.1812292133277702,0.28620341448172404,0.0847527887253845,0.06721358016785683,0.18571109274865294,0.053328821275123506,0.1542526019868269,0.18571109274865294,0.9228731883349024,0.2378019053839115,0.6192095146988067,0.8462145462603688,0.527027027027027,0.5876463759796444,0.010559781014761465,-0.013741643052771368,0.013741643052771368,0.32232582543300636,99818734.60009135,1.0964326461733487,0.031746031746031744,0.0,0.007936507936507936,0.021599862386912378,1.2013572101790764,-0.013741643052771368,0.06513872221656536,0.04961146119564708,0.9604259478430466,0.08269931666163521,0.05806976966594824,0.12567991001449297,0.06786938733602121,0.07386938060254766,0.20123143146429784,0.731740570326103,0.009682805348817736,0.048804239437729935,-0.013741643052771368,0.013741643052771368,0.2227128058361445,0.047619047619047616,0.9682539682539683,109444519.31525336,18.51092831503572,0.031746031746031744,0.0,0.0,0.020348729711538473,0.018661547358196362,0.04996816197734799,0.26959485072492523,0.039697626747731585,0.6666666666666666,0.029537316532101565,-0.05130884319190199,0.0847527887253845,0.10543639993450094,0.039697626747731585,0.004936685954146869,0.1472492024272234,0.0070569344414393624,-0.013741643052771368,0.013741643052771368,0.022112424235348316,96393194.60783459,0.005075983640125736,0.017901267977072755,-0.004741168896803982,-0.06573877318676935,0.03145849076182605,0.10893672691526968,0.2235243905920412,1.0,3.0,1.0,1.0,0.0,63.0,126.0,0.08484971466612555,,,,,,,,0,0,0,0,0,0
latest_month_unlabeled_or_partially_labeled,2026-07-31,AJG,249.4199981689453,-0.3454458357601188,-0.12192144516807757,1.1658567540097131,1.2001861486663785,0.008785748475588218,-0.030042418019362582,0.006598006200564166,0.14886511632717192,0.0933816375002714,-0.16978362685277182,0.3822362340986386,-0.08489396875208788,-0.10233872071470551,0.20585460104530262,0.01888629658333869,-0.18937788752707319,0.18937788752707319,0.03457031172638847,0.7756409535905765,-0.4389242654426738,-0.31972226277358007,0.09997964370083556,0.07523227311031443,-0.04801838998160546,0.13023718815008278,0.09790468562050958,0.1554631225277361,0.08734692414304528,0.006598006200564166,0.1554631225277361,-0.04700347409667793,0.09438237982537823,0.2124526072458668,-0.025629823416906894,0.18099411648404073,0.2124526072458668,0.5975251467525239,0.34935415587960555,1.2153771062328957,1.017747311972519,0.0509172367863413,0.14178580351210224,0.01664894200176236,-0.07247780011060367,0.07247780011060367,0.30338649478262303,456169448.9043705,0.8760025358909623,0.1349206349206349,0.007936507936507936,0.007936507936507936,0.03092710608446601,0.7351139219063215,-0.07247780011060367,0.14384709388549077,0.08272690219748324,1.3387076040867196,0.14531425326311553,0.09039563235851449,0.24434494854684252,0.16108551252355818,0.006144215163459199,0.35555425307289695,1.1941835580752809,0.01795010492126663,0.14071300754969207,-0.07247780011060367,0.07247780011060367,0.30338649478262303,0.031746031746031744,0.8571428571428571,399605594.0362113,19.80598860623277,0.1746031746031746,0.015873015873015872,0.0,0.030099250727031394,0.022111178124513353,0.13438516466124772,0.20364239562495837,0.08646595901655685,0.3333333333333333,0.004372426005399037,-0.08489396875208788,0.14531425326311553,0.1522047322033262,0.08646595901655685,-0.015780195330431512,0.42459704302339096,0.021747718217005364,-0.07247780011060367,0.07247780011060367,0.029767520974455897,386032226.92406064,-0.013300007728933805,0.03608371885167499,-0.03584185124906636,-0.06573877318676935,0.03145849076182605,0.10893672691526968,0.2235243905920412,1.0,3.0,1.0,1.0,0.0,63.0,126.0,0.4675194642914357,,,,,,,,0,0,0,0,0,0
latest_month_unlabeled_or_partially_labeled,2026-07-31,AKAM,115.18000030517578,0.28584533801705936,0.5093697286091006,1.2696373470763624,1.3227471965625561,0.5336884506710871,0.3201146166782325,0.18558927942470516,-0.1827159504265421,-0.014941845542376875,0.060010311265941585,0.058459260986415185,0.012763745180582653,0.07665255250943548,-0.06711970717234839,0.2581382874834557,-0.28521781840980387,0.28521781840980387,0.032340572119855526,1.3778353605476379,-0.4519172476508033,-0.38698611842109953,0.17064743388232828,0.10145321381320695,0.16729341586116941,-0.048144800893659134,-0.1495065472233469,0.0028733289981630605,0.1197033474350655,0.0028733289981630605,0.18558927942470516,-0.10335215737823578,-0.008977544904259838,0.11846957225235677,0.4521265139972863,0.08701108149053072,0.11846957225235677,0.1504281066661851,0.7189529350100757,0.787585215805969,1.0954116867412926,-0.26238494683970326,-0.28129174599355133,0.028833647119250762,-0.28521781840980387,0.28521781840980387,0.29648812531581603,580818587.8687056,1.1418651283339267,0.3333333333333333,0.06349206349206349,0.07936507936507936,0.04860728331254266,0.6608191141871673,-0.018803517380995616,-0.12713620035130502,-0.10437687636906845,0.8751120250039961,-0.20950913206016208,0.2338484577362813,-0.2297712620276232,-0.08053139592552327,-0.30395938760616237,0.7875494472269899,0.7189855881024354,0.03125527256252056,-0.015035557666002841,-0.28521781840980387,0.28521781840980387,0.10888608125088273,0.8571428571428571,0.9841269841269841,663216491.3754296,20.31261202935226,0.38095238095238093,0.07936507936507936,0.07936507936507936,0.05024639122375781,-0.02797860424932075,-0.017548155241797647,-0.04526788703202639,-0.025632339080991273,0.5,0.048948341086608206,-0.20950913206016208,0.4521265139972863,0.04010643410577808,-0.025632339080991273,-0.034409340004149636,0.5662367024742453,0.02486382128548294,-0.11071651864000276,0.11071651864000276,0.07233959946141777,419545778.553445,-0.012229224575818098,0.04858854356319826,0.026596310170885484,-0.06573877318676935,0.03145849076182605,0.10893672691526968,0.2235243905920412,1.0,3.0,1.0,1.0,0.0,63.0,126.0,0.8086342422009335,,,,,,,,0,0,0,0,0,0
latest_month_unlabeled_or_partially_labeled,2026-07-31,ALAB,311.2300109863281,1.0527136018855865,1.2762379924776277,1.1150597442841403,1.1471515714955705,0.6671846110839561,0.870822372231719,1.0663259930673914,0.7733639277296076,0.5527938099333372,0.2929226650263115,0.3052595379481726,-0.21106091034858365,0.9573892661521217,-0.4681437900929073,0.9660182958980249,-0.35565811340052267,0.35565811340052267,0.20091265094342137,1.1468588743302042,0.03212344720496896,0.6495213245956559,1.6191198030007286,0.39839761082755853,-0.07767401510315752,0.20093252929590522,-0.27061774901340707,1.839689920796999,1.508378572288373,1.0663259930673914,1.839689920796999,0.7768248923757639,0.18488384480839493,0.5981822029744841,0.760552513261332,0.566723712212658,0.5981822029744841,0.5158575877222319,1.1038362291845818,1.0822944689256753,1.0505071698603463,-0.12347937889427352,-0.4352210493533907,0.05261616037062785,-0.35565811340052267,0.35565811340052267,2.103919631055951,1345120291.4052389,1.411281278730048,0.5952380952380952,0.23809523809523808,0.19047619047619047,0.0822330982823081,0.9734167676034207,-0.35565811340052267,0.005427240674530376,-0.12380393582087734,1.2722649618777504,0.40883762699375636,0.4987306181967828,-0.09222690551051227,-0.13093325020467617,-0.08125183576854633,1.1595878731100115,1.0302590024869176,0.05737896315566994,-0.2880169851088561,-0.35565811340052267,0.35565811340052267,0.5907488918757413,0.3492063492063492,0.9206349206349206,1898343084.9001203,21.36424728260066,0.6825396825396826,0.25396825396825395,0.2222222222222222,0.0919633997018391,-0.1464127282461306,-0.3501467658160837,-0.29770260674155824,-0.35565811340052267,0.5,0.2169703322964314,-0.35565811340052267,0.7768248923757639,-0.2899193402137533,-0.35565811340052267,-0.0735485622947405,1.194675845446247,0.058364350373831725,-0.28079211995691966,0.28079211995691966,0.24621608128717343,1538678372.1149263,0.043788300847058315,0.10383109328444791,0.10883493344887629,-0.06573877318676935,0.03145849076182605,0.10893672691526968,0.2235243905920412,1.0,4.0,1.0,0.0,1.0,63.0,126.0,0.9549624598165177,,,,,,,,0,0,0,0,0,0
latest_month_unlabeled_or_partially_labeled,2026-07-31,ALB,117.63999938964844,0.5337748819765888,0.75729927256863,1.1515334879328396,1.215031558851589,0.20726174598060543,-0.16408045874194654,-0.3070828202505884,-0.035977937845207975,-0.03118068488500836,0.1556423643176441,-0.5560475405690801,0.047119488084751415,-0.4160195471658581,-0.0933223560008476,-0.5265407332954332,-0.45301780247766354,0.45301780247766354,-0.05894218050219635,1.0350429777375585,0.6473296916617759,-0.012269643872281133,-0.3382635051355968,0.01953484390115937,0.007302430200842203,-0.2788722165726363,-0.35060585591965354,-0.3430607580957964,-0.3294690278273272,-0.3430607580957964,-0.3070828202505884,0.09563861441820332,-0.1707051662447373,-0.400405176251436,-0.1031011716498258,-0.43186366701326206,-0.400405176251436,-0.891377848938198,0.5832080992645433,0.5186599265686251,0.7702191265804486,0.025115181481065285,-0.10690549941527727,0.02810303878691953,-0.45301780247766354,0.45301780247766354,0.039589922079855455,381525912.10038924,0.9256936833556815,0.3492063492063492,0.07142857142857142,0.07936507936507936,0.04673614481766192,1.3191302199755384,-0.06619204132639533,-0.19347767893690782,-0.18076770049448043,0.5857818576861886,-0.23265676542186886,0.12351671914072511,-0.33147997879370006,-0.2050813716686949,0.1226886274831549,0.4491980328301801,0.6733926861454689,0.02303768368763817,-0.2006520236610302,-0.43835282127419484,0.43835282127419484,0.039589922079855455,0.8888888888888888,0.047619047619047616,353176126.8678453,19.682477436266765,0.2857142857142857,0.031746031746031744,0.047619047619047616,0.04270993988017324,-0.08495038138011535,-0.1435211208467948,-0.4257582402901586,-0.12878619230436306,0.5,-0.05241393277871013,-0.23265676542186886,0.09563861441820332,-0.0630474191175937,-0.12878619230436306,-0.032104138253200354,0.3024866699387755,0.015587396019133667,-0.1321923760082665,0.1321923760082665,0.039589922079855455,258758705.47231042,0.010088861336204902,0.042186819180439525,0.016556624652079188,-0.06573877318676935,0.03145849076182605,0.10893672691526968,0.2235243905920412,1.0,3.0,1.0,1.0,0.0,63.0,126.0,0.7040035742384272,,,,,,,,0,0,0,0,0,0
latest_month_unlabeled_or_partially_labeled,2026-07-31,ALGN,169.16000366210938,0.08769187841683768,0.3112162690088789,1.0964081184996854,1.1382834306717464,0.2268639227702558,0.08331738888347084,0.0376004718684384,-0.05084196466815527,-0.14775303246332716,0.07961722274874594,-0.11853541522934696,0.16604310572844305,-0.07133625504683128,-0.07651866434903942,0.08217065194979378,-0.14353699373803275,0.14353699373803275,-0.011468632127463407,1.1131373353879694,-0.16800331142960623,-0.20038311869861147,-0.11015256059488876,0.0750639938481686,-0.09821153513045089,-0.02892555164160937,0.006779791497679488,-0.01324149279971687,-0.02859786050872241,-0.11015256059488876,0.0376004718684384,0.02671645585213711,0.0081322738228502,-0.03891819248060102,-0.006022371408872407,-0.07037668324242707,-0.03891819248060102,-0.08658401979202143,0.45759003946338733,0.8383190212276362,0.9822869051481251,0.17149934431006852,0.17497230564907396,0.022784696626215645,-0.14353699373803275,0.14353699373803275,0.09022943844785991,205184466.70900375,0.8538348694091045,0.2777777777777778,0.047619047619047616,0.023809523809523808,0.03918956907611166,1.149912993730781,0.03763379318903315,0.030242015782907306,-0.026428455793059746,1.031525770412587,-0.03595309171679306,0.08803772847317567,-0.03309513224996363,0.015532533670885584,0.16648531011969525,0.44948470369109916,0.8534360142989191,0.0231211732348581,-0.01140004920437021,-0.10207545936536433,0.10207545936536433,0.09022943844785991,0.30158730158730157,0.7936507936507936,175193652.33725896,18.98140251056646,0.2698412698412698,0.047619047619047616,0.015873015873015872,0.03960961341976139,-0.039851045687067765,-0.013010963512593676,0.007728087242419981,0.0029645439887555636,0.5,0.009256184552203228,-0.09821153513045089,0.16604310572844305,0.06870331717552491,0.0029645439887555636,-0.04103219646166123,0.3836064340064623,0.019967250639289915,-0.10207545936536433,0.10207545936536433,0.012812832803892338,172447467.91025797,-0.020254029928849837,0.04432828766190362,-0.023663857285815326,-0.06573877318676935,0.03145849076182605,0.10893672691526968,0.2235243905920412,1.0,3.0,1.0,1.0,0.0,63.0,126.0,0.5357697962612896,,,,,,,,0,0,0,0,0,0
latest_month_unlabeled_or_partially_labeled,2026-07-31,ALL,264.0799865722656,0.10191348438747228,0.3254378749795135,0.9394516152170805,0.9682985495388778,0.39971346982957323,0.2818374294912407,0.34084352048215605,-0.06047711443987991,-0.09706932799321932,0.09733820796929993,0.12456722715036062,0.07804417279230758,0.23190679356688637,-0.1189380853624955,1.2888117841697821,-0.037574355937775694,0.037574355937775694,0.04714004063901722,1.3271198288461947,-0.4142806012884753,-0.28430628325936846,0.24377419248893673,0.049021977895570334,-0.028579485825818596,0.18415051829168494,-0.0331294891344156,0.28036640604227614,0.28832803967112297,0.24377419248893673,0.34084352048215605,0.04784410416906826,0.07583326039601723,0.22190543511966054,-0.05141305937924845,0.1904469443578345,0.22190543511966054,0.767186355863284,0.26446337988887825,1.2643063275060922,1.0937083431532488,-0.37439671238113437,-0.30566821005795886,0.013087999203747891,-0.037574355937775694,0.037574355937775694,0.34084352048215605,360137217.5305927,1.129246832098372,0.0873015873015873,0.0,0.0,0.022870961650640582,0.6406498495265591,-0.02332295825851749,0.1241835187537077,0.12337730806535618,1.3282544141978292,0.160626353918917,0.08127373316604392,0.2881322552469996,0.13127696613713868,-0.3731085998850795,0.28924580504297326,1.155981240721814,0.014178779710213132,0.12271258991874312,-0.037574355937775694,0.037574355937775694,0.2881322552469996,0.031746031746031744,0.6825396825396826,406683812.0171441,19.823546569291537,0.12698412698412698,0.0,0.0,0.022993443126399612,0.06320668633203663,0.12054622233151657,0.32856401918698785,0.10985956065666791,0.6666666666666666,0.05273027438864895,-0.05141305937924845,0.160626353918917,0.17559833384343726,0.10985956065666791,0.03588808440138003,0.33436272458715616,0.016713580944869442,-0.037574355937775694,0.037574355937775694,0.10272252916153568,410135131.3023885,0.012060509183085433,0.026950729419119468,-0.0128146265338559,-0.06573877318676935,0.03145849076182605,0.10893672691526968,0.2235243905920412,1.0,3.0,1.0,1.0,0.0,63.0,126.0,0.311171809084404,,,,,,,,0,0,0,0,0,0
latest_month_unlabeled_or_partially_labeled,2026-07-31,ALLE,157.39999389648438,-0.2673580782458833,-0.0438336876538421,1.0896501460250432,1.1206913548779054,-0.042968494137682556,-0.0035981243774519944,-0.04076970037089234,0.1285861142685062,0.025238361450352742,-0.16560618832700458,0.31521957976121207,-0.025636531103670812,-0.149706427286162,0.19038309180509982,-0.1224972485421766,-0.11749962250172064,0.11749962250172064,-0.027510416598418685,1.2943958642688225,-0.25218226956034273,-0.14029872273463373,-0.015531338920539595,0.06813237322048667,-0.09500477424114384,0.13416896322372773,0.20859540155772882,0.08781641389761385,0.010505124868727308,-0.04076970037089234,0.08781641389761385,-0.05375457349143986,0.02754407393847802,0.1496133914342075,-0.053898628091252565,0.11815490067238144,0.1496133914342075,0.4425864457940169,0.33282135603931595,1.2883328138891437,1.0156899900346898,-0.15508505247918924,-0.05338741274876657,0.013931524659164246,-0.11749962250172064,0.11749962250172064,0.25784989682399573,156779704.81148976,1.0687739156749951,0.10317460317460317,0.007936507936507936,0.015873015873015872,0.025121534404835024,0.8725064237327728,0.025644341629031064,0.0735911226771937,0.14682039063069907,1.3916779621052424,0.08456318933317375,0.08605261497670047,0.2151059342772932,0.08343725573145089,-0.20649218218898713,0.3380433197989048,1.268431141912841,0.01430038010973709,0.11917562605886434,-0.023754896313009755,0.023754896313009755,0.25784989682399573,0.047619047619047616,0.8253968253968254,167562059.00974578,18.936864348129305,0.1111111111111111,0.015873015873015872,0.0,0.0261733602510464,0.11059101941966643,0.13708773096388427,0.28071047953925565,0.12036435149931801,0.3333333333333333,-0.0038944943491692197,-0.09500477424114384,0.12036435149931801,0.18610312468608736,0.12036435149931801,0.09034100750963558,0.42878467414853244,0.015760156301565163,-0.023754896313009755,0.023754896313009755,0.1660122045439516,209640904.3548584,0.03852570142119549,0.033694857333640485,-0.006689408547525866,-0.06573877318676935,0.03145849076182605,0.10893672691526968,0.2235243905920412,1.0,3.0,1.0,1.0,0.0,63.0,126.0,0.30071609368491875,,,,,,,,0,0,0,0,0,0
latest_month_unlabeled_or_partially_labeled,2026-07-31,AMAT,507.6700134277344,1.6166076955437716,1.8401320861358128,0.9292373211670402,0.9483994169778651,1.1876132660751528,0.9803691996634332,0.5789745895981673,-0.09180081704638798,-0.2136747249107671,0.22543435886649466,0.06306761447354714,0.15650387906519736,0.4700378626828976,-0.2904726162581255,0.8117894928730748,-0.297828473820561,0.297828473820561,0.09660452385988316,1.315111290991734,0.05024113475177305,0.3532377746105444,0.36529986468740017,0.10718949536079517,-0.08195001156809056,0.09525050438146154,-0.24375691673254063,0.4871737725517793,0.4771494089457822,0.36529986468740017,0.5789745895981673,0.15418819941481532,0.1189589484747473,0.2885019733400418,0.14228372690405178,0.25704348257821574,0.2885019733400418,0.3380908100949824,0.713207789311325,1.2546987595874817,1.196463197011656,-0.5502029013680655,-0.6841652847825309,0.03391361269932257,-0.297828473820561,0.297828473820561,0.7101312698811013,3863473076.340521,1.3450178617085364,0.4523809523809524,0.10317460317460317,0.12698412698412698,0.04812379179554118,0.7815943926022886,-0.297828473820561,0.07984796487080126,-0.06605238378584033,1.4596222251194169,0.6064524817180001,0.30157156096388776,0.12800519082267536,-0.058046467598523166,-0.31468397702099826,0.8533268717330434,1.0486730914258606,0.0416440966058701,-0.18877661544418534,-0.297828473820561,0.297828473820561,0.3064180958905154,0.3492063492063492,0.9841269841269841,5196440295.908029,22.371239669829862,0.5396825396825397,0.14285714285714285,0.15873015873015872,0.05596860177287219,-0.12122662144606389,-0.27476741914305836,-0.33282096056439603,-0.297828473820561,0.6666666666666666,0.1132749669522355,-0.297828473820561,0.6064524817180001,-0.23208970063379164,-0.297828473820561,-0.07126624644240565,0.8948609285770495,0.04560660864200004,-0.15814866024568108,0.15814866024568108,0.16318020215089302,4814851795.942325,-0.020407269395636862,0.08283078776301904,0.04063152684587634,-0.06573877318676935,0.03145849076182605,0.10893672691526968,0.2235243905920412,2.0,7.0,2.0,1.0,1.0,63.0,126.0,0.9351060345533448,,,,,,,,0,0,0,0,0,0
latest_month_unlabeled_or_partially_labeled,2026-07-31,AMCR,44.880001068115234,-0.23472432591043968,-0.011199935318398468,0.9623633590363889,0.9732578448701125,0.17028876881087585,0.10854682750818956,0.04466449198105038,0.10320007919212171,-0.10252910887263589,-0.12905741257045478,0.3285216563206873,0.10882630109311742,-0.0642722349342193,0.15479975176918215,0.1188965068982167,-0.08607352786270106,0.08607352786270106,-0.015298108481123673,1.1949044242589326,0.526358546880243,0.8308125001254145,-0.05786461689158551,0.10286477639216564,-0.17922775319608708,0.11318101293672767,0.19928814566202757,0.1478645711731721,0.04488814875421232,-0.05786461689158551,0.1478645711731721,-0.04301893353296593,0.06347043741755076,0.19946424375023253,0.03750446675940866,0.16800575298840648,0.19946424375023253,0.5695462621108426,0.3756585718644043,0.9939331261774598,0.9322722251975328,1.212106475556693,1.2901809568698464,0.017824351647781036,-0.08607352786270106,0.08607352786270106,0.24359828249529691,203088445.43396783,0.7723320165376366,0.16666666666666666,0.023809523809523808,0.015873015873015872,0.026080231450000345,1.3672093544432287,-0.038766279970681716,0.09317572907798088,0.07844280643067436,1.0531667220779177,0.11669239605637705,0.1105633772056783,0.15610513706673168,0.0826714069428176,0.36030534351145027,0.35021605270655554,1.0661404462273474,0.01739212168041853,0.05793242300365242,-0.038766279970681716,0.038766279970681716,0.24359828249529691,0.047619047619047616,0.8253968253968254,156851708.59751016,18.87081139211128,0.15873015873015872,0.015873015873015872,0.015873015873015872,0.026305910239741753,0.03262622629208045,0.05550925493615955,0.0945262898735614,0.03529417872776919,0.6666666666666666,0.012678442651269883,-0.17922775319608708,0.11669239605637705,0.10103295191453854,0.03529417872776919,0.020997813875690774,0.3733794987085473,0.018746933435176465,-0.038766279970681716,0.038766279970681716,0.06984505963976706,161519856.3762483,0.008879416369586668,0.028329505663889094,-0.014925362886887839,-0.06573877318676935,0.03145849076182605,0.10893672691526968,0.2235243905920412,1.0,3.0,1.0,1.0,0.0,63.0,126.0,0.4200251691889256,,,,,,,,0,0,0,0,0,0
latest_month_unlabeled_or_partially_labeled,2026-07-31,AMD,476.1499938964844,1.4771165287536907,1.700640919345732,1.0468462476613454,1.0704897309304324,0.8590895009139068,1.2233376249270584,1.0113631668565666,0.32924545055292986,0.366889557428991,0.49744433165271595,-0.1542470425510618,-0.15426853239039462,0.9024264399412969,-0.6681658777549124,1.2646849045649484,-0.18033771856415082,0.18033771856415082,0.19525196592956529,0.952667649352408,-0.37040695424228254,-0.15433232770098015,1.3782527242855576,0.20183639944384785,0.016083042075494047,0.19004950431327505,-0.18033771856415082,1.3406086174094964,1.2434081695172068,1.0113631668565666,1.3782527242855576,0.7425650248110034,0.12396673375570022,0.34319728910165415,0.4558943547170746,0.3117387983398281,0.34319728910165415,0.39044597762956806,0.7996957686503544,1.072992238466784,1.0991528682665925,-0.23117850877828838,-0.3698260224883002,0.03836269813396699,-0.18033771856415082,0.18033771856415082,1.4935847159272115,12528752776.990412,1.2768963656079075,0.5396825396825397,0.16666666666666666,0.1111111111111111,0.05237099520089984,0.7665152519638301,-0.18033771856415082,0.03009385440321677,-0.07039646963786206,1.5431770190610319,0.12557643988456646,0.36416528932095577,-0.07740744735377525,-0.005812913536619169,-0.1335483491490863,0.8789878978526944,0.9761992798680817,0.04362473121668254,-0.06606177500810573,-0.18033771856415082,0.18033771856415082,0.3941265502833693,0.3492063492063492,0.9682539682539683,15997918886.539036,23.49572448119761,0.6031746031746031,0.19047619047619047,0.1746031746031746,0.059733326878262154,-0.08801113534210259,-0.13801128375943095,-0.2101673230608165,-0.18033771856415082,0.6666666666666666,0.16758543508893217,-0.18033771856415082,0.7425650248110034,-0.11459894537738147,-0.18033771856415082,-0.07554281582416589,0.8580673528965592,0.044002600259716154,-0.14651637169642262,0.14651637169642262,0.10845981144120742,14288745118.919882,-0.04820256984793114,0.08793598520733617,0.017123283429428593,-0.06573877318676935,0.03145849076182605,0.10893672691526968,0.2235243905920412,2.0,8.0,2.0,1.0,1.0,63.0,126.0,0.9649487894225326,,,,,,,,0,0,0,0,0,0
latest_month_unlabeled_or_partially_labeled,2026-07-31,AME,241.7100067138672,0.09230774429932076,0.31583213489136197,0.987224228461927,1.0013499069129015,0.2014970865375303,0.18092992142320763,0.08249279309968971,0.04678692541423901,-0.06896244696253295,0.053102512070724917,-0.025194230880535295,0.06804181761835526,-0.026443933815579967,-0.05458451190950009,0.33293732319056163,-0.005799557550339229,0.005799557550339229,0.0042314556753264565,0.892885215950373,-0.6873271272640752,-0.6786009648112166,0.013530346137156757,0.05822764619204288,-0.10249840715203151,0.0555594479794157,0.017335175883034903,0.12927971851392872,0.07510095258359173,0.013530346137156757,0.12927971851392872,0.0986191464537709,0.00994256067284316,0.02790828119018962,-0.04097660425538918,-0.0035502095716364312,0.02790828119018962,0.11909566842428271,0.24777274085451131,0.7678423623128888,0.9457657857414109,0.0026704816404388154,0.001717311744680483,0.012027194555646915,-0.005799557550339229,0.005799557550339229,0.1617430589867046,292872061.492932,0.9452724971757259,0.047619047619047616,0.007936507936507936,0.0,0.02199720954606417,0.6090726507280522,-0.005799557550339229,0.03139064862636509,0.03765777198305553,0.9865520406969166,0.07284804239053555,0.0778991191969743,0.07182815951230737,0.01865484157612385,-0.24958956910704522,0.23433498093956986,0.8118736941947597,0.011692082453527722,0.00830749361143912,-0.005799557550339229,0.005799557550339229,0.09396422509906022,0.06349206349206349,0.7936507936507936,276843904.9204266,19.43896438878374,0.031746031746031744,0.0,0.0,0.020384710518507262,0.019295699780160547,0.005237336811154902,-0.004996737032884759,-0.0009506312524517613,0.5,0.015847227300464877,-0.10249840715203151,0.0986191464537709,0.06478814193431759,-0.0009506312524517613,0.02079517645284268,0.19025040665446719,0.009473140010374307,-0.005799557550339229,0.005799557550339229,0.04482584308867321,242080860.67206973,0.009358238467610747,0.021983244993872008,0.005850959301505254,-0.06573877318676935,0.03145849076182605,0.10893672691526968,0.2235243905920412,1.0,3.0,1.0,1.0,0.0,63.0,126.0,0.2509245315932061,,,,,,,,0,0,0,0,0,0
latest_month_unlabeled_or_partially_labeled,2026-07-31,AMGN,385.1600036621094,0.12089132347697529,0.3444157140690165,0.9845522181750384,0.9985549838952039,0.31871653753349705,0.1938452978563341,0.1429668125548349,-0.040029473515543756,-0.14320247668963715,0.019799953777527968,0.10097555549865311,0.14323623233240212,0.03403008563956522,-0.022191303278653818,0.5184696413347466,-0.020198428690218373,0.020198428690218373,-0.0011140248728712665,0.9339207623523268,-0.4562155541947336,-0.3905397108161366,-0.00023566413480224924,0.07388501952802427,-0.0935438483422475,0.10138950650378686,0.0877725007326906,0.10293733903929114,0.0818894958197746,-0.00023566413480224924,0.1429668125548349,-0.015915917228071952,0.046581829526861185,0.12077550927618108,-0.01997614041668483,0.08931701851435503,0.12077550927618108,0.45131218987715727,0.2757477027715289,1.0157558896275023,0.9704874206614995,-0.13053540433486133,-0.07521542205343823,0.012480299812237784,-0.020198428690218373,0.020198428690218373,0.19829711835366415,960839927.2325546,0.9885261355731325,0.07142857142857142,0.007936507936507936,0.0,0.023159920622245044,0.6535600780596599,-0.020198428690218373,0.061671149984467544,0.08270328713794584,1.2209298662359065,0.07521002977998692,0.08454729141168547,0.1436206356779013,0.061345751362120504,-0.18080035782676152,0.2676096768160749,1.0466450857602534,0.012288652230576695,0.07284292102529766,-0.020198428690218373,0.020198428690218373,0.19829711835366415,0.047619047619047616,0.9682539682539683,949815380.171567,20.671778188064373,0.09523809523809523,0.0,0.0,0.02323322664111658,0.05376146629051526,0.07500770865726136,0.2271584401199729,0.06362534202914083,0.5,0.025439283025754267,-0.0935438483422475,0.14323623233240212,0.12936411521591018,0.06362534202914083,0.03883493815077266,0.2800923531414344,0.01240730289454002,-0.020198428690218373,0.020198428690218373,0.08419423972444573,877244885.1453508,0.020615821396559708,0.026410192027952323,-0.002072769414638076,-0.06573877318676935,0.03145849076182605,0.10893672691526968,0.2235243905920412,1.0,3.0,1.0,1.0,0.0,63.0,126.0,0.4543508520856251,,,,,,,,0,0,0,0,0,0
latest_month_unlabeled_or_partially_labeled,2026-07-31,AMP,545.8400268554688,-0.15609926649984196,0.06742512409219925,0.8555955005202708,0.8901632075984663,0.21775832508721238,0.12055415728856023,0.04222864542859717,0.19052002075423546,0.12307697349223701,-0.09673328211757282,0.2505770192940573,-0.10561776369551545,-0.06670808148667251,0.11161509174788731,0.15149487123440045,-0.0014268930311477357,0.0014268930311477357,0.02048305990148913,1.279415226969517,-0.3225260783760925,-0.21830095843386177,0.16530561892083417,0.09660433421624802,-0.054709487109674715,0.16410585361357533,0.1256249534645707,0.23274866618283263,0.14676097684408798,0.04222864542859717,0.23274866618283263,0.06838441503303772,0.04952568486576525,0.15384373717648447,-0.05781976964910118,0.12238524641465842,0.15384373717648447,0.6187727079062444,0.2787463699893767,0.8943341615078177,0.8919478247912311,-0.39172256676370076,-0.2762617415957783,0.013437056673750024,-0.0014268930311477357,0.0014268930311477357,0.272847307164489,331429238.13273114,0.9603244591030722,0.0873015873015873,0.0,0.007936507936507936,0.026588436328277194,0.5831226871044064,0.035036819713070155,0.10676874666557779,0.12872246679966803,1.072143174226717,0.02927916932699537,0.10793890051418444,0.22465288488037505,0.143283543424491,-0.4946372239747634,0.24862721838047624,1.0026754218691494,0.012039594267444246,0.15476540234860892,-0.0014268930311477357,0.0014268930311477357,0.2409685558285728,0.047619047619047616,0.6984126984126984,318279603.8407583,19.578440814926896,0.07936507936507936,0.0,0.0,0.02453500588565198,0.08229582534883129,0.18499736462528804,0.7614193541386924,0.18981605902034016,0.5,0.011555437154346981,-0.10561776369551545,0.18981605902034016,0.2555548322071095,0.18981605902034016,0.04131478033235281,0.24929240107779713,0.013372695852600914,-0.0014268930311477357,0.0014268930311477357,0.11587215383314842,323866540.3750465,0.02109387343653113,0.023826972861155076,0.005148791764810534,-0.06573877318676935,0.03145849076182605,0.10893672691526968,0.2235243905920412,1.0,3.0,1.0,1.0,0.0,63.0,126.0,0.27713324006137435,,,,,,,,0,0,0,0,0,0
latest_month_unlabeled_or_partially_labeled,2026-07-31,AMT,173.36000061035156,-0.3594865373578163,-0.13596214676577512,1.0144175282377503,1.0331804993244045,-0.002774089816786285,0.006797931589831885,-0.014036628793065997,0.038277575096085314,-0.0646483144443879,0.0293148542236934,-0.07143168838660363,0.07016960590176269,-0.12297335570833567,-0.028080205369844236,-0.046384260333333364,-0.15458328890326856,0.15458328890326856,-0.017000457877966113,1.3551130656611006,0.4307810005321979,0.3705210344093406,-0.0786849432374539,0.052022937334465905,-0.1004899188144962,-0.011772662070353879,-0.054116490408000706,0.024240946303019317,-0.022826875242500193,-0.0786849432374539,0.024240946303019317,0.06927544280198283,-0.018439482518524453,-0.04211683416291023,0.023260954957493363,-0.07357532492473629,-0.04211683416291023,-0.13367750003077006,0.30261620412169815,0.9313276999303609,1.0411306317695723,-0.19881167464471305,-0.1508589450797564,0.014500866643596753,-0.0984193383072155,0.0984193383072155,0.06939732254421838,573307637.6459152,1.0039477355490913,0.12698412698412698,0.007936507936507936,0.0,0.025981595721251145,0.9778432813766869,0.05091410125636853,-0.06627542765958283,-0.01393337606601941,1.0315325268991773,-0.11675556190541148,0.08668515048227238,-0.06389160927489845,-0.06703476453341595,-0.0780656131226245,0.31506299978093344,0.8945349137863869,0.014395339663979672,-0.02132321476164256,-0.0984193383072155,0.0984193383072155,0.06939732254421838,0.6031746031746031,0.30158730158730157,575570904.5876155,20.17087298546582,0.12698412698412698,0.015873015873015872,0.0,0.02551591819169975,0.02376743991409125,0.026927598483229787,0.21236552780158216,0.05985200738377228,0.6666666666666666,0.0008854217208505802,-0.11675556190541148,0.07016960590176269,0.12559078057054163,0.05985200738377228,0.030346983145202122,0.28183485334631775,0.012836279584226437,-0.03291305409617973,0.03291305409617973,0.06939732254421838,543523780.845424,0.023890389128456757,0.027683928655831483,0.001710344976438849,-0.06573877318676935,0.03145849076182605,0.10893672691526968,0.2235243905920412,1.0,3.0,1.0,1.0,0.0,63.0,126.0,0.4742224073421407,,,,,,,,0,0,0,0,0,0
latest_month_unlabeled_or_partially_labeled,2026-07-31,AMZN,271.5799865722656,-0.06347148441876582,0.1600529061732754,1.305440819443702,1.325217673445604,0.11203007622146854,0.1765877218381413,0.1348933686119762,0.16908695021003695,0.15834466268452685,0.1076472803105828,-0.08304911735228648,-0.12244046250772744,0.02595664169670653,-0.1102952056536799,0.3526399129193212,-0.012400464683107293,0.012400464683107293,0.031828716708930616,1.250977939840115,0.27636967206701857,0.30776602125555064,0.29323803129650305,0.09467384861837405,-0.00823807489304329,0.1192551487047313,-0.012400464683107293,0.30398031882201315,0.2440372395768308,0.1348933686119762,0.30398031882201315,0.27267485533749514,-0.0349528257989834,0.02459816295829631,0.021051901989134647,-0.006860327803529742,0.02459816295829631,0.057069631105320075,0.38252439292893603,1.5785284191147226,1.1267782996118523,0.9460155250851978,1.2174157854010135,0.016833031528427116,-0.012400464683107293,0.012400464683107293,0.36616527865847304,12056712684.78614,1.0221967753314225,0.15873015873015872,0.015873015873015872,0.007936507936507936,0.026719660172416487,1.656831081124512,0.1208770915844769,-0.030208975493644874,0.10116809581770903,1.2645398952601288,-0.11934679486514477,0.15359472007669422,0.0034731446680165146,0.013484280711138608,0.5474471222192339,0.4310201850245226,1.4009219201847314,0.017383087826346323,0.017435911377569502,-0.012400464683107293,0.012400464683107293,0.19823513737353848,0.9365079365079365,0.031746031746031744,12324332827.485851,23.234841423846984,0.1746031746031746,0.015873015873015872,0.0,0.02703673980147586,0.12451290658332148,0.013645447830551882,0.2309683221430993,0.13946459152936796,0.5,0.030527669431680376,-0.12244046250772744,0.27267485533749514,0.20520336471613732,0.13946459152936796,0.11368086024660107,0.6038256252429324,0.01988760906249389,0.0,-0.0,0.19823513737353848,11219574272.28975,0.12963465788686612,0.03408362525716991,0.13538684178402005,-0.06573877318676935,0.03145849076182605,0.10893672691526968,0.2235243905920412,2.0,8.0,2.0,1.0,1.0,63.0,126.0,0.7159934709628728,,,,,,,,0,0,0,0,0,0
latest_month_unlabeled_or_partially_labeled,2026-07-31,ANET,180.3500061035156,0.24011791030751128,0.4636423008995525,0.9020799738258841,0.9460142937538921,0.1436996848961889,0.3764024100106411,0.2724001630733226,0.1964873421929354,0.07853621223391039,0.21849865966173376,-0.17426266236769283,-0.05813464917328137,0.16346343615805292,-0.22816416577928167,0.44815927609824485,-0.0353551581781224,0.0353551581781224,0.053955067766149334,1.4965731991621793,0.37875506781510015,0.43974567326411385,0.350936375307233,0.0989003550151231,-0.0802996346120084,0.1523093200401271,-0.007110128445676267,0.468887505266258,0.36407468121560455,0.2724001630733226,0.468887505266258,0.406662391521293,0.04078629269646994,0.04423599729404093,-0.07666032643435128,0.012777506532214877,0.04423599729404093,0.06775982733492622,0.6078199818709262,1.1515852263505073,1.0740600394669753,-0.17641852593903795,-0.12565976215918628,0.030145284732917468,-0.0353551581781224,0.0353551581781224,0.5530010365018545,1308587264.2859685,1.182187447134004,0.4523809523809524,0.09523809523809523,0.05555555555555555,0.04570969259076643,0.8888892776727089,0.008812911553678138,0.06424284040674011,0.08265132116721263,1.2780774758550566,0.06527875827693852,0.18559839819928536,0.1309337475574166,0.06608618817677225,-0.25580039606744864,0.6528351537171032,1.0721795654198303,0.030936133060910826,0.03770033014797414,-0.0353551581781224,0.0353551581781224,0.3219234463503049,0.23809523809523808,0.8888888888888888,1546995437.3182993,21.159580459805326,0.4444444444444444,0.1111111111111111,0.07936507936507936,0.049934305241459614,0.05339091021003317,0.03176106765170661,0.08805082096095378,0.06163174546601624,0.5,0.05307971417410112,-0.0802996346120084,0.406662391521293,0.1273705186527856,0.06163174546601624,0.03516759656575941,0.6999565114031918,0.0329583197249774,-0.0353551581781224,0.0353551581781224,0.14167249927120595,1311467118.5870216,0.04902835487533008,0.057793968487159966,0.06111956427531129,-0.06573877318676935,0.03145849076182605,0.10893672691526968,0.2235243905920412,2.0,7.0,2.0,1.0,1.0,63.0,126.0,0.8910037059583694,,,,,,,,0,0,0,0,0,0
latest_month_unlabeled_or_partially_labeled,2026-07-31,AON,360.5499877929688,-0.20511088797168142,0.01841350262035979,1.0561338672991312,1.0539725412665784,0.06111641517042821,0.024430777469515608,0.03392384556420991,0.0860375612993245,0.043672175799997826,-0.10865461803633014,0.2686133349216233,-0.04052741002579996,-0.07501288135105977,0.12603487132108326,0.11066242621410863,-0.05431994293182607,0.05431994293182607,0.02334244472653424,1.2151244641529528,-0.49682551824370835,-0.4163383737725498,0.07759602136420773,0.04302043464437858,-0.037827540520321445,0.09053879238422469,0.0557853763088495,0.1199614068635344,0.07716042459731735,0.03392384556420991,0.1199614068635344,-0.034481666838246716,0.05767476785939163,0.15995871688529317,0.016825853943309266,0.12850022612346712,0.15995871688529317,0.5747265401169893,0.30655251944842027,1.065830919129669,0.9079078460144613,-0.17195367573011078,-0.09990626817200765,0.014676002860821515,-0.05431994293182607,0.05431994293182607,0.16959159387058698,513018609.6631247,1.0419322908547928,0.10317460317460317,0.0,0.007936507936507936,0.025451721341280802,0.6624426186859574,-0.040524015372264244,0.08038807794507252,0.05856933725558755,1.2096362017643885,0.04945265140652588,0.05345819368949807,0.14076438200986563,0.10779695965110747,-0.3149462794855328,0.2783214376227215,1.1739417428855357,0.014105297222927207,0.12084606670499065,-0.05431994293182607,0.05431994293182607,0.16959159387058698,0.047619047619047616,0.9365079365079365,534530655.2174402,20.096899641728402,0.07936507936507936,0.0,0.0,0.02516532212256992,0.02709284036764581,0.12458572424369718,0.2662996037930208,0.08700890934046379,0.5,0.00674179955098847,-0.04052741002579996,0.08700890934046379,0.15274768252723314,0.08700890934046379,-0.005196855127569511,0.32673315356522553,0.016503138882963626,-0.05431994293182607,0.05431994293182607,0.023330404830635088,496501362.0861235,-0.010755380181099117,0.02919549937138999,-0.026965948483734126,-0.06573877318676935,0.03145849076182605,0.10893672691526968,0.2235243905920412,1.0,3.0,1.0,1.0,0.0,63.0,126.0,0.40657745310592064,,,,,,,,0,0,0,0,0,0
latest_month_unlabeled_or_partially_labeled,2026-07-31,AOS,60.130001068115234,-0.3551723354537051,-0.13164794486166387,1.03084298869762,1.0401101608412693,-0.0735132688101966,-0.08584239648921965,-0.1721587991902841,0.09478613609018227,-0.0478661299758506,-0.15374088166265698,0.13197695956298972,0.061368794677857164,-0.2810955261055538,0.15039487709061683,-0.5979368806592043,-0.24396608180391577,0.24396608180391577,-0.052228256256766525,1.1924424850166968,-0.35514592933947775,-0.36918048309898666,-0.2200249291661347,0.07260078857187183,-0.15461526052908414,-0.013361431875223984,0.1722186573839698,-0.07737266310010182,-0.15651879715217354,-0.2200249291661347,-0.07737266310010182,-0.056845931423621265,0.0008513816613209269,-0.021763922099667266,-0.08279426887294494,-0.05322241286149332,-0.021763922099667266,-0.07059895780474293,0.2879213588572846,1.094508894531414,1.0706930644067982,1.023132530120482,0.9513331340629141,0.014539945376433846,-0.24396608180391577,0.24396608180391577,0.08451272668753163,104339448.24597798,1.015905687145351,0.10317460317460317,0.0,0.007936507936507936,0.026368030567832886,1.323703631408644,0.007409884366662123,0.034564299456086855,0.0182740931843981,1.1412410331037803,0.10578279963235104,0.09570972653655643,0.06653943025223374,0.020526554635898808,0.43743681721832717,0.30827540202307546,1.0222433775993596,0.015533152423710957,0.007068988976530299,-0.054927084553067496,0.054927084553067496,0.08451272668753163,0.047619047619047616,0.6666666666666666,105999038.86669704,18.47894059417397,0.14285714285714285,0.0,0.0,0.026844919958661343,-0.00035834607512130745,-0.0019260062696795366,-0.11261682507982843,-0.03548922030001267,0.3333333333333333,-0.027098847802575803,-0.15461526052908414,0.10578279963235104,0.03024955288675668,-0.03548922030001267,0.0008671595779254915,0.3151324881948691,0.01614031278647195,-0.054927084553067496,0.054927084553067496,0.029511916569578744,110353265.37353879,-0.0018363612780504246,0.033308727268759795,-0.020478132516191794,-0.06573877318676935,0.03145849076182605,0.10893672691526968,0.2235243905920412,1.0,3.0,1.0,1.0,0.0,63.0,126.0,0.18334241132933904,,,,,,,,0,0,0,0,0,0
latest_month_unlabeled_or_partially_labeled,2026-07-31,APA,37.31999969482422,0.7786328492951418,1.002157239887183,0.8987464378660373,0.9210508371979353,0.6862695450576,0.5614883437197515,0.43257200354569547,-0.5410962949756056,-0.18679569833450316,0.552541536980101,-0.6298145313424689,0.14994321015187095,0.3236352766304258,-0.5098449979080634,0.9242684865372394,-0.14768576001628098,0.14768576001628098,0.03426916467656538,0.955759249958145,0.10788046130890128,0.022271220668000913,0.24577630521119231,0.2748353283128049,0.39743157691800035,0.016020932917472752,-0.0292910427424653,-0.10852429142991016,0.18994133910899255,-0.10852429142991016,0.43257200354569547,-0.03386841056629386,-0.04136129649733855,-0.0772729943623679,-0.10557320390726677,-0.10873148512419395,-0.0772729943623679,-0.17139569403223032,0.46801552778924793,0.8661771753524847,0.963313335454039,0.23941091124666536,0.43016178472564115,0.023599514110525167,-0.14768576001628098,0.14768576001628098,0.4613452536744569,253877782.45106047,0.8320168463999185,0.3333333333333333,0.015873015873015872,0.05555555555555555,0.037027156503543414,0.948732952781294,0.13224227566965752,-0.04364252474448993,0.05875475409635156,0.7783284038602677,-0.10595665306114699,0.19647039467471406,0.03164061012989228,0.0026720471850822936,0.15969637252755264,0.4508455991189429,0.8991645225633973,0.022173718330345156,0.08682402354541874,-0.10560046603202833,0.10560046603202833,0.179249116923494,0.9682539682539683,0.3333333333333333,211230591.9259359,19.16846095217523,0.31746031746031744,0.031746031746031744,0.06349206349206349,0.03256082013617327,0.0908256587066858,0.1065558510792648,0.37965071524786603,0.15390446521655088,0.5,0.07598016412528576,-0.10595665306114699,0.39743157691800035,0.21964323840332023,0.15390446521655088,0.06976752425234478,0.4053843678815931,0.020510806264703807,0.0,-0.0,0.16139279087991243,183790094.56765312,0.03988305945420212,0.03256928105341657,0.03655146120150787,-0.06573877318676935,0.03145849076182605,0.10893672691526968,0.2235243905920412,1.0,3.0,1.0,1.0,0.0,63.0,126.0,0.5269644961356218,,,,,,,,0,0,0,0,0,0
latest_month_unlabeled_or_partially_labeled,2026-07-31,APD,294.8900146484375,-0.17187503600491127,0.051649354587129936,1.0124125229337324,1.0271051381833043,0.23979443927273025,0.21756021393775726,0.09571486564023024,-0.06785738649903506,-0.012600022550244061,0.10800466273418552,-0.11909649069060257,0.0116331362557065,-0.013221861275039437,-0.1068066935966473,0.3641939056724797,-0.06142775913618714,0.06142775913618714,0.015749627706055813,1.341305784016162,-0.364874831879908,-0.37191953097548647,0.08311484308998618,0.03609423255248044,0.05375975275770717,0.016465200744097075,-0.049571955848049076,0.027857479141195185,0.06889572929047054,0.027857479141195185,0.09571486564023024,0.039386171738396536,0.0007074317505091354,-0.011091827956417055,-0.07142133451938726,-0.04255031871824311,-0.011091827956417055,-0.03971185136194877,0.26281292506389936,0.8453739542962143,1.0627626192867246,-0.5829463548047065,-0.5779079603191108,0.011484046022057675,-0.06142775913618714,0.06142775913618714,0.10182038934585114,382458867.83708847,0.9828957195528035,0.05555555555555555,0.023809523809523808,0.0,0.022781100606637985,0.6918950428131424,-0.018906475228199437,0.04223699687866311,0.02230304263590588,1.0447604320859087,0.05225748601194513,0.04682682165570178,0.06496973148930252,0.06099250562656655,-0.3730173459918624,0.27930775262331536,0.7954494625183457,0.012107550943917139,0.0488350665676478,-0.06142775913618714,0.06142775913618714,0.09350240694974121,0.31746031746031744,0.36507936507936506,375917184.10208565,19.74487942470698,0.047619047619047616,0.031746031746031744,0.0,0.02338226602041391,0.004799984205410945,0.03732689473786799,0.054375675281541115,0.012080926623327493,0.8333333333333334,0.016282689811282596,-0.07142133451938726,0.05375975275770717,0.07781969981009684,0.012080926623327493,-0.008934628848918158,0.22217520170142327,0.011423139038346797,-0.06142775913618714,0.06142775913618714,0.007895372828589986,352890035.66444033,-0.0027291062023927504,0.025186133518563057,-0.00023049742727099254,-0.06573877318676935,0.03145849076182605,0.10893672691526968,0.2235243905920412,1.0,3.0,1.0,1.0,0.0,63.0,126.0,0.36528841327309813,,,,,,,,0,0,0,0,0,0
latest_month_unlabeled_or_partially_labeled,2026-07-31,APH,160.6999969482422,0.29553840230140627,0.5190627928934475,1.1994318043987668,1.2577436049528334,0.15954847828209995,0.1932849899441973,0.11924305005364189,0.15453960596958027,-0.015172513729542203,0.02416073788432138,0.06867850956206922,0.013742340937797026,0.010306323138372209,-0.02640380260725128,0.2377354743789106,-0.08858898438708862,0.08858898438708862,0.02046786100144371,1.4188679245283018,-0.003961777968649383,0.08850966099258217,0.10407053632409968,0.0939103282914749,-0.13323475468646062,0.11199780723157393,-0.05233486291865075,0.27378265602322216,0.1656987474669879,0.10407053632409968,0.27378265602322216,0.16557184325108842,0.05606344875974023,0.0928392474463906,0.010117414766583677,0.06138075668456455,0.0928392474463906,0.18294455579323657,0.501578699456474,0.9504000379251889,1.0117495885364975,-0.3565924805981122,-0.41359129928894145,0.024841787414006587,-0.08858898438708862,0.08858898438708862,0.3507548527761495,1341280952.4717543,1.0529615482535235,0.3333333333333333,0.07936507936507936,0.03968253968253968,0.040478526710529386,0.8356442837755065,-0.08858898438708862,0.05628999558826919,0.04468538604542438,1.1645975044736452,0.1870531141516074,0.12985141919669901,0.08189328435538568,-0.011566091950550916,-0.2557122685408042,0.5074720427937591,0.9393629102433825,0.026083704339994015,-0.06989026309820845,-0.08858898438708862,0.08858898438708862,0.3501882374041898,0.3492063492063492,0.7936507936507936,1412317268.357619,21.068497645789797,0.3968253968253968,0.09523809523809523,0.031746031746031744,0.040210702027653346,0.008599966237736956,-0.09465176035916589,-0.18583785875183045,-0.08858898438708862,0.6666666666666666,0.025776829005587882,-0.13323475468646062,0.1870531141516074,-0.02285021120031927,-0.08858898438708862,0.029940031100925024,0.4767004149858999,0.023468953388915477,-0.0366285036854902,0.0366285036854902,0.117135836842448,1095538258.4430513,0.04358102594546098,0.046172989419835705,0.05175660725673703,-0.06573877318676935,0.03145849076182605,0.10893672691526968,0.2235243905920412,1.0,3.0,1.0,1.0,0.0,63.0,126.0,0.8456500379139833,,,,,,,,0,0,0,0,0,0
latest_month_unlabeled_or_partially_labeled,2026-07-31,APO,125.58999633789062,-0.3454752302186178,-0.1219508396265766,1.002552405907575,1.003260746247526,0.022695288551933368,-0.1252085565748703,-0.05875716138641285,0.1906869282834469,0.2644895962898206,-0.039350258780810665,0.019148408124012084,-0.2193601072952882,-0.16769388830168253,0.03855531072961427,-0.14746531954275172,-0.17069553769543755,0.17069553769543755,0.005655694102063569,1.184536748314154,0.10528189910979235,0.08295315925031366,0.20573243490340776,0.13648143034163274,0.06520074846047175,0.03261317700200883,-0.056539216225027666,0.13192976689703406,0.09296834680467632,-0.05875716138641285,0.20573243490340776,0.15526832506859956,-0.026142196628787362,-0.02020185065679858,0.004139103889364781,-0.05166034141862463,-0.02020185065679858,-0.06178561616530204,0.39844732014688067,0.7867354607558059,0.820602553279862,-0.3505460936519228,-0.31058308339928553,0.018532092444630444,-0.09588947500583833,0.09588947500583833,0.25742387223896146,580803073.5933516,0.8796323492511409,0.2222222222222222,0.031746031746031744,0.047619047619047616,0.03669676475495908,0.6997733051112809,0.05240802380946619,-0.05560167688881279,0.0014384554120896453,0.9760283161773912,-0.08080186941791934,0.13174057816634208,-0.024240620101221855,-0.06019162491210461,-0.18107466361797553,0.3269668882600489,0.9587289944581663,0.015784274631385497,-0.03532850370151153,-0.09588947500583833,0.09588947500583833,0.09370368662596351,0.47619047619047616,0.36507936507936506,510893172.07720315,20.051671071669574,0.1746031746031746,0.0,0.015873015873015872,0.03161996062734924,0.03169254074011252,0.039162616612155476,0.19629544644168578,0.06153325103139662,0.6666666666666666,-0.002336758043895807,-0.2193601072952882,0.15526832506859956,0.12727202421816597,0.06153325103139662,0.03963077728052733,0.3134726360026723,0.015108170114945025,0.0,-0.0,0.06306074984536503,497740635.11625016,0.03636646178763647,0.03360140340665359,0.021821180964338938,-0.06573877318676935,0.03145849076182605,0.10893672691526968,0.2235243905920412,1.0,3.0,1.0,1.0,0.0,63.0,126.0,0.6417680376220636,,,,,,,,0,0,0,0,0,0
latest_month_unlabeled_or_partially_labeled,2026-07-31,APP,395.8999938964844,-0.21021499328724258,0.013309397304798631,0.9171045870461553,0.9741414960718044,-0.3788147689885525,-0.4124543801116445,-0.16319670657068097,0.1579203093256668,0.07379312283812212,-0.056561856812558764,-0.05646606189958103,-0.08103823111955799,-0.27213343348595065,0.050168787858541175,-0.1955064137126176,-0.460332596684899,0.460332596684899,0.006770001975356932,1.5323104827444853,5.873253848207136,5.096384270964078,-0.08940358373255886,0.07901648834476109,-0.0845734294979491,-0.1555743979977423,-0.217858914917196,-0.005276397245014164,-0.085958895849418,-0.16319670657068097,-0.005276397245014164,0.12148242739576798,-0.01789967194297848,-0.1130279187121398,0.37356338853344484,-0.14448640947396585,-0.1130279187121398,-0.16245129023128654,0.8347383774865315,0.717727545107277,0.8335126296426676,1.7617847374912854,1.1221407956917608,0.039060383320366064,-0.3548965520259305,0.3548965520259305,0.07901117425261628,2593665307.684375,1.0521021514880755,0.5079365079365079,0.15873015873015872,0.12698412698412698,0.06268882580263682,2.3716167986389163,-0.19444351344091182,-0.11289270683648034,-0.1930621838361979,0.7051699282310476,-0.15961774307215815,0.22204052176703698,-0.3542547153685559,-0.12008897919733252,0.6985469537333944,0.6957649800824526,0.8610877862942179,0.03384992315006346,-0.1577414551559938,-0.3548965520259305,0.3548965520259305,0.010000466351058224,0.6666666666666666,0.07936507936507936,2728800850.454712,21.72712810109399,0.47619047619047616,0.12698412698412698,0.12698412698412698,0.061005975786334384,-0.14006320394821115,-0.18845062606472118,-0.38657918920630796,-0.23160528520429002,0.3333333333333333,-0.010298145494123742,-0.23160528520429002,0.37356338853344484,-0.16586651201752067,-0.23160528520429002,-0.11150810581464832,0.5991147264802397,0.02948116398194057,-0.2719615846311587,0.2719615846311587,0.010000466351058224,2732315122.867257,-0.03126905696472937,0.052825209464640574,-0.024963315260812413,-0.06573877318676935,0.03145849076182605,0.10893672691526968,0.2235243905920412,2.0,7.0,2.0,1.0,1.0,63.0,126.0,0.9413045258260087,,,,,,,,0,0,0,0,0,0
latest_month_unlabeled_or_partially_labeled,2026-07-31,APTV,56.470001220703125,-0.40082623029428144,-0.17730183970224023,0.944506032067391,0.9954722070167641,-0.30369910871548744,-0.2578524912796889,-0.25452143603032173,0.06774147110092443,0.0224028681446361,-0.20448847100286205,0.14159439190568812,-0.029174905405579654,-0.3634581629455914,0.1916273569331478,-0.5558754239188239,-0.3631442157796223,0.3631442157796223,-0.06361936216427277,1.7567296265100554,0.6730870020964361,0.5678597358501292,-0.23211856788568563,0.03451179587245325,-0.05575195027303048,-0.08900104211184146,0.027818045208679254,-0.1867799649293973,-0.22447332294846822,-0.25452143603032173,-0.1867799649293973,-0.13220051551149026,0.005273152147771576,-0.06289407909717393,0.12744779843660714,-0.09435256985899998,-0.06289407909717393,-0.12467897245910779,0.45787495737082673,0.6839438177631327,1.1017160006085311,0.35705682301261166,0.24850112607596309,0.022213831237021055,-0.33720653470201567,0.33720653470201567,0.07418682801063214,191122763.72658563,1.0956327075567838,0.2698412698412698,0.031746031746031744,0.047619047619047616,0.03625641889545525,0.9859639489691738,-0.0639156452345433,-0.0742982430766046,-0.0868901343907098,0.7254442035249499,-0.09655580125933294,0.09120129947184281,-0.16882544610732453,-0.10632606449155702,-0.2452020964966437,0.5044481668133889,0.6207986608031084,0.02539391972275649,-0.06448936961491591,-0.2649049538526903,0.2649049538526903,0.07418682801063214,0.6349206349206349,0.7936507936507936,209400351.09749445,19.159758537858202,0.31746031746031744,0.06349206349206349,0.06349206349206349,0.03979860511373333,-0.04675356156056554,-0.045517499203352574,-0.25543903653410643,-0.07999347934131407,0.16666666666666666,-0.04437147555902338,-0.13220051551149026,0.12744779843660714,-0.014254706154544716,-0.07999347934131407,-0.03141426729882002,0.3131607464023349,0.016681079960042106,-0.06769025086310909,0.06769025086310909,0.006595414556966883,135283883.82007053,-0.018715124566234587,0.031660302629619434,-0.024293312117897536,-0.06573877318676935,0.03145849076182605,0.10893672691526968,0.2235243905920412,1.0,3.0,1.0,1.0,0.0,63.0,126.0,0.5440772306060186,,,,,,,,0,0,0,0,0,0
latest_month_unlabeled_or_partially_labeled,2026-07-31,ARE,51.45000076293945,-0.5093521209582872,-0.285827730366246,1.0390413701930727,1.0533519840913852,-0.07710919203366473,0.0819104655573788,-0.03095359468319192,0.15385592306819207,0.01075917961416073,-0.2468877812205308,0.5336102392458335,-0.010980933135749216,-0.1398903215984616,0.31767605270849464,-0.0696014712195923,-0.3758240396323911,0.3758240396323911,-0.007636112157231811,0.6364748957175348,-0.34382627724938974,-0.15568653457072135,-0.02019441506903119,0.08589148482851688,-0.12743471968736442,0.0745285503853026,0.21396265559511685,0.12290232838500015,0.023918106210925678,-0.03095359468319192,0.12290232838500015,-0.12731582371828098,0.05179960432641928,0.2867224580253027,0.22636389741945884,0.25526396726347667,0.2867224580253027,0.6661526858142035,0.44472615507700236,0.7977318088721811,0.9678214787505449,-0.004087889626980035,-0.030469625016112167,0.021053218273325867,-0.06878836102566399,0.06878836102566399,0.2899065190670729,106256793.03641243,0.8822257575659997,0.23809523809523808,0.031746031746031744,0.03968253968253968,0.03726009711905802,0.3822208784968071,-0.025514812072797377,0.006087065802615088,0.018372016010703485,0.8662050172990547,0.07776758517316229,0.1345629957132806,0.04921749631805983,-0.029108784368162666,-0.2504686974217636,0.4304155250456686,0.8242551197582956,0.021043006968349823,-0.007518436336093504,-0.062329109449972386,0.062329109449972386,0.26701811436476475,0.36507936507936506,0.9682539682539683,93742479.7330826,18.356062014084376,0.25396825396825395,0.06349206349206349,0.015873015873015872,0.03583048806868327,0.01201529089781972,-0.01767724387330183,-0.07466769851620891,-0.026490023682160913,0.3333333333333333,0.0019849970615109327,-0.12743471968736442,0.22636389741945884,0.03924874950460844,-0.026490023682160913,0.026116626130206377,0.3547722001423472,0.017110086088854365,-0.0472222080937138,0.0472222080937138,0.08315791079872525,80174169.00651114,7.776803831793799e-05,0.0314868857192237,-0.022234885683122374,-0.06573877318676935,0.03145849076182605,0.10893672691526968,0.2235243905920412,1.0,3.0,1.0,1.0,0.0,63.0,126.0,0.4692692035215505,,,,,,,,0,0,0,0,0,0
latest_month_unlabeled_or_partially_labeled,2026-07-31,ARES,128.08999633789062,-0.5076287819042498,-0.28410439131220855,0.9579998571581616,0.9908154034971955,-0.11241138658699079,-0.18862970872557105,-0.12379377557404536,0.3096815725437575,0.2945980971353027,-0.20492867084166888,0.30697598696551087,-0.2516202679730962,-0.23273050248931504,0.22584109169788735,-0.24266895859518667,-0.3109560495421796,0.3109560495421796,0.004555802453918512,1.2053422195675296,-0.13299020421716756,-0.04451418150444919,0.17080432156125736,0.17460346810192195,-0.01271914210349212,0.0917618422600246,0.15388407454788844,0.18588779696971214,0.07763278098564137,-0.12379377557404536,0.18588779696971214,0.07607702466057154,0.012627836226663636,0.10204731612384199,0.0945484897846871,0.07058882536201594,0.10204731612384199,0.26047273819700767,0.5101343669610193,0.7018742070792322,0.7679885220016672,0.37258509659613614,0.579502505189557,0.023875315346663938,-0.12379377557404536,0.12379377557404536,0.3589822396713902,395546443.6015356,0.7857095003473041,0.30952380952380953,0.07142857142857142,0.07142857142857142,0.044776654301922715,0.9887771645871218,0.12431470818214985,-0.022354626614086492,0.03870659241354568,0.9331470085112004,-0.12504806662423917,0.15217973488372305,0.00685106818851855,-0.0005275762405573259,0.0895813047711782,0.39177733850464935,0.913912365838338,0.019201491514866924,0.05928112059470525,-0.05104459629378044,0.05104459629378044,0.19042749214069543,0.49206349206349204,0.36507936507936506,310784598.56631565,19.554610624285147,0.25396825396825395,0.015873015873015872,0.015873015873015872,0.03917226205616337,0.060505676673305864,0.14135418960041113,0.4210308185648033,0.15075014955834343,0.5,-0.011335302116204241,-0.2516202679730962,0.15075014955834343,0.21648892274511278,0.15075014955834343,0.04031217001527887,0.3580501543146315,0.017661342314100898,0.0,-0.0,0.09572279440504983,254443278.99137226,0.03142007779478373,0.03793703201321708,0.01261716832948312,-0.06573877318676935,0.03145849076182605,0.10893672691526968,0.2235243905920412,1.0,3.0,1.0,1.0,0.0,63.0,126.0,0.6596573857507503,,,,,,,,0,0,0,0,0,0
latest_month_unlabeled_or_partially_labeled,2026-07-31,ARM,239.69000244140625,0.47189560899350247,0.6954199995855437,1.3422465769637817,1.450457815240558,0.41143559123626905,1.1927546225854089,1.274962044921029,-0.6905490070078601,-0.3943028987403898,0.9962035507387319,-0.8565592273534051,0.20966207488537458,1.1660253180057594,-1.1353177215357022,1.367637513934892,-0.45458060551137225,0.45458060551137225,0.1512466102654253,1.4765491307091816,-0.06788430692813163,0.062280358347734266,0.8806591461806392,0.34643288520246784,0.1869753032691881,-0.034638656815918156,-0.3502835547511557,0.5844130379131689,0.9133447430049456,0.5844130379131689,1.274962044921029,0.3902697582054824,0.09704487981915522,0.13964432338532684,0.6797736603361171,0.10818583262350079,0.13964432338532684,0.12856052736740417,0.9322368185505367,0.9192619051153134,1.16517025570938,0.14966735270186193,-0.22282267286093693,0.044456133101823066,-0.45458060551137225,0.45458060551137225,1.292587235246153,2162332542.0924897,1.4765644639220081,0.5079365079365079,0.18253968253968253,0.15873015873015872,0.06830872728089873,0.9614580646309029,-0.2614117487747588,-0.1330823381320294,-0.261686287143162,1.0415027510026715,0.003623082307277148,0.3403838199561952,-0.32154887869995064,-0.24490155341703235,-0.09632057252259407,1.0862146122522278,0.7889507139500805,0.05473355390486218,-0.29822356894543645,-0.45458060551137225,0.45458060551137225,0.1792286181201539,0.4603174603174603,0.9682539682539683,3192823390.8359103,21.884171438105156,0.6507936507936508,0.2222222222222222,0.25396825396825395,0.08259279253327662,-0.21576389104848648,-0.2913425684188262,-0.37807410668566255,-0.32399808926242946,0.8333333333333334,0.19105096495683496,-0.32399808926242946,0.6797736603361171,-0.2582593160756601,-0.32399808926242946,-0.1383512515194043,0.8569697938394051,0.04485442773098937,-0.2689480403483213,0.2689480403483213,0.06580996528047067,1751750114.5500546,-0.07917078565787306,0.0975289598050053,-0.015396096889494282,-0.06573877318676935,0.03145849076182605,0.10893672691526968,0.2235243905920412,1.0,4.0,1.0,0.0,1.0,63.0,126.0,0.9569695869333817,,,,,,,,0,0,0,0,0,0
latest_month_unlabeled_or_partially_labeled,2026-07-31,ASML,1629.0,1.1367837512683932,1.3603081418604344,0.9598944584731564,1.0004107715663768,0.5452977549310851,0.5299437963741822,0.15026388003465763,0.08734399056486053,-0.023340931405756882,0.014782246822906409,0.11872583694178185,0.020712091659997878,0.04132715311938795,-0.01675579626996937,0.2838232976319855,-0.18011762030055467,0.18011762030055467,0.043837044355239385,1.2267955454742339,0.13079751131221728,0.2817681201733897,0.12692294862890074,0.058345127929022994,-0.08943456534176675,0.028363602752631056,-0.12484317718042415,0.23760787059951816,0.17159823308769218,0.12692294862890074,0.23760787059951816,0.09183859235400083,0.06740830323664482,0.13350808376468826,0.12075829569064078,0.1020495930028622,0.13350808376468826,0.22274885971381278,0.5294275744392719,0.9468295739197137,1.1321018912627827,-0.41038118410381186,-0.5165819221074641,0.026787142668930466,-0.18011762030055467,0.18011762030055467,0.3036057218198671,2886339620.6805515,1.1793807765408,0.35714285714285715,0.06349206349206349,0.047619047619047616,0.03522772989514952,0.9707453265355669,-0.18011762030055467,0.015444909081811398,-0.06862377731783542,1.1402806500343932,0.23356235266298908,0.14963222515395105,0.011376037208977952,-0.046439606856582105,-0.1083732857620694,0.5993659583093675,0.836346605572392,0.030406226154314077,-0.08804079542896526,-0.18011762030055467,0.18011762030055467,0.17666652206069844,0.3492063492063492,0.9682539682539683,3404093463.198707,21.948244504448255,0.4126984126984127,0.09523809523809523,0.07936507936507936,0.03785680859942607,-0.08180727707229074,-0.136210213777343,-0.3593170527796439,-0.18011762030055467,0.6666666666666666,0.03288652445421786,-0.18011762030055467,0.23356235266298908,-0.11437884711378532,-0.18011762030055467,-0.06182974936224761,0.5012776847276833,0.025959400243673127,-0.10627711771134385,0.10627711771134385,0.05050013964928035,3543669791.9172015,-0.03940180289672357,0.05113873728691196,0.009643752149265827,-0.06573877318676935,0.03145849076182605,0.10893672691526968,0.2235243905920412,1.0,4.0,1.0,0.0,1.0,63.0,126.0,0.8859766321702819,,,,,,,,0,0,0,0,0,0
latest_month_unlabeled_or_partially_labeled,2026-07-31,ASTS,58.97999954223633,-0.11425221505368599,0.10927217553835522,1.121244929405897,1.2802778319366588,-0.2650467346761828,-0.18793884382997506,-0.4696520094615195,0.18136912768822255,0.21444298968501962,-0.3354913934515358,0.13359691881586522,-0.2879237200491722,-0.5785887363767892,0.26775753482584896,-0.4097664021999568,-0.5568412264998706,0.5568412264998706,-0.058103500097029026,1.808566354388768,-0.27971104782247536,-0.42513340740823435,-0.2552090197764999,0.11545160360573847,0.04647051637482469,-0.2858639118895142,-0.1952309998424,-0.288282881773297,-0.3377146370037722,-0.4696520094615195,-0.2552090197764999,-0.10824183568731804,-0.05510705760527246,-0.20189447463567056,0.5346414251749987,-0.23335296539749661,-0.20189447463567056,-0.15987214657601947,1.1461457233683592,0.8537622096379348,1.10182288647934,-0.5984453494862625,-0.7334718327615661,0.058031007078045115,-0.5568412264998706,0.5568412264998706,0.11220065811621982,1577128670.7446327,1.173180599405952,0.6746031746031746,0.21428571428571427,0.29365079365079366,0.09076754731957563,0.4117847837470558,-0.2245097444608496,-0.26749737780280347,-0.27681238860492374,0.6791541961718458,-0.21647123057064188,0.32249131367081646,-0.47994006139035406,-0.2518734058586731,-0.6720895604698616,1.2628495892476768,0.7748633833210392,0.063229573948864,-0.2510783708723713,-0.5568412264998706,0.5568412264998706,0.11220065811621982,0.6984126984126984,0.031746031746031744,1850256759.2845008,21.338590255749267,0.6984126984126984,0.25396825396825395,0.2857142857142857,0.09326942330208368,-0.13879371011791974,-0.284628885718307,-0.34363511051507506,-0.33625929397792986,0.3333333333333333,-0.06129735645587311,-0.33625929397792986,0.5346414251749987,-0.2705205207911605,-0.33625929397792986,-0.07547613171790135,0.9785359053500395,0.047478184192840334,-0.3071772413352418,0.3071772413352418,0.11220065811621982,957832468.7305087,0.011004830812113786,0.0945284040969106,0.033685024739774194,-0.06573877318676935,0.03145849076182605,0.10893672691526968,0.2235243905920412,1.0,4.0,1.0,0.0,1.0,63.0,126.0,0.9571413568578029,,,,,,,,0,0,0,0,0,0
latest_month_unlabeled_or_partially_labeled,2026-07-31,ATO,172.77999877929688,-0.0906388431165519,0.1328855474754893,0.9039966303432926,0.9066461012523905,0.023328133839666476,0.04231155416244925,0.05039494250954313,-0.10974310682661048,-0.12016733256877699,0.14846471027499875,-0.23385677055169019,0.1291805696634063,-0.05854178440572655,-0.13578700278623457,0.2986044310892043,-0.09637935993202162,0.09637935993202162,-0.002986417915454176,1.6650293731393506,-0.10824874178964428,-0.18439721898255834,-0.06977239005923386,0.06657377085481381,-0.011081917184160184,-0.033946387384650056,-0.06639349873278733,-0.05934816431706735,-0.026241870622252694,-0.06977239005923386,0.05039494250954313,0.028475475478053403,-0.013485929648515471,-0.08539206027669144,-0.1047132399343581,-0.11685055103851749,-0.08539206027669144,-0.4846712009793528,0.16876823403363453,1.2948838848712887,1.0439496936055814,-0.24677570430146267,-0.24454583117384565,0.008441323642605853,-0.09637935993202162,0.09637935993202162,0.05039494250954313,224557800.9187002,1.0960395957579607,0.0,0.0,0.0,0.01684329060107946,0.4544459981307463,0.020639951951768487,0.02330877682880783,-0.005452477933783451,1.0650670062437384,0.01856559628094434,0.07519300371840557,0.021580995631221178,0.03746737101216424,-0.6478830543298865,0.17618554620976784,1.2403700032700173,0.009081460719639983,0.028118474945870053,-0.07840662389618158,0.07840662389618158,0.03368235171039946,0.9841269841269841,0.6666666666666666,246124241.3432288,19.321347016577448,0.0,0.0,0.0,0.017329385626741915,-0.016006923826366815,0.01533982588390237,0.01354672459889236,0.0029604370708049554,0.6666666666666666,0.010564486895781785,-0.1047132399343581,0.1291805696634063,0.0686992102575743,0.0029604370708049554,-0.02342524635532428,0.21853526652833952,0.011514689356327172,-0.03743733270586702,0.03743733270586702,0.0,180855398.40153286,-0.02407338960249894,0.019376420347558633,-0.020865686338192857,-0.06573877318676935,0.03145849076182605,0.10893672691526968,0.2235243905920412,1.0,3.0,1.0,1.0,0.0,63.0,126.0,0.12158177850401744,,,,,,,,0,0,0,0,0,0
latest_month_unlabeled_or_partially_labeled,2026-07-31,AVB,185.6100006103516,-0.18754715628454743,0.03597723430749378,0.8705552163278893,0.8831722941283444,0.0995691895939117,0.044774579797324465,0.06617933014996558,0.0806895052284089,0.002646890627996612,0.0414739438926377,-0.01775238426821879,-0.0024764461954067674,-0.0427573967653041,-0.04245777052554667,0.2985880564406497,-0.05058823217211461,0.05058823217211461,0.02089018960593436,1.038137068480677,-0.4919253793679521,-0.47987305696097493,0.06882622077796219,0.045841124145739286,-0.06804842209760142,0.03593832255527363,-0.043157497842982395,0.14686883537837447,0.09395812876876741,0.06617933014996558,0.14686883537837447,0.12029372107698455,0.025646536141231024,0.02372155962441891,-0.002677602623269437,-0.007736931137407144,0.02372155962441891,0.1130498079482158,0.2216409153763993,1.0460371187710396,0.9467241926051575,-0.470050098017861,-0.47870051217522525,0.010707298722525273,-0.05058823217211461,0.05058823217211461,0.1779619589585013,188100774.48202467,1.0346068632333731,0.031746031746031744,0.007936507936507936,0.0,0.01918498585518049,0.4717554291623578,-0.039218651526584436,0.029343637069870088,-0.006935079425497426,1.0381827953980451,0.04350322413780727,0.06380293016006518,0.026470038492192982,0.03748985407892813,-0.43510564197817503,0.20983281665798967,1.1049016460565952,0.010598380772747796,0.03258808111136524,-0.05058823217211461,0.05058823217211461,0.056513819859821623,0.1746031746031746,0.4603174603174603,194610352.25861564,19.08650992906877,0.031746031746031744,0.0,0.0,0.017736523901559387,-0.018767600668014417,0.00109950282020721,-0.07040525141144381,-0.01632307907787056,0.3333333333333333,0.012378565870107272,-0.06804842209760142,0.12029372107698455,0.04941569410889879,-0.01632307907787056,-0.02865724703986039,0.23184462452210453,0.011628158844482534,-0.05058823217211461,0.05058823217211461,0.0,151412452.1336147,-0.021539719095614807,0.019353178469275246,-0.01667742860842436,-0.06573877318676935,0.03145849076182605,0.10893672691526968,0.2235243905920412,1.0,3.0,1.0,1.0,0.0,63.0,126.0,0.16501304739425915,,,,,,,,0,0,0,0,0,0
latest_month_unlabeled_or_partially_labeled,2026-07-31,AVGO,389.2799987792969,0.11162128043292352,0.33514567102496473,0.9929424665654197,1.0159147022377715,0.059063291515481176,0.12890483745040227,0.17933600303396924,0.0803844709380781,0.04336462415484621,0.26261899518444287,-0.3285795046240365,-0.035466264750798615,0.07039927611869956,-0.24529651247356288,0.3714284821882839,-0.19036466232535632,0.19036466232535632,0.030722468374579925,1.2501473441856779,-0.06685577592843783,-0.12840644432881243,0.22270062718881545,0.04023394680270994,-0.02938735024803074,0.015289884355806693,-0.17775699743078155,0.25972047397204734,0.22058570139827735,0.17933600303396924,0.25972047397204734,0.34868010047009723,-0.0358248069250966,-0.06596050943959364,0.07028724002199072,-0.09741900020141969,-0.06596050943959364,-0.12365291554858013,0.48282781648139883,0.9091221947573969,1.1048093928087088,-0.2859552413614145,-0.2641605750597169,0.023218091177210912,-0.19036466232535632,0.19036466232535632,0.3288439970306063,9529403116.328335,1.0903747169276854,0.31746031746031744,0.03968253968253968,0.031746031746031744,0.037052621854140086,0.7195563088876037,0.02398041123185679,-0.05149372810455399,-0.014562563510419513,0.9878216927254175,-0.15314847626257944,0.1697613371783834,-0.12730017173593977,-0.013199742166732586,-0.32632211604735417,0.5334327067579689,0.822876960202316,0.025753857944978125,0.006969971001665076,-0.19036466232535632,0.19036466232535632,0.0799833141792392,0.6507936507936508,0.31746031746031744,10390620225.45631,23.06416933483377,0.36507936507936506,0.015873015873015872,0.06349206349206349,0.037752630441138524,0.016965974512318516,0.02581206355455512,0.06953608656056624,0.03052282932970707,0.5,0.038581346426731035,-0.15314847626257944,0.34868010047009723,0.09626160251647642,0.03052282932970707,0.01182647574776241,0.4389494842094909,0.022553608014789155,-0.02949312409138094,0.02949312409138094,0.0799833141792392,7995443289.8407,0.011792278046931948,0.04066297964859786,0.018220617837073183,-0.06573877318676935,0.03145849076182605,0.10893672691526968,0.2235243905920412,2.0,8.0,2.0,1.0,1.0,63.0,126.0,0.8500274119879387,,,,,,,,0,0,0,0,0,0
latest_month_unlabeled_or_partially_labeled,2026-07-31,AVY,169.72999572753906,-0.1889538674428406,0.034570523149200616,0.9989680565135188,1.0142953324651225,-0.01305813586821214,-0.056168032496514586,-0.07463661137769961,0.06385214620821922,-0.05108703824980987,-0.1119492185166765,0.1539655174907658,0.058433512730893256,-0.1835733382929693,0.11665291035178893,-0.27810499455486415,-0.13059424579021028,0.13059424579021028,-0.03433684849018437,1.3891535975098765,0.6836272040302267,0.7543669879956707,-0.12572364962750948,0.05758761177025573,-0.11619225579359849,0.041250593051604056,0.1365347959314367,-0.010784465169480395,-0.07038157539156316,-0.12572364962750948,-0.010784465169480395,-0.05067172576432277,0.0011224858510601177,0.04201629897408932,-0.029646727535280193,0.010557808212263264,0.04201629897408932,0.14632007297130817,0.2683756596934307,1.4027132724385032,1.0699679296181879,1.7276066108957355,1.851596187305073,0.013169468101219913,-0.13059424579021028,0.13059424579021028,0.1092739155673661,119815314.60158333,1.017831298466148,0.0873015873015873,0.0,0.0,0.023574991379601232,1.55405719600093,0.03887560028782355,0.02043208732579438,0.059127898182329774,1.3604500594918758,0.027160585837871842,0.06700981369209404,0.07385251180463759,0.015101763355260589,0.38246751008307767,0.2871533489620954,1.3109862768868723,0.014219583655970668,0.009815085719355743,-0.02911572693873543,0.02911572693873543,0.1092739155673661,0.015873015873015872,0.5873015873015873,121951777.23705958,18.619136264209597,0.1111111111111111,0.0,0.0,0.024524788250579212,0.047754830454554975,0.030140634712422454,0.12075118756732314,0.04545727962164592,0.5,-0.010909888483798405,-0.11619225579359849,0.058433512730893256,0.11119605280841527,0.04545727962164592,0.04884255622385836,0.37645409985141426,0.01943290221617789,-0.02911572693873543,0.02911572693873543,0.09362112799617184,135654003.33070302,0.04017794957124199,0.03442863660633815,0.005688182140737963,-0.06573877318676935,0.03145849076182605,0.10893672691526968,0.2235243905920412,1.0,3.0,1.0,1.0,0.0,63.0,126.0,0.15487007785716575,,,,,,,,0,0,0,0,0,0
latest_month_unlabeled_or_partially_labeled,2026-07-31,AWK,134.1699981689453,-0.24161524250798327,-0.018090851915942063,1.1008790335112413,1.116901852859403,0.06610288558208022,0.04249787421115814,0.053558058133678976,-0.060613828440926,-0.06017588736413071,0.001244372883634437,0.05100429554021746,0.060576774110525866,-0.0553786687815907,-0.0013093897098270801,0.22298054120920924,-0.06347757838387302,0.06347757838387302,0.0044934773992630905,1.7298756904531911,0.07540810257088104,0.1315967439424306,-0.006617829230451733,0.034869675007359664,0.0004410530457796824,0.028002452844893666,0.05229144637156713,-0.007055770307247022,0.013294819531993407,-0.007055770307247022,0.053558058133678976,-0.05635971848738974,0.020547887221259664,0.052248668423851896,-0.033236255537924975,0.020790177662025844,0.052248668423851896,0.22562564930057602,0.2401916231938314,1.21469772286516,0.9641151350359193,0.15490258703289683,0.1776354752333107,0.011881548890317341,-0.0326454046568303,0.0326454046568303,0.10765294486258559,270207011.85768974,1.051388386055181,0.03968253968253968,0.0,0.0,0.024250667507030713,1.023010184835911,0.019934063969713423,0.052771428375617324,0.03843693911169077,1.0933769260436017,0.06741303978493862,0.04962265061732556,0.08842379997332461,0.05163893869233993,-0.15801093537092303,0.2315723792300174,1.25990940160887,0.011422241458410132,0.046163741890955734,-0.028387271148545223,0.028387271148545223,0.10765294486258559,0.031746031746031744,0.6666666666666666,284092514.09784955,19.464810500464857,0.031746031746031744,0.0,0.0,0.02269332940542318,0.012815241150448742,0.035107426233004224,0.06746572433925233,0.019683814423533175,0.6666666666666666,0.009753117889910437,-0.05635971848738974,0.06741303978493862,0.08542258761030253,0.019683814423533175,0.004067288031836203,0.29176021774483357,0.013712492165099077,-0.028387271148545223,0.028387271148545223,0.03838705361313011,305685195.77978224,-0.005964069748295775,0.025905287433111095,-0.01587277177621571,-0.06573877318676935,0.03145849076182605,0.10893672691526968,0.2235243905920412,1.0,3.0,1.0,1.0,0.0,63.0,126.0,0.1975019490991424,,,,,,,,0,0,0,0,0,0
latest_month_unlabeled_or_partially_labeled,2026-07-31,AXON,527.760009765625,-0.5249578753667389,-0.30143348477469767,1.2168244384814153,1.2961438113951413,-0.279242828287678,-0.07073051859947888,0.09136032180843201,0.15133436544980894,-0.11835149804271161,-0.16919636684429562,0.4828164309056856,0.12163455782925969,-0.017576405106837667,0.22225974225295797,0.13647960866858705,-0.3940548727075288,0.3940548727075288,0.02792210223791458,1.3322123513531186,-0.43449228643794613,-0.2571377210834046,-0.0269911762342796,0.1351786670933181,-0.21701699239378647,0.15472270833487212,0.13025455956899967,0.24269468725824095,0.10235461094413112,-0.0269911762342796,0.24269468725824095,-0.05399230625624374,0.14606517875955483,0.31362006406139,0.11688567879733269,0.28216157329956393,0.31362006406139,0.47866862049138453,0.6694063875159691,0.775500058226698,0.9787663484477713,-0.689683492324215,-0.7078670601653592,0.030916336379289273,-0.17596728654492477,0.17596728654492477,0.5255824884114539,514432426.0190207,1.0171956700371256,0.40476190476190477,0.11904761904761904,0.07936507936507936,0.05568879750489371,0.42537959702095723,-0.17596728654492477,0.16523325581759596,0.07172318546345346,0.9841660222106309,0.2493536811964534,0.16727512583565715,0.176145499041497,0.16491262282583907,-0.5866827475948728,0.6551924455366189,0.7923239897413371,0.031513517526248015,0.09761402450304968,-0.17596728654492477,0.17596728654492477,0.40056260152751455,0.2857142857142857,0.8571428571428571,523278436.2732418,20.07562426520634,0.4444444444444444,0.14285714285714285,0.06349206349206349,0.05901403516450293,0.0036901305608814106,0.03210433843913729,-0.11287624026448409,-0.05859684351740013,0.5,0.02637796260926924,-0.21701699239378647,0.2493536811964534,0.007141929669369218,-0.05859684351740013,-0.02981903779270667,0.5191246924959576,0.02671476585844494,-0.17596728654492477,0.17596728654492477,0.0737960492622729,464281891.9615246,0.018493701736232326,0.05016214879326404,-0.006995572993741317,-0.06573877318676935,0.03145849076182605,0.10893672691526968,0.2235243905920412,1.0,3.0,1.0,1.0,0.0,63.0,126.0,0.7985583786343136,,,,,,,,0,0,0,0,0,0
latest_month_unlabeled_or_partially_labeled,2026-07-31,AXP,336.25,-0.08809076033282737,0.13543363025921384,0.9211211446398689,0.9335538409573743,-0.060272989100069396,-0.0836931368630589,-0.03956516558336076,0.15777587256779346,0.1345356359125235,-0.0797874885908354,0.12349730834310124,-0.12286690788298638,-0.14850189249863044,0.0832749853356266,-0.13718129774159527,-0.11926075149130111,0.11926075149130111,0.011429316462163719,0.9351630750983347,-0.4878266745133939,-0.4654396707744557,0.09497047032916273,0.08517939098818508,-0.020783414530114563,0.04501663647698528,0.03770538008555435,0.1182107069844327,0.05787200391007822,-0.03956516558336076,0.1182107069844327,0.0713808434319898,0.0390497520790023,0.043709819752265844,-0.020368285704650768,0.012251328990439792,0.043709819752265844,0.1725116354362643,0.28841515742101087,1.072536757055297,0.8785015712129376,-0.333824738468517,-0.33595087884086783,0.013082555641441894,-0.07002795257161476,0.07002795257161476,0.15727360763628506,1111308000.8637202,0.934074266689949,0.09523809523809523,0.0,0.015873015873015872,0.023464562283909255,0.497675551460855,-0.057446173688796565,0.06623320729631255,0.009663685859471416,1.0885469257818154,0.06882161484773386,0.07164265567777417,0.0654104032381273,0.052181414573083895,-0.3226615421570982,0.2533731689559848,1.22087061901831,0.012121017575534077,-0.0005414230099946016,-0.07002795257161476,0.07002795257161476,0.12177008164471648,0.1746031746031746,0.6349206349206349,1038044205.9734526,20.760604209389648,0.09523809523809523,0.0,0.0,0.020662820857156358,-0.023462000554966722,-0.016414865204403495,-0.010317468879146285,-0.0031915630842594966,0.3333333333333333,-0.0045012854870479235,-0.12286690788298638,0.0713808434319898,0.06254721010250985,-0.0031915630842594966,-0.02816655181338501,0.30933585762592397,0.015482948330342276,-0.07002795257161476,0.07002795257161476,0.030904087308132988,1088531273.9029658,-0.00979457019046548,0.025153466304185496,0.0023609461899276596,-0.06573877318676935,0.03145849076182605,0.10893672691526968,0.2235243905920412,1.0,3.0,1.0,1.0,0.0,63.0,126.0,0.4534702864730739,,,,,,,,0,0,0,0,0,0
latest_month_unlabeled_or_partially_labeled,2026-07-31,AZO,3016.25,-0.4231141098353023,-0.19958971924326108,1.1457514363471424,1.1566490489429684,-0.17912436592490666,-0.11064425770308128,-0.18574140572335762,0.07870956049922329,-0.011120347386728069,-7.019152466014589e-05,-0.1856140561344859,0.013846118560273624,-0.2946781326386273,5.7158064211582094e-05,-0.5535046636143595,-0.30733212395737297,0.30733212395737297,-0.04256484579193098,1.9509165277988183,-0.6527220630372492,-0.717206105490798,-0.1968617531100857,0.0489698366187134,-0.10059698927169314,-0.08045526122218494,-0.11481231571386152,-0.10703184522413434,-0.16321166801919254,-0.1968617531100857,-0.10703184522413434,0.09658710667074222,-0.05977316626779072,-0.18568424765914604,-0.20756853530060926,-0.2171427384209721,-0.18568424765914604,-0.5148182388348327,0.3355733346679953,1.200755685281534,1.0748149391317308,-0.819723337795627,-0.8298592926202862,0.016022409036282357,-0.22311053974391726,0.22311053974391726,0.03172567128441939,852203726.2418232,1.3101051270533377,0.11904761904761904,0.007936507936507936,0.023809523809523808,0.02788828484744223,0.3674768810955581,-0.023600495602678295,-0.021869465827788925,-0.02142848382528184,1.0385713045039418,0.08883581819412845,0.11767248834067046,0.027616631363527322,-0.022272211201552206,-0.7176580214318994,0.3606792332754133,1.117174353988364,0.016957241282788117,-0.024005543185246614,-0.1607727333739456,0.1607727333739456,0.03172567128441939,0.9841269841269841,0.09523809523809523,1116476471.0433717,20.833443556065326,0.14285714285714285,0.0,0.031746031746031744,0.030167432696664716,-0.01277093990206657,-0.02515954184566238,-0.1395349697202492,-0.05622444248035041,0.5,-0.027520153937918086,-0.20756853530060926,0.09658710667074222,0.009514330706418939,-0.05622444248035041,-0.0044650065488470725,0.4029415894314783,0.01951526064282179,-0.045272982442365994,0.045272982442365994,0.03172567128441939,553041006.0616629,-0.0018885055131729889,0.03291030657043692,-0.018087059287193452,-0.06573877318676935,0.03145849076182605,0.10893672691526968,0.2235243905920412,1.0,3.0,1.0,1.0,0.0,63.0,126.0,0.5623425145692935,,,,,,,,0,0,0,0,0,0
latest_month_unlabeled_or_partially_labeled,2026-07-31,BA,216.13999938964844,-0.24921857127333003,-0.025694180681288814,1.0131734537426782,1.0364262035510443,0.07521637048964536,-0.004513613437629793,-0.0752182172652558,0.16118516051648268,0.025158886843966166,-0.02006675687536663,-0.03621407733129023,-0.026484692833631307,-0.18415494418052547,0.018937383058598933,-0.21429303086276366,-0.14281180003367044,0.14281180003367044,-0.015348101722416851,1.0214869920612433,0.5114741908165161,0.426407162475531,-0.05005933042128963,0.08671483214842982,-0.12525820838088642,-0.009482646668223071,-0.03758666017240542,0.08596694325122689,-0.013103534811772843,-0.0752182172652558,0.08596694325122689,0.15073104649549252,-0.0211638428480031,-0.05628083420665686,0.009256408018542883,-0.08773932496848291,-0.05628083420665686,-0.15494205594777502,0.35100636246741324,1.0740168083978976,1.034847185682541,0.043315225914994926,0.04172472407650618,0.017788632059842185,-0.11675046602252315,0.11675046602252315,0.1423285858052219,1435577641.80534,0.9827268062003138,0.16666666666666666,0.023809523809523808,0.0,0.028806781524322086,1.0439403666452671,-0.001371578647893723,-0.008896857153127491,-0.012622930038019176,1.0308567803982942,-0.06350851422628812,0.09240644451826367,-0.06493616657224688,-0.006815000166105478,0.03212141443300909,0.36323794635606843,1.0378506346224656,0.018116521826110805,-0.029873376737302393,-0.10166253571641015,0.10166253571641015,0.05537107504351324,0.8571428571428571,0.12698412698412698,1410780630.98394,21.067409027839492,0.20634920634920634,0.015873015873015872,0.0,0.02887672220760012,-0.007556355889499544,-0.0009215796170218837,-0.004043826958264394,-0.0015244691143981859,0.3333333333333333,-0.00946473834019477,-0.12525820838088642,0.15073104649549252,0.06421430407237116,-0.0015244691143981859,-0.0042980836214592255,0.37698673314460673,0.018932455060129433,-0.07845141307749959,0.07845141307749959,0.05537107504351324,1240803248.1204805,0.01675142711049271,0.0330704991496264,-0.0031454266166679457,-0.06573877318676935,0.03145849076182605,0.10893672691526968,0.2235243905920412,1.0,3.0,1.0,1.0,0.0,63.0,126.0,0.6731572558108074,,,,,,,,0,0,0,0,0,0
latest_month_unlabeled_or_partially_labeled,2026-07-31,BAC,61.95000076293945,0.11558054312400778,0.339104933716049,0.9288945803240133,0.9452588124837068,0.17772398994369265,0.1386166006380951,0.1771411883342282,0.10023065933844366,0.07960993799495175,0.010568002978257995,0.1542632452554682,-0.06334582585772786,0.06820446141895853,-0.012309940100502015,0.7698457008620423,-0.010699427984246834,0.010699427984246834,0.037936466955803105,1.1200106922430786,0.007139376578119583,0.17314741716482795,0.25675112632917996,0.052929420690363924,-0.016143084240553995,0.15194850374792046,0.03826183127585625,0.27737184767267187,0.23708805411202669,0.1771411883342282,0.27737184767267187,0.09661536777073487,0.07148585801361507,0.1648312482337262,-0.03479240097032088,0.13337275747190014,0.1648312482337262,0.789594383079093,0.2300996006548749,0.8850467832660361,0.9072346571386996,-0.33979760239663537,-0.28221236637767644,0.011344942658276631,-0.010699427984246834,0.010699427984246834,0.33287412687164597,2029966556.749359,0.9935018420295956,0.03968253968253968,0.0,0.0,0.02182398663366365,0.5837592179912509,0.010094507623740312,0.09867434594478208,0.08326550297793034,1.043007908205079,0.11000109090541588,0.07635833083379513,0.20681939243405068,0.08577167018588772,-0.35317509866616925,0.2087543323078771,0.9755434013702243,0.010586914867001354,0.07140496608134872,-0.010699427984246834,0.010699427984246834,0.25119301875908784,0.047619047619047616,0.8253968253968254,2016775513.3889637,21.424765792941674,0.015873015873015872,0.0,0.0,0.019714542151653438,0.03550874282739169,0.06986069003599593,0.4283038330633342,0.08722360934768214,0.5,0.02992645949253836,-0.06334582585772786,0.11000109090541588,0.1529623825344515,0.08722360934768214,0.017625719244590776,0.20364891139039654,0.010441871444388726,-0.010699427984246834,0.010699427984246834,0.06260723110882394,2042863818.8403356,0.00553492397502553,0.019497294423908462,0.0008077667680042033,-0.06573877318676935,0.03145849076182605,0.10893672691526968,0.2235243905920412,1.0,3.0,1.0,1.0,0.0,63.0,126.0,0.3933267829362155,,,,,,,,0,0,0,0,0,0
latest_month_unlabeled_or_partially_labeled,2026-07-31,BALL,64.9000015258789,-0.073541725014175,0.14998266557786621,1.1024981953247392,1.1214840353389672,0.39569838505472776,0.23339518017977845,0.14881205358402916,-0.04682772153833015,-0.175581860905211,0.07723788868888004,-0.010795586903279863,0.18041144040334545,0.03987532666875948,-0.08236975179842898,0.5010591196345955,-0.03581852710968503,0.03581852710968503,-0.009342959504329174,1.503943511237262,-0.41154921169032044,-0.37245118682747447,-0.026769807321181838,0.09092071068382827,-0.11683844826347445,0.08583369030774879,0.06613939201906349,0.10198433204569901,0.07467552610284878,-0.026769807321181838,0.14881205358402916,0.033327663578788025,0.02823574972646825,0.06644230178560018,-0.10494440606825728,0.034983811023774125,0.06644230178560018,0.23345614425829442,0.2969950006948331,0.9708255146978848,0.9582751409710465,-0.15698013450997161,-0.12320530098130555,0.013366200759379611,-0.03581852710968503,0.03581852710968503,0.23337139572903243,154649783.4559062,1.0475375820433044,0.09523809523809523,0.007936507936507936,0.007936507936507936,0.02451712362792174,0.5848271274204858,-0.001045478867244265,0.09375746186952494,0.09106808512842757,1.0419832012063015,0.14558480810573138,0.12317984859157645,0.19148163423123332,0.09067259535810357,-0.4968093746374289,0.2846029261585372,1.0130968374219962,0.012945563390382346,0.06020445992028001,-0.029750304708142883,0.029750304708142883,0.23337139572903243,0.047619047619047616,0.5873015873015873,162001460.2249206,18.903115913062898,0.1111111111111111,0.0,0.015873015873015872,0.024526638175205485,0.04231914822848837,0.05909543543043139,0.13895209137670606,0.04006410158440765,0.6666666666666666,0.02960085989009013,-0.11683844826347445,0.18041144040334545,0.105802874771177,0.04006410158440765,0.03192778268268981,0.28833032441226,0.013847045214302436,-0.029750304708142883,0.029750304708142883,0.07646376746304351,117581055.77814011,0.012749130025722977,0.0251486031532826,-0.009492950209682105,-0.06573877318676935,0.03145849076182605,0.10893672691526968,0.2235243905920412,1.0,3.0,1.0,1.0,0.0,63.0,126.0,0.2603668934385669,,,,,,,,0,0,0,0,0,0
latest_month_unlabeled_or_partially_labeled,2026-07-31,BAX,26.15999984741211,-0.011018209984910099,0.2125061806071311,1.0798676394451092,1.1222140275969659,0.41853355865147956,0.3703011143346473,0.3047561941884709,0.2531959435100688,-0.019847228185494892,-0.12363538257709483,0.6124633980500629,0.015446408041835502,0.1958194672732012,0.18407182128449717,0.6234097425753912,-0.02205608047057539,0.02205608047057539,0.03012909966188637,0.758324370824169,-0.5619856549641374,-0.3478719719315647,0.284908966002976,0.1522359308694754,-0.17525774065107835,0.3547674631163613,0.18815324820698964,0.5579521376985397,0.3825390992966622,0.284908966002976,0.5579521376985397,0.04642854749318537,0.11795440947646174,0.48882801547296806,0.06881465275105447,0.457369524711142,0.48882801547296806,1.1552271416420945,0.48885375600561076,1.0442199086137223,0.8655850517026539,0.3468955410131027,0.6526635859163095,0.02326761842835542,-0.02205608047057539,0.02205608047057539,0.6565566724108098,161852033.09832907,0.8804340544456984,0.30952380952380953,0.047619047619047616,0.023809523809523808,0.03837944653237935,0.603362486146726,0.010611850146245883,0.1258964400038327,0.2316148776780258,1.5365362035711951,0.1352502084829479,0.13479771321344203,0.3929711869507295,0.12810838375775968,0.12922284625210345,0.4231445036671531,1.206374701780817,0.022608120897789356,0.12831815372016253,-0.02205608047057539,0.02205608047057539,0.5748251176551167,0.015873015873015872,0.9682539682539683,142500041.72104123,18.774852857469714,0.2857142857142857,0.031746031746031744,0.015873015873015872,0.03584473796916523,0.1671276811119815,0.1543914594751723,0.44472060909110267,0.22701689596003516,0.8333333333333334,0.05294982867966334,-0.17525774065107835,0.22701689596003516,0.2927556691468045,0.22701689596003516,0.1362550449301021,0.5104708244216537,0.026583442706002134,-0.02205608047057539,0.02205608047057539,0.2071988811864396,158029423.79985082,0.11092236700637415,0.046717990649450335,0.04314536951993042,-0.06573877318676935,0.03145849076182605,0.10893672691526968,0.2235243905920412,1.0,3.0,1.0,1.0,0.0,63.0,126.0,0.5362176440642367,,,,,,,,0,0,0,0,0,0
latest_month_unlabeled_or_partially_labeled,2026-07-31,BBY,86.26000213623047,0.17628526660024013,0.39980965719228134,1.1221251716938918,1.1510588829233235,0.09460199691822613,0.3258444345419578,0.3631147764321103,-0.001620853846706627,0.0688486135010078,-0.05666634677358495,0.5016638529793146,-0.04807986990800339,0.25417804951684064,0.08188272977361932,0.892202150096149,-0.043362494312010114,0.043362494312010114,0.0668081597258754,1.3941406944659565,0.18823162166380514,0.7169917300989885,0.4319633899331181,0.04022583037567223,0.05175892905485524,0.24968195549683503,0.0844457662933702,0.3614939225854037,0.3855240296502107,0.3614939225854037,0.4319633899331181,-0.05778804687323602,0.16264407933878533,0.44499750620572964,0.2886425803310084,0.4135390154439036,0.44499750620572964,0.9808998007883754,0.4069871120496391,0.7181982539701501,1.1146853005391588,-0.08819795434402466,0.03653201440463816,0.018475482569949887,-0.043362494312010114,0.043362494312010114,0.5743497973522287,291603111.79368156,1.0232782194625802,0.15873015873015872,0.015873015873015872,0.0,0.03310655319909644,0.752381768108685,-0.019813377691053402,0.13610634060555182,0.1145588857236608,1.096738046229165,-0.013601366434444762,0.1335772440537759,0.12133304320470217,0.12659830169287645,-0.3734878285629639,0.4536625513106163,0.6443058445489206,0.020160244368785392,0.14254739809335604,-0.043362494312010114,0.043362494312010114,0.5743497973522287,0.031746031746031744,0.8571428571428571,298391113.0259862,19.513915647117194,0.1746031746031746,0.015873015873015872,0.0,0.03175463655265221,0.05382327586047553,0.14745036958561197,0.46799934967537743,0.1367950086785874,0.5,0.05962120580812782,-0.05778804687323602,0.2886425803310084,0.20253378186535675,0.1367950086785874,0.021571931385569343,0.29229743326240465,0.015055035830794272,-0.043362494312010114,0.043362494312010114,0.10603929348615604,284048945.89589435,-0.007924158435856365,0.030257342521306487,-0.024583276868187065,-0.06573877318676935,0.03145849076182605,0.10893672691526968,0.2235243905920412,1.0,3.0,1.0,1.0,0.0,63.0,126.0,0.4933306989344924,,,,,,,,0,0,0,0,0,0
latest_month_unlabeled_or_partially_labeled,2026-07-31,BDX,165.6199951171875,-0.012654613897526534,0.21086977669451468,1.1426631052881273,1.1765841091925668,0.2012245902123755,0.10016336111360857,0.049286052292844884,0.011501229602908447,-0.0981710583106622,-0.062366755621120706,0.18144615962404553,0.10321681282684247,-0.05965067462242479,0.06979335171007994,0.16966344236520584,-0.0945964432740991,0.0945964432740991,-0.022052843178563264,1.0323373890039038,-0.4371768499471841,-0.370156204679846,-0.04888500601781731,0.06027415934490693,-0.10338763462319522,0.09063616785589157,0.17443064392454843,0.06078728189575333,0.020396109390260302,-0.04888500601781731,0.06078728189575333,-0.05208935299734918,0.02788254984098848,0.11907940400292483,-0.012882421764970564,0.08762091324109877,0.11907940400292483,0.3676932708969149,0.2904930585267457,1.1612657419656864,1.1148468502012236,-0.04001706889194445,0.05063349262493966,0.014007312015767456,-0.0945964432740991,0.0945964432740991,0.17703068164849567,438111677.7907676,0.9055178462700414,0.07936507936507936,0.023809523809523808,0.0,0.024780031837709392,0.6736387984717501,0.02284590689783239,0.04993089438189546,0.09405528472037483,1.166275089074911,0.035867689698104055,0.08211923874281894,0.13368399943180398,0.05985718125756989,-0.22742998143013415,0.3238552713038621,1.0416370120757703,0.015951246481083453,0.0746475546149099,-0.016508306888691093,0.016508306888691093,0.17703068164849567,0.031746031746031744,0.4444444444444444,396717942.8988502,19.798736117380287,0.12698412698412698,0.015873015873015872,0.0,0.025877917151903126,0.07096434970406795,0.07565992690380918,0.2799236639029725,0.09442934720959162,0.5,0.010859073391503863,-0.10338763462319522,0.10321681282684247,0.16016812039636097,0.09442934720959162,0.055512869513481,0.3373396371459429,0.016895016733932518,-0.016508306888691093,0.016508306888691093,0.10002655288787987,275223435.89034307,0.03801846019523025,0.02761916712653358,0.004086179958284086,-0.06573877318676935,0.03145849076182605,0.10893672691526968,0.2235243905920412,1.0,3.0,1.0,1.0,0.0,63.0,126.0,0.41988739724954516,,,,,,,,0,0,0,0,0,0
latest_month_unlabeled_or_partially_labeled,2026-07-31,BE,205.80999755859372,4.280888578603486,4.504412969195528,0.8390265998733039,0.9319488819320221,0.5572789940652825,1.3686269881952917,0.3596485710345694,0.1593564419881628,-0.037556967132624575,0.8719693102466648,-1.145649405538712,0.02840723518837951,0.2507118441192997,-0.6333286663266168,0.2951121115565478,-0.4049154433237362,0.4049154433237362,0.06693786995675377,1.2683631672003812,0.568543675400552,0.13926449284719067,0.3220916039019448,0.10454655428316638,-0.12963315290773203,-0.11480446806905598,-0.3889067762764785,0.5190050130227322,0.40024839598641543,0.3220916039019448,0.5190050130227322,1.0913718640734649,-0.0632579507093115,-0.2736800952920474,0.005787742565001697,-0.30513858605387345,-0.2736800952920474,-0.2228546975996379,1.2186845505514112,1.2448056022751743,1.00769734366388,0.5099719818365009,0.026651197102583124,0.05783981979784781,-0.4049154433237362,0.4049154433237362,0.7221152529475243,2679753348.1760597,1.3032058192659692,0.6587301587301587,0.23015873015873015,0.21428571428571427,0.09646722481395094,1.4542369051285062,-0.2801503916106266,-0.1322085023178483,-0.21058426348016368,1.1669741758429186,0.062105305989583304,0.4948307560146901,-0.2778596576891449,-0.22082165655513453,0.2319420750074601,1.2280651843548667,1.2352970960002674,0.058512280379278456,-0.34940208858357313,-0.4049154433237362,0.4049154433237362,0.2568549469227097,0.4444444444444444,0.031746031746031744,3492270157.540506,21.97381783691994,0.6507936507936508,0.20634920634920634,0.25396825396825395,0.09823150922323787,-0.17191960592452593,-0.3477363156600428,-0.21099576737905673,-0.32008592910848555,0.6666666666666666,0.12299217763336863,-0.32008592910848555,1.0913718640734649,-0.2543471559217162,-0.32008592910848555,-0.07165877984046332,1.5170253559325997,0.07035239595018195,-0.30245719005754756,0.30245719005754756,0.2568549469227097,3661291320.541382,0.041849115946413606,0.13661178641512228,0.10448643127264057,-0.06573877318676935,0.03145849076182605,0.10893672691526968,0.2235243905920412,1.0,3.0,1.0,0.0,1.0,63.0,126.0,0.981815350001246,,,,,,,,0,0,0,0,0,0
latest_month_unlabeled_or_partially_labeled,2026-07-31,BEN,33.86000061035156,0.2624808330797872,0.4860052236718284,1.019707798408076,1.040830562641999,0.555762222524472,0.4524761873047449,0.30351823934348543,0.14440029729929194,0.00392920779874939,0.14229909194101786,-0.001163422185279206,-0.003005251038837309,0.19458151242821575,-0.16238256958774677,0.97241442828642,-0.016840825769012135,0.016840825769012135,0.05048569287135396,0.9734800776881879,0.5610080093768315,0.7813219202743027,0.3074474471422348,0.08225874980766391,-0.09701587896391362,0.1503564980849641,-0.016840825769012135,0.44791853664277737,0.3529614077094992,0.30351823934348543,0.44791853664277737,0.2688399591896957,0.04741529116104548,0.14113566975573866,0.03503508696146307,0.1096771789939126,0.14113566975573866,0.5168228102850451,0.3121284819666267,0.783444023849961,0.8749066450694049,1.7241982772335733,1.7725083877575551,0.015763458982553727,-0.016840825769012135,0.016840825769012135,0.525259534122203,148352315.70065817,0.9947591397933491,0.10317460317460317,0.015873015873015872,0.0,0.028544204836523906,1.8537893062712176,-0.007230283697510664,0.0433183747340411,0.04498739884985792,1.0826501694623236,0.08329828033607911,0.12221621226254228,0.10250916527453535,0.027866512743351723,0.7391888950690431,0.2730832829880276,0.8954601365358377,0.013844547232907943,-0.007837096457661064,-0.016840825769012135,0.016840825769012135,0.15150962029627113,0.30158730158730157,0.9682539682539683,147574821.95273808,18.80984587937991,0.047619047619047616,0.015873015873015872,0.0,0.025994935529299983,0.021149201889509195,0.0015958112946237168,0.07252002495152741,0.01773369836098726,0.6666666666666666,0.05081431580757904,-0.09701587896391362,0.2688399591896957,0.08347247154775661,0.01773369836098726,0.02137158464195088,0.244535193870114,0.012549221850044642,-0.016840825769012135,0.016840825769012135,0.050574033238169,159056325.28828213,0.03234854853091784,0.027655890782814746,0.02006387784878383,-0.06573877318676935,0.03145849076182605,0.10893672691526968,0.2235243905920412,1.0,3.0,1.0,1.0,0.0,63.0,126.0,0.3018006472077152,,,,,,,,0,0,0,0,0,0
latest_month_unlabeled_or_partially_labeled,2026-07-31,BF-B,28.729999542236328,-0.1937631804628479,0.029761210129193305,1.058967376013691,1.0934874107341745,0.08252608109275461,0.12232989424636198,0.06861218275696213,0.027471253742642476,-0.05517090004556624,-0.04976843936360553,0.17434925421391956,0.05443916780058533,-0.04032454415830755,0.0559686320933519,0.15003352687504146,-0.05285241329752266,0.05285241329752266,-0.013417407617719146,0.5553725575642612,-0.574117920485743,-0.5210611839897106,0.013441282711395885,0.04208765372565619,-0.07539768509971323,0.09413450881610852,0.1252489425859561,0.0960834364996046,0.05937896732265421,0.013441282711395885,0.0960834364996046,-0.02534044505685662,-0.0004302407621584736,0.12458081485031403,-0.0019402513382530406,0.09312232408848797,0.12458081485031403,0.33405266792877725,0.45731233668930016,0.9107534576542182,0.8154987604393866,-0.015083310937919925,0.06178823380617415,0.019838525464241086,-0.0463672667592816,0.0463672667592816,0.27107230080987565,121477796.50250694,0.6654032406135272,0.21428571428571427,0.047619047619047616,0.023809523809523808,0.0359986323323472,0.4596631321498189,0.08632600543484492,0.018839230927736983,0.08933508317619943,0.9658999038571269,0.045191134482078565,0.057429382115330045,0.12676702608056623,-0.0026863115045688835,0.014943112321432528,0.3729376437037637,1.1168054469678272,0.018260970324774896,0.014724937658158632,-0.026761548213986464,0.026761548213986464,0.17520059551176925,0.031746031746031744,0.9682539682539683,80831719.45535871,18.20788002634505,0.2222222222222222,0.047619047619047616,0.0,0.03317368107193916,0.07468826729014988,0.05550648566643068,0.18739256935702628,0.07804877874218752,0.5,0.012500116588338087,-0.07539768509971323,0.07804877874218752,0.14378755192895687,0.07804877874218752,0.08198695330578443,0.4164987918677101,0.0206737866360925,-0.026761548213986464,0.026761548213986464,0.1459912202618705,68626785.14817555,0.04750791170325663,0.03361345179387036,0.0018830977262895843,-0.06573877318676935,0.03145849076182605,0.10893672691526968,0.2235243905920412,1.0,3.0,1.0,1.0,0.0,63.0,126.0,0.48042730661198507,,,,,,,,0,0,0,0,0,0
latest_month_unlabeled_or_partially_labeled,2026-07-31,BG,106.2300033569336,0.14584778301689405,0.36937217360893526,0.9028363647233884,0.9330855565992272,0.14452646027873683,0.20658734006008084,-0.0561748894204297,-0.10366183247640481,-0.05804999161128954,0.12223488373054625,-0.28121209584313367,0.06553581193260882,-0.16511161633569937,-0.10280232269215772,-0.18029226338100665,-0.191614029400078,0.191614029400078,-0.00637613033190676,1.2873637213165818,-0.17537621109049684,-0.3064726020930485,-0.11422488103171924,0.05195513620028599,0.05428925787865069,-0.12139361279970262,-0.17345616078870896,-0.1598367218968345,-0.11007883078299448,-0.1598367218968345,-0.0561748894204297,-0.0010219815641452357,-0.03306700612572011,-0.15897721211258742,-0.023834048421429554,-0.19043570287441347,-0.15897721211258742,-0.4603341873931076,0.3115768162592582,1.3369113026574764,1.1083999865343652,-0.2219304643812302,-0.22557550097425227,0.015644851610481014,-0.191614029400078,0.191614029400078,0.012775326295000555,204282028.95439994,0.9573405087093363,0.10317460317460317,0.007936507936507936,0.007936507936507936,0.03130092414020361,0.8169541428048708,-0.0038048853669134797,-0.052736595138670794,-0.0982422550765395,0.9488105707277413,-0.13438766654262446,0.07151108978033517,-0.13844281648280832,-0.02285496429268552,-0.22567064023357475,0.3453517389461822,1.2061632252789873,0.017291909711642905,0.05522306978359759,-0.191614029400078,0.191614029400078,0.012775326295000555,0.6349206349206349,0.3333333333333333,195567461.5193806,19.091415954689857,0.1111111111111111,0.015873015873015872,0.015873015873015872,0.02980689278940477,-0.06389063508919979,0.020522833557186093,-0.011246457618353677,-0.004684718301074753,0.3333333333333333,-0.0073505575030024155,-0.13438766654262446,0.06553581193260882,0.0610540548856946,-0.004684718301074753,-0.08077305216099906,0.416550567303034,0.018893449585777204,-0.14247654413793898,0.14247654413793898,0.011040293761098274,156926956.1549232,-0.08713583450152496,0.03557645623976901,-0.0411589269871977,-0.06573877318676935,0.03145849076182605,0.10893672691526968,0.2235243905920412,1.0,3.0,1.0,1.0,0.0,63.0,126.0,0.3013999693840135,,,,,,,,0,0,0,0,0,0
latest_month_unlabeled_or_partially_labeled,2026-07-31,BIIB,202.9499969482422,0.3620224605661009,0.5855468511581421,0.9840356751615368,1.006746166443079,0.31555060172168026,0.15319046885378573,0.12818943597106225,-0.021169336035275155,-0.07016634557876933,0.052198562574395035,0.020022476400170408,0.06631834996413266,0.019252709055792572,-0.055968396996496805,0.3304450481078323,-0.06314918352132526,0.06314918352132526,0.012856935266498226,0.9350173644107331,-0.3150596581747823,-0.26559255505257107,0.05802309039229292,0.0359911187754677,-0.04426027092582707,0.051292925882395535,-0.003998202659812655,0.1070200999357871,0.09774420876638075,0.05802309039229292,0.12818943597106225,0.032455118577511044,0.027445661078875583,0.07222103897456544,0.03550296525803942,0.04076254821273939,0.07222103897456544,0.17988986215810693,0.38792966245095883,1.3112563831992767,1.0349135052390157,-0.02684871254467147,-0.08589719035946863,0.018800528371800903,-0.06314918352132526,0.06314918352132526,0.17761402611578014,241125799.44718376,1.0273137837219817,0.1349206349206349,0.031746031746031744,0.015873015873015872,0.03112530655178193,0.6548077812374757,-0.06051793525759963,0.030212503305093064,0.01211746468280639,1.4009279943031285,0.10234692631935571,0.06314645785971164,0.03545916810327654,0.008731050990407274,-0.2150195875526646,0.40147364675331,1.2670202645548034,0.01867954447770726,-0.01103229265675476,-0.06314918352132526,0.06314918352132526,0.08494600447469347,0.36507936507936506,0.9841269841269841,247711857.38307407,19.32777676728651,0.14285714285714285,0.031746031746031744,0.031746031746031744,0.03259401687992092,-0.005933233044554287,-0.032590886288970444,-0.11928552358641163,-0.06067759306900944,0.6666666666666666,0.021947582687367056,-0.06067759306900944,0.10234692631935571,0.005061180117759911,-0.06067759306900944,0.0009296496724664483,0.5086752461211606,0.02501486884682037,-0.0609383604779562,0.0609383604779562,0.057306591168980736,295068204.52590215,-9.864170522178028e-06,0.044483175682448785,-0.010829938557886276,-0.06573877318676935,0.03145849076182605,0.10893672691526968,0.2235243905920412,1.0,3.0,1.0,1.0,0.0,63.0,126.0,0.4867966778094618,,,,,,,,0,0,0,0,0,0
latest_month_unlabeled_or_partially_labeled,2026-07-31,BKNG,192.8999938964844,-0.33994366259844944,-0.11641927200640823,1.2024259978542773,1.2326031152974841,-0.043881097804931546,-0.09517199856652059,-0.031226018964587765,0.17950534765607984,0.17424376482102344,-0.15658996362584132,0.30522934335174134,-0.15244187192427772,-0.14016274587985744,0.1798653986904878,-0.07160540214171585,-0.1499052629320955,0.1499052629320955,0.0174955170587483,0.9089944901512463,-0.4680732926152138,-0.3890080367698989,0.14301774585643567,0.10215245442479945,-0.004582145392316828,0.11465844844432671,0.13468737848418877,0.14827932869149207,0.08669035186111333,-0.031226018964587765,0.14827932869149207,-0.00031345872408949926,0.03853601402841256,0.14863937972590002,-0.005523909607991984,0.11718088896407397,0.14863937972590002,0.3777366803074563,0.4360846811918974,1.0221057719530184,0.9023476550496295,-0.3013673655423883,-0.2439058192919169,0.020922632604668468,-0.05399919916267515,0.05399919916267515,0.25468715232061534,1564544041.0764785,0.8204940635106183,0.21428571428571427,0.05555555555555555,0.031746031746031744,0.03621151197090387,0.45388950854300125,0.027749465588296274,0.07268901496383995,0.10334011729988024,1.1182782729750553,0.06724057546077145,0.08312214427817716,0.15501960361170974,0.06572551764205059,-0.2986430630474902,0.39349998947657394,1.1327183777042145,0.01896047066651279,0.05522437599063856,-0.04172880788836164,0.04172880788836164,0.25468715232061534,0.031746031746031744,0.8253968253968254,1283699097.8041635,20.973011668024967,0.1746031746031746,0.06349206349206349,0.0,0.0338429102310073,0.06622493408240882,0.07955197773225309,0.18452778473777773,0.0822485859039237,0.3333333333333333,-0.002228704047330147,-0.15244187192427772,0.0822485859039237,0.14798735909069305,0.0822485859039237,0.05656364494145949,0.4457246697065303,0.02090406332154307,-0.04172880788836164,0.04172880788836164,0.11612562548630057,1124751851.3123286,0.03679573990656082,0.03704361862233616,-0.009285724126439576,-0.06573877318676935,0.03145849076182605,0.10893672691526968,0.2235243905920412,1.0,3.0,1.0,1.0,0.0,63.0,126.0,0.7743114073029809,,,,,,,,0,0,0,0,0,0
latest_month_unlabeled_or_partially_labeled,2026-07-31,BKR,60.4900016784668,0.14238396598508807,0.3659083565771293,1.0556172822213195,1.0584453411777048,0.26442209974197395,0.33775207142848074,0.08710263000269491,-0.09296205104342126,-0.15709534927864355,0.2479089145263349,-0.37676950895896366,0.16891840798959978,-0.021834096912574763,-0.21596322443532368,0.24576459504219073,-0.12886059443262876,0.12886059443262876,-0.015448936290260895,1.3725451295409772,-0.2813424360046428,-0.37394907689458956,-0.06999271927594863,0.07898731083925932,-0.06451129708673675,-0.011338806423967007,-0.12192881733677008,-0.0058594210407263425,0.0037501632286733124,-0.06999271927594863,0.08710263000269491,0.14119574043581684,-0.05873760603258593,-0.12886059443262876,-0.08003993033561718,-0.1603190851944548,-0.12886059443262876,-0.3656124642218354,0.35441488220767475,1.0188934826551082,0.9944596980452085,-0.6020608439646713,-0.5662821582611766,0.017240691205224933,-0.12886059443262876,0.12886059443262876,0.14607811817900584,556853062.3757468,0.9514000580974831,0.1746031746031746,0.031746031746031744,0.023809523809523808,0.029136733774715498,0.5594307986016092,0.07879467964735898,-0.07945824671850887,0.01183289828916001,1.0298785603366982,-0.13118348353156162,0.12787183090859802,-0.05306824253233311,-0.051317521777676345,-0.5006200945318937,0.35245131674297236,1.0245699093265705,0.01712225546192467,0.013658146489030631,-0.12192881733677008,0.12192881733677008,0.14607811817900584,0.9841269841269841,0.31746031746031744,529790035.89604694,20.087991329219694,0.15873015873015872,0.031746031746031744,0.031746031746031744,0.02824507297237577,0.061600583002852094,0.06817612768664838,0.24898143993703048,0.08990994015255493,0.5,0.020714896270676002,-0.13118348353156162,0.16891840798959978,0.15564871333932428,0.08990994015255493,0.05671388245381359,0.36111101363737763,0.016906610474235546,-0.0016504121780699377,0.0016504121780699377,0.14607811817900584,584593663.2696787,0.043596797420734745,0.03376000680074295,0.01438826360857659,-0.06573877318676935,0.03145849076182605,0.10893672691526968,0.2235243905920412,1.0,3.0,1.0,1.0,0.0,63.0,126.0,0.605831277434238,,,,,,,,0,0,0,0,0,0
latest_month_unlabeled_or_partially_labeled,2026-07-31,BLDR,66.44000244140625,-0.7009097136722714,-0.4773853230802302,0.8632351078316496,0.8999404263736738,-0.42807950857687926,-0.3542618054666774,-0.4192307556361651,0.2262270020074998,0.056300482917318595,-0.308653887386537,0.1487095899757659,-0.08837413003062367,-0.5281674825514348,0.259286458225394,-0.8035581056292431,-0.5547215370828644,0.5547215370828644,-0.08555819382764673,1.7178815959834681,-0.474527983816588,-0.5585742362540651,-0.3629302727188465,0.11777338600332583,-0.2105666784130128,-0.1647053825524517,0.1181927616988937,-0.1930037536286653,-0.32505492732789226,-0.4192307556361651,-0.1930037536286653,-0.039353885838757985,-0.02842223187814008,-0.1599442974107711,-0.035781948826622445,-0.19140278817259715,-0.1599442974107711,-0.28343062453616896,0.5217180347000265,0.9459508661196524,1.0816484621618938,0.6301119129798138,0.21037813382862347,0.026142514341392958,-0.4826350771785569,0.4826350771785569,0.006514168932889142,215777695.27506146,0.9278360982250379,0.373015873015873,0.06349206349206349,0.07142857142857142,0.04659933549161486,0.7229538804083542,-0.24578856900897073,-0.012014438052616483,-0.13161676060152072,0.8923612229405148,0.17335432533934347,0.1525360893661924,-0.128769989768448,-0.08376930361459245,-0.384458925750395,0.5643155099154092,0.8745455655980667,0.026898527618149867,-0.16133377917719038,-0.2659374558249976,0.2659374558249976,0.006514168932889142,0.36507936507936506,0.015873015873015872,200206334.8680042,19.114859072036946,0.36507936507936506,0.09523809523809523,0.07936507936507936,0.04720425219016799,-0.1383439307680986,-0.2169129138110949,-0.5217375223638979,-0.25748770732183957,0.16666666666666666,-0.07636833751525217,-0.25748770732183957,0.17335432533934347,-0.19174893413507021,-0.25748770732183957,-0.0934952168508536,0.493519626794733,0.025685684414150808,-0.21549178738808605,0.21549178738808605,0.006514168932889142,170347338.3333842,-0.05556579450151311,0.05323812240390946,-0.04157409102494125,-0.06573877318676935,0.03145849076182605,0.10893672691526968,0.2235243905920412,1.0,3.0,1.0,1.0,0.0,63.0,126.0,0.6123441165685887,,,,,,,,0,0,0,0,0,0
latest_month_unlabeled_or_partially_labeled,2026-07-31,BLK,1090.3900146484375,-0.21699004032093816,0.006534350271103051,0.8984484684659835,0.9187886322540304,0.023269201028713438,0.03017650003113892,-0.014568214189617623,0.15476071547389336,0.0516336700666401,-0.042368445177901726,0.07139864040099952,-0.049788246030212924,-0.1235049411048873,0.04359840941271542,-0.04865534116115194,-0.07865013124824205,0.07865013124824205,-0.00012554208504189646,1.1587399325139773,-0.3400802652242192,-0.3209226664921033,0.03706545587702248,0.07879520124238922,-0.09044704757406696,0.06795756597512992,0.035718988639746874,0.14019250128427574,0.054229914323893534,-0.014568214189617623,0.14019250128427574,0.1080262820053377,-0.004117651320840743,0.0290301952230978,-0.017567578931992123,-0.0024282955387282534,0.0290301952230978,0.09848964197397382,0.2994165458909448,1.1459604991991863,0.9844271928073844,-0.5779959830395001,-0.5214557932905073,0.014081285613438311,-0.015201929096104405,0.015201929096104405,0.18814014014173797,824611315.40072,0.9591359416257308,0.0873015873015873,0.007936507936507936,0.007936507936507936,0.025829613837040938,0.46148214430976975,0.11687217007365402,0.012383629176325961,0.056530818730667454,1.1834757853528104,-0.07632337255792221,0.09633632886087332,0.04743102238465746,0.044733943295335754,-0.5176635633210049,0.2947537897515062,1.1640886269416655,0.014214231640877864,0.06845366990574342,-0.007265293575229759,0.007265293575229759,0.14757362815105868,0.015873015873015872,0.36507936507936506,790914350.472102,20.488700241073026,0.09523809523809523,0.015873015873015872,0.0,0.02330924222557907,0.05623489755514677,0.12402821970644018,0.3904767975159229,0.13398021695676188,0.3333333333333333,0.0013133756446508937,-0.09044704757406696,0.13398021695676188,0.19971899014353123,0.13398021695676188,0.03620331074641592,0.34311953439768317,0.017182278699052908,-0.007265293575229759,0.007265293575229759,0.10102589522777117,828212305.5117652,0.021973960385283764,0.028762980824783402,0.00447893716756087,-0.06573877318676935,0.03145849076182605,0.10893672691526968,0.2235243905920412,1.0,3.0,1.0,1.0,0.0,63.0,126.0,0.4765378303233546,,,,,,,,0,0,0,0,0,0
latest_month_unlabeled_or_partially_labeled,2026-07-31,BMY,65.30999755859375,0.3568215485561501,0.5803459391481913,1.0128531963865919,1.0521361850962603,0.4655267931676068,0.25170231158765044,0.2121388734840055,-0.11192054080026148,-0.14226155869320323,0.11198438097042485,-0.021916126211148246,0.13296997396474408,0.10320214656873583,-0.12207061872472891,0.7615941383659495,0.0,-0.0,0.002408003865595809,1.017578138005363,-0.4142266309219015,-0.36146704588457557,0.06987731479080228,0.07492789411785897,-0.027577269885088573,0.13253485475713322,0.01852263826629197,0.10021833268374403,0.12741150698618395,0.06987731479080228,0.2121388734840055,0.00931141502392352,0.0251740305999002,0.0900682547592766,-0.05627991728771875,0.05860976399745055,0.0900682547592766,0.3044632650845388,0.2785458327438857,1.1343094159462246,1.0620383067103987,0.2844804033032795,0.47234257675539104,0.013996191940853296,0.0,-0.0,0.2230969729810437,707444609.8675107,0.9647817098439053,0.09523809523809523,0.007936507936507936,0.0,0.02301453760233446,0.7814090895686838,0.056955797788285745,0.05224656146728268,0.13080165739785232,1.2660999183485826,0.007695007407193533,0.08441367224307696,0.15507582674979847,0.08913029308734566,-0.1825529480391277,0.29582634454855433,1.068049437368866,0.014986515072732885,0.12837265089092909,0.0,-0.0,0.2230969729810437,0.0,0.4603174603174603,682529620.3278315,20.341316485294524,0.14285714285714285,0.0,0.0,0.024357176781204595,0.10937737854876106,0.13135506727872714,0.46289624419688014,0.14625538308641306,0.6666666666666666,0.03539576538491115,-0.05627991728771875,0.14625538308641306,0.2119941562731824,0.14625538308641306,0.08051316711142431,0.3159571608539718,0.017102605674714475,0.0,-0.0,0.15185179329454268,665024758.9762007,0.04516064275305398,0.02759367882852864,0.02228967655109515,-0.06573877318676935,0.03145849076182605,0.10893672691526968,0.2235243905920412,1.0,3.0,1.0,1.0,0.0,63.0,126.0,0.4496500521539771,,,,,,,,0,0,0,0,0,0
latest_month_unlabeled_or_partially_labeled,2026-07-31,BNY,156.3300018310547,0.34428101088593044,0.5678054014779716,0.830323373287168,0.8319606252632512,0.4664433965916768,0.36336665462576523,0.3140030477221891,0.014288687750604767,0.009046899424865806,0.12494461791281619,0.043115593051298085,-0.006837912237836585,0.20506632080691944,-0.14594283675807485,1.2865539604253013,-0.03324775097430177,0.03324775097430177,0.05972320005229026,1.123419539915971,-0.6150296638101516,-0.5503314678951597,0.3230499471470549,0.007228293155945983,-0.003946262847049353,0.14283468413458622,-0.01137538275984784,0.3282917354727939,0.3217815767806793,0.3140030477221891,0.3282917354727939,0.1371774528441687,0.06533418087620446,0.16806021096411428,0.037657276802612216,0.13660172020228822,0.16806021096411428,0.7277683492626257,0.24406519849224814,1.1678099918538072,0.9461628302322275,-0.4110231455801523,-0.3607549020506122,0.012286867317239561,-0.03324775097430177,0.03324775097430177,0.37428258483210297,510954754.3711284,1.0929909295746916,0.03968253968253968,0.007936507936507936,0.007936507936507936,0.023518118540071922,0.47252536081640084,-0.015052371876688175,0.07030663771009227,0.06012257358676387,1.2132338076853648,0.037151300374071994,0.05527648557028186,0.1256705244368539,0.08542436906904904,-0.45482975098602063,0.2309254189666159,1.2342590033548224,0.011847473974748191,0.08762439408478273,-0.03324775097430177,0.03324775097430177,0.20269912386415423,0.19047619047619047,0.9047619047619048,558468911.9507078,20.140709513242548,0.015873015873015872,0.015873015873015872,0.0,0.02227577249675678,0.029924078652727726,0.08135151219565695,0.29944525664167226,0.08534841930088266,0.6666666666666666,0.04775837903947494,-0.006837912237836585,0.1371774528441687,0.151087192487652,0.08534841930088266,0.005845739586647136,0.28502177746303015,0.013532747609349475,-0.03324775097430177,0.03324775097430177,0.07046949291772453,599905579.028611,-0.005057973008256278,0.02404426382171547,0.0031828685457606642,-0.06573877318676935,0.03145849076182605,0.10893672691526968,0.2235243905920412,1.0,3.0,1.0,1.0,0.0,63.0,126.0,0.35050587577741465,,,,,,,,0,0,0,0,0,0
latest_month_unlabeled_or_partially_labeled,2026-07-31,BR,153.9499969482422,-0.5887340835438719,-0.3652096929518307,0.9958722602400079,1.0073756493628083,-0.28990714421499375,-0.3016744143294361,-0.2093485303040954,0.16327028923291753,0.047812628386091904,-0.2145170551367045,0.22109711504304486,-0.05702406160915441,-0.31828525721936507,0.21592859021043576,-0.630187037982986,-0.4113045784809598,0.4113045784809598,-0.03818681939996571,1.260547601369332,-0.6535313506907152,-0.6512515662225913,-0.1615359019180035,0.08393817787277301,-0.121034728232298,0.005156043058334614,0.18641082130319353,-0.04607824107117786,-0.1389875577644256,-0.2093485303040954,-0.04607824107117786,-0.05231407125471765,-0.007030249854143467,0.006580059906340363,-0.0016885634520242832,-0.02487843085548569,0.006580059906340363,0.021084207994395022,0.3322006288389376,1.0399026731194434,0.939446614057465,-0.3641245241979336,-0.2851914586300641,0.01633481544345425,-0.21425173652079044,0.21425173652079044,0.13666563919949493,242683718.6178056,0.8663458001213838,0.16666666666666666,0.0,0.015873015873015872,0.03077152536061842,0.49195414387883885,0.1207299092172871,0.0055725636650378885,0.04856470879509622,1.0534847789000736,-0.1030574668901506,0.08860180428145789,0.00828260906932643,0.050447455293257226,-0.41483705510727464,0.31208475595050056,1.1069310991798769,0.01568051788439279,0.09725638799152714,-0.03297738756682789,0.03297738756682789,0.13666563919949493,0.031746031746031744,0.36507936507936506,210248020.38237557,19.163798445987677,0.14285714285714285,0.0,0.0,0.029385587108374543,0.055485833719855604,0.13289990419617048,0.35933022526758845,0.12413289798337734,0.16666666666666666,-0.0351643322424946,-0.121034728232298,0.12413289798337734,0.1898716711701467,0.12413289798337734,0.028390093174630593,0.3454563219415712,0.017467682845095072,-0.03297738756682789,0.03297738756682789,0.0694685669468651,141622521.05930874,0.01862572822391506,0.0342133519568015,-0.0117219661622322,-0.06573877318676935,0.03145849076182605,0.10893672691526968,0.2235243905920412,1.0,3.0,1.0,1.0,0.0,63.0,126.0,0.33018059872053657,,,,,,,,0,0,0,0,0,0
latest_month_unlabeled_or_partially_labeled,2026-07-31,BRK-B,511.5400085449219,-0.13947759214386668,0.08404679844817453,0.9846653355856335,0.991853853934087,0.07119822295853062,0.017686292164301287,0.06453293206334787,0.0029545377072466295,-0.051482142522642604,-0.01442156097098135,0.09453136239086068,0.0508189155510983,-0.04440379485192181,0.015576869356531464,0.4108315749658469,-0.004417954155150561,0.004417954155150561,0.0004364847489821688,1.1805926512311697,-0.22995322255494877,-0.16826492812980776,0.013050789540705265,0.030611796327114492,-0.05099514680166484,0.05473667268806959,0.06626175886470487,0.0674874697705945,0.048357063791549214,0.013050789540705265,0.0674874697705945,-0.011686156011816329,0.019561376147847698,0.08010980141987933,0.0018581183941541735,0.04865131065805328,0.08010980141987933,0.5556695101590766,0.15707880308058747,1.017834059589602,0.9178072930320268,-0.3343371965146773,-0.31950449406518366,0.0071221745709636256,-0.001619896910777907,0.001619896910777907,0.09914055705531455,2378043766.258482,1.0158445224080601,0.015873015873015872,0.0,0.0,0.014087912254033389,0.6953960178750807,-0.001619896910777907,0.021678189281473692,0.041032834183650335,1.0426481936170349,0.05460715533252669,0.040139582618122706,0.07810655180511206,0.01479847681191404,-0.33492607284529385,0.14416807104810478,1.1089844974178964,0.0070066901314512235,0.011407692078010179,-0.001619896910777907,0.001619896910777907,0.09885723624619347,0.047619047619047616,0.9523809523809523,2415722734.0003123,21.605264348430136,0.015873015873015872,0.0,0.0,0.013975200249138344,0.02946268574144062,0.02309271990305284,0.13937068420618487,0.02228260670692661,0.6666666666666666,0.0111475821952041,-0.05099514680166484,0.05460715533252669,0.08802137989369596,0.02228260670692661,0.028133291590488163,0.15988015581499004,0.00696456982841877,-0.001619896910777907,0.001619896910777907,0.0474864383159046,2038948738.4306407,0.023899136398962906,0.013494259909709271,0.006996275527305862,-0.06573877318676935,0.03145849076182605,0.10893672691526968,0.2235243905920412,1.0,3.0,1.0,1.0,0.0,63.0,126.0,0.35342525249288886,,,,,,,,0,0,0,0,0,0
latest_month_unlabeled_or_partially_labeled,2026-07-31,BRO,70.4000015258789,-0.44614436762818765,-0.22261997703614644,1.0938722918840005,1.1161687102858526,-0.11064980080994513,-0.11206212920470426,-0.01846535865146315,0.10121924607659705,0.0015672427615002205,-0.16382471854512615,0.3376631028139724,-0.001594181423951735,-0.12740208556673283,0.19230374292030938,-0.05306077716727899,-0.26852207033484166,0.26852207033484166,-0.004007034421073197,0.9346435422620679,-0.5306272683695131,-0.4490322710830146,-0.016898115889962928,0.05799182958385927,-0.09203569201868811,0.10733077933336244,0.12778803722190957,0.0827538874251339,0.015796804294569273,-0.01846535865146315,0.0827538874251339,-0.07759543227106724,0.06442418850391918,0.17383838426884624,-0.0620964817614289,0.14237989350702018,0.17383838426884624,0.46224814614974596,0.3480039237504834,1.2351286479615007,1.0806532354267462,0.09589095850987284,0.202661314359726,0.0169876323266971,-0.05970350015657222,0.05970350015657222,0.29459360322000294,214045296.9770583,0.9250141466031194,0.16666666666666666,0.023809523809523808,0.015873015873015872,0.030048045238456514,0.7385415216913069,0.007184651411100917,0.1292179354322316,0.11049768936877369,1.3509588314106498,0.14044447157118056,0.09753310039868299,0.2515555826822917,0.14265469835086164,-0.08126130956370214,0.3760715661421626,1.1429463286377453,0.01865350089468836,0.120755938296228,-0.05970350015657222,0.05970350015657222,0.29459360322000294,0.031746031746031744,0.8571428571428571,197994927.71764484,19.103751975793656,0.19047619047619047,0.047619047619047616,0.015873015873015872,0.03145613187607664,0.05132686726305136,0.12158367871347076,0.2266663288116704,0.09742790103408927,0.3333333333333333,0.0007584308550223073,-0.09203569201868811,0.14044447157118056,0.16316667422085862,0.09742790103408927,0.02115563257035835,0.4298296158272317,0.02144404909286603,-0.05970350015657222,0.05970350015657222,0.07661725314258949,199017434.44864184,0.01461390899983872,0.03962051472929049,-0.02083506564666371,-0.06573877318676935,0.03145849076182605,0.10893672691526968,0.2235243905920412,1.0,3.0,1.0,1.0,0.0,63.0,126.0,0.428419645495356,,,,,,,,0,0,0,0,0,0
latest_month_unlabeled_or_partially_labeled,2026-07-31,BSX,46.72999954223633,-0.778137425687693,-0.5546130350956517,0.8633054587366598,0.8805275167378724,-0.5360405185079473,-0.5099108517036914,-0.500374209856398,0.24507539778048293,0.1084418802542374,-0.3840478845050119,0.19519176659411785,-0.17833850660616013,-0.6093109367716677,0.31151809194550395,-1.0887244903840163,-0.5678749786759338,0.5678749786759338,-0.10325364231426692,1.8158682737748153,-0.13927146765917064,-0.30182531685220115,-0.3919323296021606,0.12280764776805171,-0.1834742843732028,-0.14221783338302252,0.19280524915521902,-0.2552988120759151,-0.3825351171781579,-0.500374209856398,-0.2552988120759151,-0.08191234087089139,-0.10173287020353527,-0.18885611791089407,-0.16143029228486927,-0.22031460867272012,-0.18885611791089407,-0.47710409729233766,0.4595967246772463,0.6942743615301362,0.8612733057388147,-0.5653097353367437,-0.5240610186625233,0.01837306132928491,-0.500374209856398,0.500374209856398,0.09617636339182867,1120713573.2161083,0.8962137190675796,0.11904761904761904,0.015873015873015872,0.03968253968253968,0.03024959466355532,0.6517693018713266,0.1590390099699006,-0.08044969956708259,0.002535830319023269,0.9575792872891092,-0.11653903763347595,0.10520694421298062,-0.032705480979932644,-0.032123575303451,-0.4334899401431188,0.3958383903695038,0.8061022638273644,0.01630512735101189,0.013159083975512242,-0.1912426353497929,0.1912426353497929,0.09617636339182867,0.746031746031746,0.20634920634920634,1004398879.4615246,20.727655070612997,0.1111111111111111,0.015873015873015872,0.015873015873015872,0.030808079886144115,0.05089165749380409,0.05830461078678262,0.2973873389372028,0.09489220262656395,0.16666666666666666,-0.10446704319033927,-0.1834742843732028,0.09489220262656395,0.1606309758133333,0.09489220262656395,0.048298434042263416,0.319086222586637,0.014986191860654821,0.0,-0.0,0.09617636339182867,865998743.0469149,0.042847563123130206,0.03810645404311323,0.014370051039337639,-0.06573877318676935,0.03145849076182605,0.10893672691526968,0.2235243905920412,1.0,3.0,1.0,1.0,0.0,63.0,126.0,0.6528211207587069,,,,,,,,0,0,0,0,0,0
latest_month_unlabeled_or_partially_labeled,2026-07-31,BX,127.75,-0.45808679498918514,-0.23456240439714393,1.025747835560163,1.0508718087817153,-0.10263330206782184,-0.15380668153428578,-0.08417178998603869,0.20543206781865175,0.22145429409231066,-0.10799357055916425,0.1346994100989739,-0.19472232562510006,-0.19310851690130837,0.11087762952584834,-0.20638777790119983,-0.3025766072692532,0.3025766072692532,0.008992549607931943,1.1881339602835654,-0.4642169096720522,-0.4499083724336107,0.13728250410627196,0.12349159930600885,0.014289479963233598,0.07186263912637192,0.06206381569122288,0.12126027783261306,0.05812366398428211,-0.08417178998603869,0.13728250410627196,0.09209496493677749,0.013288488411799415,0.02670583953980965,-0.05993124615049261,-0.004752651222016402,0.02670583953980965,0.07267289719384361,0.4078332100960585,0.7932236492780623,0.9010547351787531,-0.33573541785413785,-0.27883231333703273,0.019927882054229438,-0.08417178998603869,0.08417178998603869,0.26257064539958597,844458918.977247,0.7346677220516264,0.20634920634920634,0.023809523809523808,0.047619047619047616,0.03600081228596505,0.6028376364524618,0.04186259886647381,0.0421794303295604,0.05189398074360563,1.0272692119499276,0.005984414302274255,0.10680252432227226,0.09216037160636414,0.05646377643235034,-0.28913277112399904,0.36748004512020477,0.8803279293801181,0.018297774753361074,0.07583417574028695,-0.045929754867941375,0.045929754867941375,0.1584149566021107,0.047619047619047616,0.6349206349206349,620396710.371193,20.24586968843248,0.1111111111111111,0.031746031746031744,0.015873015873015872,0.03213263583725771,0.03607122666280649,0.1204098488495069,0.2647991719713352,0.08566331255127801,0.6666666666666666,-0.009436900003671552,-0.19472232562510006,0.09209496493677749,0.15140208573804737,0.08566331255127801,0.016106578742383082,0.3235029472091822,0.017349668247380934,-0.045929754867941375,0.045929754867941375,0.07696844581030016,603198236.5588961,0.000548243222563416,0.035046115413470635,-0.01990118639355809,-0.06573877318676935,0.03145849076182605,0.10893672691526968,0.2235243905920412,1.0,3.0,1.0,1.0,0.0,63.0,126.0,0.6505530457566598,,,,,,,,0,0,0,0,0,0
latest_month_unlabeled_or_partially_labeled,2026-07-31,BXP,70.12000274658203,-0.10410847949326696,0.11941591109877425,1.1244000263668954,1.1583311327581063,0.01928822149642051,0.06446135060388358,0.11071372613094344,0.2545955247067797,0.13676542988360874,-0.0836475711394008,0.2957507872699182,-0.10963343894301769,0.001776999215673758,0.10138948999957398,0.3595913325566047,-0.07204648223980958,0.07204648223980958,0.03916087324364681,0.5015782754718643,-0.03157172271791353,0.17383502948535345,0.24747915601455217,0.1274150666509566,-0.08630286123885356,0.16673718806076465,0.06441473680312593,0.36530925083772314,0.2411673776610729,0.11071372613094344,0.36530925083772314,0.12639685520866473,0.07472375583820523,0.2121032161305174,0.02651382519505119,0.18064472536869136,0.2121032161305174,0.7823803879044354,0.3078876382914918,0.9619185700946274,0.8805155825788423,0.8322844870642294,0.9375629316218015,0.015165272433944646,-0.03905712520822169,0.03905712520822169,0.39665273600601525,122793103.50998168,0.7884446777889121,0.09523809523809523,0.0,0.015873015873015872,0.02871768336646774,0.3853288098564181,-0.033261345705219436,0.0797673540321644,0.07106661807795112,1.3122347938498884,0.11663667602059635,0.10018896001528071,0.1807958026285732,0.06863749542470865,0.13637583892617444,0.27109986319905677,1.0924492298902573,0.013451758102928053,0.06859407042571042,-0.03905712520822169,0.03905712520822169,0.2133484890190589,0.031746031746031744,0.8571428571428571,96815568.93162803,18.388318385713525,0.07936507936507936,0.0,0.0,0.025048932400913198,0.03389935124006804,0.06566528191606946,0.19400637181173583,0.05745747742822083,0.6666666666666666,0.021844755611776973,-0.10963343894301769,0.12639685520866473,0.12319625061499018,0.05745747742822083,0.01786197751454144,0.29616283677516364,0.015093298600009498,-0.03905712520822169,0.03905712520822169,0.05001503486580816,103891916.70386904,0.009647267769359757,0.031303505257752176,-0.009408602179511005,-0.06573877318676935,0.03145849076182605,0.10893672691526968,0.2235243905920412,1.0,3.0,1.0,1.0,0.0,63.0,126.0,0.19487858625342205,,,,,,,,0,0,0,0,0,0
latest_month_unlabeled_or_partially_labeled,2026-07-31,C,132.4499969482422,0.22207640959554853,0.44560080018758974,0.9210840936296534,0.9325196766371209,0.3293270355420397,0.14637232840323366,0.15608148095219287,0.01732939446419235,0.05161912008464742,0.11180613162857811,-0.07198322719940387,-0.042741653055675455,0.0471447540369232,-0.11625857652301863,0.4735595668477044,-0.09075308153275885,0.09075308153275885,0.03674686786038284,1.1516544306479837,-0.2080938677572829,-0.1765578655361042,0.2077006010368403,0.026269839340756426,0.029222266759959314,0.037174115700426835,-0.0526471251199544,0.17341087541638522,0.17906431913513945,0.15608148095219287,0.2077006010368403,0.12847184882943719,0.02605689711757675,0.039822904429174244,-0.01159903155426767,0.008364413667348192,0.039822904429174244,0.13563261178195196,0.3295920764333081,1.0918305529052592,0.8908242775305889,-0.5657953035002216,-0.5890939699375566,0.015405157742881342,-0.09075308153275885,0.09075308153275885,0.26138894798456613,1657286887.5373962,1.0177177567976463,0.1349206349206349,0.023809523809523808,0.023809523809523808,0.027432981774453528,0.5308492076506256,-0.05155495201499927,0.015936953282356336,-0.01996042656794117,1.193246532123713,0.1116759731341086,0.07788577102420474,0.05202538000777479,-0.03717090212676544,-0.4125790292426037,0.29360862336850835,1.225640769391546,0.014074625664077927,-0.08042560819484634,-0.09075308153275885,0.09075308153275885,0.10402596983040957,0.4444444444444444,0.7936507936507936,1686650293.5547118,21.24601032474482,0.1111111111111111,0.0,0.015873015873015872,0.02571481332822394,-0.034210397616742716,-0.07309817563121579,-0.14910923480936356,-0.05365825525414836,0.5,0.026895191476568936,-0.05365825525414836,0.12847184882943719,0.012080517932620993,-0.05365825525414836,-0.014387963116216818,0.35985869904537127,0.016491771666695847,-0.0793132463068289,0.0793132463068289,0.04184692684464908,1698851206.215486,0.006956289697785056,0.031823323214733586,0.00727025693456862,-0.06573877318676935,0.03145849076182605,0.10893672691526968,0.2235243905920412,1.0,3.0,1.0,1.0,0.0,63.0,126.0,0.6468463753875948,,,,,,,,0,0,0,0,0,0
latest_month_unlabeled_or_partially_labeled,2026-07-31,CAH,230.02999877929688,0.27384891680777246,0.49737330739981367,0.9779172336376174,0.993459108326859,0.21437134894034826,0.12732668579139883,0.07543540869124521,0.018169158330024082,-0.0673232306073066,-0.10020682978443074,0.2954097322843421,0.06678148728970235,-0.03350131822402447,0.11976749380866614,0.2547440519731882,-0.040382160374827336,0.040382160374827336,0.007888801052234218,0.9031077095234479,-0.6174100656069745,-0.5427273999462053,0.008112178083938604,0.04503976809449972,-0.0781748645858279,0.07931099929154328,0.11853748268474584,0.09360456702126929,0.05905071793215103,0.008112178083938604,0.09360456702126929,-0.08500509433681669,0.07252767508224522,0.19520290249991135,0.020323508991862305,0.1637444117380853,0.19520290249991135,0.7941277497515355,0.2961223553874568,0.7567827249288408,0.830089085774711,0.04259659227261814,0.01174677217554243,0.013416860811199671,-0.040382160374827336,0.040382160374827336,0.2631821061590247,445890666.5223258,1.149066708211217,0.07142857142857142,0.007936507936507936,0.007936507936507936,0.024007435973673694,0.7077077620611951,-0.03886902832066541,0.07839012289550706,0.038843889907377305,0.9778944022026244,0.20711381276773633,0.10978735892837035,0.17139602485572447,0.03640411446255842,-0.20249040094231396,0.24580793526102807,0.9116885619843389,0.012254430849408103,-0.01595504744862064,-0.040382160374827336,0.040382160374827336,0.2631821061590247,0.2857142857142857,0.8888888888888888,512358120.4029144,20.054534394363603,0.06349206349206349,0.0,0.0,0.023448617997643847,-0.0043263466312095655,-0.02879096610001497,-0.13203647751054476,-0.02958941197940257,0.5,0.01690823969120897,-0.08500509433681669,0.20711381276773633,0.03614936120736678,-0.02958941197940257,-0.0010357549511313957,0.22410028302246615,0.012147357331605055,-0.040382160374827336,0.040382160374827336,0.04303076894017832,526331101.0176886,0.01091203223256687,0.02206854771817891,0.0018030033291480674,-0.06573877318676935,0.03145849076182605,0.10893672691526968,0.2235243905920412,1.0,3.0,1.0,1.0,0.0,63.0,126.0,0.40679390101068347,,,,,,,,0,0,0,0,0,0
